date,province,amphoe,tambon,pm25_avg,temperature_avg
2026-01-01,น่าน,เฉลิมพระเกียรติ,ห้วยโก๋น,15.0,17.125833333333333
2026-01-01,พะเยา,จุน,ห้วยข้าวก่ำ,2.1149999999999998,21.75708333333333
2026-01-01,พะเยา,เชียงม่วน,เชียงม่วน,31.864166666666666,21.542083333333334
2026-01-01,ลำปาง,แม่เมาะ,แม่เมาะ,36.24375,22.439166666666665
2026-01-01,ลำพูน,ลี้,ลี้,33.7734375,22.501875
2026-01-01,เชียงราย,ป่าแดด,ป่าแดด,40.08380952380952,22.747142857142858
2026-01-01,เชียงราย,เทิง,เวียง,15.93,21.185624999999998
2026-01-01,เชียงราย,เมือง,รอบเวียง,65.18583333333333,20.96291666666667
2026-01-01,เชียงราย,แม่สาย,เวียงพางคำ,36.516666666666666,20.89625
2026-01-01,เชียงใหม่,ดอยเต่า,ดอยเต่า,27.12875,21.02625
2026-01-01,เชียงใหม่,ฝาง,เวียง,52.239583333333336,20.050833333333333
2026-01-01,เชียงใหม่,ฮอด,หางดง,41.9425,19.93775
2026-01-01,เชียงใหม่,เชียงดาว,เชียงดาว,31.25305555555555,20.40458333333333
2026-01-01,เชียงใหม่,แม่วาง,บ้านกาด,31.215,22.148750000000003
2026-01-01,แพร่,วังชิ้น,วังชิ้น,33.32833333333333,23.040833333333335
2026-01-01,แพร่,เด่นชัย,เด่นชัย,25.404545454545456,18.765757575757576
2026-01-01,แม่ฮ่องสอน,ขุนยวม,ขุนยวม,15.637916666666667,19.793333333333333
2026-01-01,แม่ฮ่องสอน,ปาย,เวียงเหนือ,40.18125,17.924166666666668
2026-01-01,แม่ฮ่องสอน,ปาย,เวียงใต้,31.460416666666667,19.634583333333335
2026-01-02,น่าน,เฉลิมพระเกียรติ,ห้วยโก๋น,15.0,17.329166666666666
2026-01-02,พะเยา,จุน,ห้วยข้าวก่ำ,1.7270833333333335,21.090416666666666
2026-01-02,พะเยา,เชียงม่วน,เชียงม่วน,30.10625,21.309583333333332
2026-01-02,ลำปาง,แม่เมาะ,แม่เมาะ,32.59020833333333,22.175833333333333
2026-01-02,ลำพูน,ลี้,ลี้,35.2040625,21.9584375
2026-01-02,เชียงราย,ป่าแดด,ป่าแดด,35.60090909090909,22.43318181818182
2026-01-02,เชียงราย,เทิง,เวียง,11.928333333333333,21.242291666666667
2026-01-02,เชียงราย,เมือง,รอบเวียง,43.64208333333334,21.013125
2026-01-02,เชียงราย,แม่สาย,เวียงพางคำ,41.60791666666667,20.94666666666667
2026-01-02,เชียงใหม่,ดอยเต่า,ดอยเต่า,23.925,20.2625
2026-01-02,เชียงใหม่,ฝาง,เวียง,41.64208333333333,20.771666666666665
2026-01-02,เชียงใหม่,ฮอด,หางดง,35.696666666666665,21.83583333333333
2026-01-02,เชียงใหม่,เชียงดาว,เชียงดาว,25.174166666666665,20.41375
2026-01-02,เชียงใหม่,แม่วาง,บ้านกาด,32.415,22.249375
2026-01-02,เชียงใหม่,แม่แจ่ม,ช่างเคิ่ง,60.917500000000004,17.16
2026-01-02,แพร่,วังชิ้น,วังชิ้น,32.496249999999996,22.939166666666665
2026-01-02,แพร่,เด่นชัย,เด่นชัย,21.56222222222222,21.93722222222222
2026-01-02,แม่ฮ่องสอน,ขุนยวม,ขุนยวม,17.070416666666667,20.217916666666667
2026-01-02,แม่ฮ่องสอน,ปาย,เวียงเหนือ,39.66916666666666,18.789583333333333
2026-01-02,แม่ฮ่องสอน,ปาย,เวียงใต้,31.960138888888892,20.4225
2026-01-03,น่าน,เฉลิมพระเกียรติ,ห้วยโก๋น,15.0,16.887916666666666
2026-01-03,พะเยา,จุน,ห้วยข้าวก่ำ,1.5905882352941176,18.921176470588236
2026-01-03,พะเยา,เชียงม่วน,เชียงม่วน,23.872083333333336,20.98
2026-01-03,ลำปาง,แม่เมาะ,แม่เมาะ,24.198333333333334,22.006249999999998
2026-01-03,ลำพูน,ลี้,ลี้,29.8875,21.5378125
2026-01-03,เชียงราย,ป่าแดด,ป่าแดด,30.356842105263155,21.243157894736843
2026-01-03,เชียงราย,เทิง,เวียง,6.510833333333333,21.265833333333333
2026-01-03,เชียงราย,เมือง,รอบเวียง,38.406666666666666,20.560624999999998
2026-01-03,เชียงราย,แม่สาย,เวียงพางคำ,41.25791666666667,20.507916666666667
2026-01-03,เชียงใหม่,ดอยเต่า,ดอยเต่า,20.955416666666668,20.044999999999998
2026-01-03,เชียงใหม่,ฝาง,เวียง,38.43541666666667,20.002083333333335
2026-01-03,เชียงใหม่,ฮอด,หางดง,32.592083333333335,21.38291666666667
2026-01-03,เชียงใหม่,เชียงดาว,เชียงดาว,24.44763888888889,20.0425
2026-01-03,เชียงใหม่,แม่วาง,บ้านกาด,26.03625,21.903333333333332
2026-01-03,เชียงใหม่,แม่แจ่ม,ช่างเคิ่ง,49.338750000000005,18.901666666666667
2026-01-03,แพร่,วังชิ้น,วังชิ้น,25.74625,22.173333333333332
2026-01-03,แพร่,เด่นชัย,เด่นชัย,18.366666666666667,20.648333333333333
2026-01-03,แม่ฮ่องสอน,ขุนยวม,ขุนยวม,24.18521739130435,20.711304347826086
2026-01-03,แม่ฮ่องสอน,ปาย,เวียงเหนือ,46.82375,19.370833333333334
2026-01-03,แม่ฮ่องสอน,ปาย,เวียงใต้,45.73527777777778,20.00375
2026-01-04,น่าน,เฉลิมพระเกียรติ,ห้วยโก๋น,14.4275,16.905416666666667
2026-01-04,พะเยา,จุน,ห้วยข้าวก่ำ,2.755,19.059
2026-01-04,พะเยา,เชียงม่วน,เชียงม่วน,21.839583333333334,21.457083333333333
2026-01-04,ลำปาง,แม่เมาะ,แม่เมาะ,24.043541666666666,21.349999999999998
2026-01-04,ลำพูน,ลี้,ลี้,21.779062500000002,21.82625
2026-01-04,เชียงราย,ป่าแดด,ป่าแดด,23.302083333333332,22.435000000000002
2026-01-04,เชียงราย,เทิง,เวียง,4.041666666666667,21.610833333333332
2026-01-04,เชียงราย,เมือง,รอบเวียง,32.57541666666666,21.010625
2026-01-04,เชียงราย,แม่สาย,เวียงพางคำ,36.4,20.927916666666665
2026-01-04,เชียงใหม่,ดอยเต่า,ดอยเต่า,14.590833333333334,20.1925
2026-01-04,เชียงใหม่,ฝาง,เวียง,31.15041666666667,20.142083333333336
2026-01-04,เชียงใหม่,ฮอด,หางดง,22.340444444444444,21.471777777777778
2026-01-04,เชียงใหม่,เชียงดาว,เชียงดาว,20.19152777777778,20.1925
2026-01-04,เชียงใหม่,แม่วาง,บ้านกาด,21.072916666666668,21.700208333333332
2026-01-04,เชียงใหม่,แม่แจ่ม,ช่างเคิ่ง,29.89575,19.9985
2026-01-04,แพร่,วังชิ้น,วังชิ้น,20.557916666666667,22.109166666666667
2026-01-04,แพร่,เด่นชัย,เด่นชัย,15.256,20.613999999999997
2026-01-04,แม่ฮ่องสอน,ขุนยวม,ขุนยวม,19.709999999999997,20.7925
2026-01-04,แม่ฮ่องสอน,ปาย,เวียงเหนือ,38.587916666666665,19.660833333333333
2026-01-04,แม่ฮ่องสอน,ปาย,เวียงใต้,30.39680555555556,19.855416666666667
2026-01-05,น่าน,เฉลิมพระเกียรติ,ห้วยโก๋น,21.680833333333336,16.774166666666666
2026-01-05,พะเยา,จุน,ห้วยข้าวก่ำ,1.8678571428571427,18.754285714285714
2026-01-05,พะเยา,เชียงม่วน,เชียงม่วน,17.127083333333335,21.205416666666668
2026-01-05,ลำปาง,แม่เมาะ,แม่เมาะ,19.0355,21.26025
2026-01-05,ลำพูน,ลี้,ลี้,22.8409375,21.7828125
2026-01-05,เชียงราย,ป่าแดด,ป่าแดด,19.344545454545454,22.518636363636364
2026-01-05,เชียงราย,เทิง,เวียง,4.402916666666667,21.615
2026-01-05,เชียงราย,เมือง,รอบเวียง,33.324999999999996,20.909375
2026-01-05,เชียงราย,แม่สาย,เวียงพางคำ,33.45666666666667,20.87375
2026-01-05,เชียงใหม่,ดอยเต่า,ดอยเต่า,14.018333333333333,19.988333333333333
2026-01-05,เชียงใหม่,ฝาง,เวียง,29.5775,20.1525
2026-01-05,เชียงใหม่,ฮอด,หางดง,18.412499999999998,21.230625
2026-01-05,เชียงใหม่,เชียงดาว,เชียงดาว,15.50728813559322,19.33135593220339
2026-01-05,เชียงใหม่,แม่วาง,บ้านกาด,15.71375,21.659166666666668
2026-01-05,เชียงใหม่,แม่แจ่ม,ช่างเคิ่ง,26.613958333333333,18.8175
2026-01-05,แพร่,วังชิ้น,วังชิ้น,22.984166666666667,22.34875
2026-01-05,แพร่,เด่นชัย,เด่นชัย,12.158888888888889,22.906111111111112
2026-01-05,แม่ฮ่องสอน,ขุนยวม,ขุนยวม,15.815,20.37333333333333
2026-01-05,แม่ฮ่องสอน,ปาย,เวียงเหนือ,33.1025,19.068749999999998
2026-01-05,แม่ฮ่องสอน,ปาย,เวียงใต้,26.878611111111113,20.287083333333335
2026-01-06,น่าน,เฉลิมพระเกียรติ,ห้วยโก๋น,23.0,15.909999999999998
2026-01-06,พะเยา,จุน,ห้วยข้าวก่ำ,1.953157894736842,17.79736842105263
2026-01-06,พะเยา,เชียงม่วน,เชียงม่วน,21.01625,20.38083333333333
2026-01-06,ลำปาง,แม่เมาะ,แม่เมาะ,20.688684210526315,22.095
2026-01-06,ลำพูน,ลี้,ลี้,25.909166666666668,21.375
2026-01-06,เชียงราย,ป่าแดด,ป่าแดด,24.933809523809526,21.946666666666665
2026-01-06,เชียงราย,เทิง,เวียง,4.645416666666667,20.46625
2026-01-06,เชียงราย,เมือง,รอบเวียง,30.5925,19.835416666666667
2026-01-06,เชียงราย,แม่สาย,เวียงพางคำ,30.18166666666667,20.069583333333334
2026-01-06,เชียงใหม่,ดอยเต่า,ดอยเต่า,14.247916666666667,19.836666666666666
2026-01-06,เชียงใหม่,ฝาง,เวียง,28.288749999999997,19.625833333333333
2026-01-06,เชียงใหม่,ฮอด,หางดง,18.5675,21.301666666666666
2026-01-06,เชียงใหม่,เชียงดาว,เชียงดาว,9.571041666666668,19.4875
2026-01-06,เชียงใหม่,แม่วาง,บ้านกาด,15.496250000000002,21.011666666666667
2026-01-06,เชียงใหม่,แม่แจ่ม,ช่างเคิ่ง,26.894583333333333,17.92625
2026-01-06,แพร่,วังชิ้น,วังชิ้น,22.999166666666667,22.145416666666666
2026-01-06,แพร่,เด่นชัย,เด่นชัย,13.346666666666668,18.962777777777777
2026-01-06,แม่ฮ่องสอน,ขุนยวม,ขุนยวม,16.975652173913044,20.29304347826087
2026-01-06,แม่ฮ่องสอน,ปาย,เวียงเหนือ,31.350416666666664,18.43166666666667
2026-01-06,แม่ฮ่องสอน,ปาย,เวียงใต้,25.006944444444443,19.665000000000003
2026-01-07,น่าน,เฉลิมพระเกียรติ,ห้วยโก๋น,23.0,16.01125
2026-01-07,พะเยา,จุน,ห้วยข้าวก่ำ,2.323571428571429,16.736428571428572
2026-01-07,พะเยา,เชียงม่วน,เชียงม่วน,25.932083333333335,19.457083333333333
2026-01-07,ลำปาง,แม่เมาะ,แม่เมาะ,19.09208333333333,20.75375
2026-01-07,ลำพูน,ลี้,ลี้,24.174666666666667,20.567999999999998
2026-01-07,เชียงราย,ป่าแดด,ป่าแดด,25.479130434782608,20.749565217391304
2026-01-07,เชียงราย,เทิง,เวียง,6.138749999999999,20.330625
2026-01-07,เชียงราย,เมือง,รอบเวียง,33.24041666666667,19.17833333333333
2026-01-07,เชียงราย,แม่สาย,เวียงพางคำ,28.911666666666665,19.345833333333335
2026-01-07,เชียงใหม่,ดอยเต่า,ดอยเต่า,16.14,18.865416666666665
2026-01-07,เชียงใหม่,ฝาง,เวียง,29.479166666666668,19.294999999999998
2026-01-07,เชียงใหม่,ฮอด,หางดง,19.876875000000002,21.018333333333334
2026-01-07,เชียงใหม่,เชียงดาว,เชียงดาว,9.882083333333332,19.239583333333332
2026-01-07,เชียงใหม่,แม่วาง,บ้านกาด,19.117916666666666,21.132291666666667
2026-01-07,เชียงใหม่,แม่แจ่ม,ช่างเคิ่ง,32.15270833333333,18.134583333333335
2026-01-07,แพร่,วังชิ้น,วังชิ้น,24.750416666666666,21.59166666666667
2026-01-07,แพร่,เด่นชัย,เด่นชัย,16.907826086956522,18.04826086956522
2026-01-07,แม่ฮ่องสอน,ขุนยวม,ขุนยวม,18.75375,19.93916666666667
2026-01-07,แม่ฮ่องสอน,ปาย,เวียงเหนือ,36.156666666666666,18.394583333333333
2026-01-07,แม่ฮ่องสอน,ปาย,เวียงใต้,26.695555555555554,19.598750000000003
2026-01-08,น่าน,เฉลิมพระเกียรติ,ห้วยโก๋น,18.690833333333334,14.5725
2026-01-08,พะเยา,จุน,ห้วยข้าวก่ำ,1.815,15.935
2026-01-08,พะเยา,เชียงม่วน,เชียงม่วน,24.875,19.395416666666666
2026-01-08,ลำปาง,แม่เมาะ,แม่เมาะ,20.663958333333333,19.543333333333333
2026-01-08,ลำพูน,ลี้,ลี้,26.368648648648648,18.17108108108108
2026-01-08,เชียงราย,ป่าแดด,ป่าแดด,21.727083333333336,20.297916666666666
2026-01-08,เชียงราย,เทิง,เวียง,4.3625,19.70625
2026-01-08,เชียงราย,เมือง,รอบเวียง,29.280416666666667,18.738333333333333
2026-01-08,เชียงราย,แม่สาย,เวียงพางคำ,30.192916666666665,18.978333333333335
2026-01-08,เชียงใหม่,ดอยเต่า,ดอยเต่า,15.450416666666667,18.121666666666666
2026-01-08,เชียงใหม่,ฝาง,เวียง,27.662499999999998,18.885416666666668
2026-01-08,เชียงใหม่,ฮอด,หางดง,23.246041666666667,19.715208333333333
2026-01-08,เชียงใหม่,เชียงดาว,เชียงดาว,9.31375,19.621666666666666
2026-01-08,เชียงใหม่,แม่วาง,บ้านกาด,18.021666666666665,20.366875
2026-01-08,เชียงใหม่,แม่แจ่ม,ช่างเคิ่ง,26.938541666666666,17.875
2026-01-08,แพร่,วังชิ้น,วังชิ้น,26.258333333333336,20.43
2026-01-08,แพร่,เด่นชัย,เด่นชัย,15.671304347826087,17.524782608695652
2026-01-08,แม่ฮ่องสอน,ขุนยวม,ขุนยวม,17.367916666666666,19.942083333333333
2026-01-08,แม่ฮ่องสอน,ปาย,เวียงเหนือ,36.35125,17.825
2026-01-08,แม่ฮ่องสอน,ปาย,เวียงใต้,26.619722222222222,19.415416666666665
2026-01-09,น่าน,เฉลิมพระเกียรติ,ห้วยโก๋น,20.059166666666666,14.09875
2026-01-09,พะเยา,จุน,ห้วยข้าวก่ำ,1.6744444444444444,15.764444444444443
2026-01-09,พะเยา,เชียงม่วน,เชียงม่วน,29.441666666666666,18.612916666666667
2026-01-09,ลำปาง,แม่เมาะ,แม่เมาะ,27.495416666666667,19.08875
2026-01-09,ลำพูน,ลี้,ลี้,26.91361111111111,17.980277777777776
2026-01-09,เชียงราย,ป่าแดด,ป่าแดด,26.045833333333334,19.668333333333333
2026-01-09,เชียงราย,เทิง,เวียง,5.19,18.889166666666664
2026-01-09,เชียงราย,เมือง,รอบเวียง,31.71875,18.0425
2026-01-09,เชียงราย,แม่สาย,เวียงพางคำ,31.90125,18.237916666666667
2026-01-09,เชียงใหม่,ดอยเต่า,ดอยเต่า,17.47458333333333,17.2475
2026-01-09,เชียงใหม่,ฝาง,เวียง,28.514166666666668,17.776666666666667
2026-01-09,เชียงใหม่,ฮอด,หางดง,23.851249999999997,19.026875
2026-01-09,เชียงใหม่,เชียงดาว,เชียงดาว,9.87375,18.568749999999998
2026-01-09,เชียงใหม่,แม่วาง,บ้านกาด,16.152916666666666,19.433333333333334
2026-01-09,เชียงใหม่,แม่แจ่ม,ช่างเคิ่ง,25.845208333333332,16.79625
2026-01-09,แพร่,วังชิ้น,วังชิ้น,28.784583333333334,19.722916666666666
2026-01-09,แพร่,เด่นชัย,เด่นชัย,21.296666666666667,26.34277777777778
2026-01-09,แม่ฮ่องสอน,ขุนยวม,ขุนยวม,15.592916666666667,18.712500000000002
2026-01-09,แม่ฮ่องสอน,ปาย,เวียงเหนือ,35.57958333333333,17.3225
2026-01-09,แม่ฮ่องสอน,ปาย,เวียงใต้,27.800555555555558,18.63625
2026-01-10,น่าน,เฉลิมพระเกียรติ,ห้วยโก๋น,23.921666666666667,14.244166666666667
2026-01-10,พะเยา,จุน,ห้วยข้าวก่ำ,3.2361904761904765,17.05857142857143
2026-01-10,พะเยา,เชียงม่วน,เชียงม่วน,30.801666666666666,18.549166666666668
2026-01-10,ลำปาง,แม่เมาะ,แม่เมาะ,30.455624999999998,19.199166666666667
2026-01-10,ลำพูน,ลี้,ลี้,26.903589743589745,18.847692307692306
2026-01-10,เชียงราย,ป่าแดด,ป่าแดด,30.684347826086956,19.714782608695653
2026-01-10,เชียงราย,เทิง,เวียง,8.550833333333333,18.89229166666667
2026-01-10,เชียงราย,เมือง,รอบเวียง,35.218333333333334,18.246458333333333
2026-01-10,เชียงราย,แม่สาย,เวียงพางคำ,35.69916666666666,18.530833333333334
2026-01-10,เชียงใหม่,ดอยเต่า,ดอยเต่า,18.790833333333335,17.559166666666666
2026-01-10,เชียงใหม่,ฝาง,เวียง,31.422916666666666,17.842499999999998
2026-01-10,เชียงใหม่,ฮอด,หางดง,23.53625,18.832291666666666
2026-01-10,เชียงใหม่,เชียงดาว,เชียงดาว,11.0475,18.159583333333334
2026-01-10,เชียงใหม่,แม่วาง,บ้านกาด,18.906666666666666,19.272083333333335
2026-01-10,เชียงใหม่,แม่แจ่ม,ช่างเคิ่ง,28.0475,16.77958333333333
2026-01-10,แพร่,วังชิ้น,วังชิ้น,31.337083333333336,19.336666666666666
2026-01-10,แพร่,เด่นชัย,เด่นชัย,28.614444444444445,19.497037037037035
2026-01-10,แม่ฮ่องสอน,ขุนยวม,ขุนยวม,17.095833333333335,18.559583333333332
2026-01-10,แม่ฮ่องสอน,ปาย,เวียงเหนือ,40.47708333333333,17.15791666666667
2026-01-10,แม่ฮ่องสอน,ปาย,เวียงใต้,32.892361111111114,18.614166666666666
2026-01-11,น่าน,เฉลิมพระเกียรติ,ห้วยโก๋น,28.89833333333333,15.137500000000001
2026-01-11,พะเยา,จุน,ห้วยข้าวก่ำ,2.504166666666667,18.095000000000002
2026-01-11,พะเยา,เชียงม่วน,เชียงม่วน,43.19416666666667,18.340833333333332
2026-01-11,ลำปาง,แม่เมาะ,แม่เมาะ,36.30958333333333,18.960833333333333
2026-01-11,ลำพูน,ลี้,ลี้,30.2625,17.94025
2026-01-11,เชียงราย,ป่าแดด,ป่าแดด,37.909565217391304,18.632608695652173
2026-01-11,เชียงราย,เทิง,เวียง,14.33625,18.783333333333335
2026-01-11,เชียงราย,เมือง,รอบเวียง,40.785833333333336,18.018958333333334
2026-01-11,เชียงราย,แม่สาย,เวียงพางคำ,37.181666666666665,18.671666666666667
2026-01-11,เชียงใหม่,ดอยเต่า,ดอยเต่า,23.390833333333333,17.802916666666665
2026-01-11,เชียงใหม่,ฝาง,เวียง,36.92583333333334,18.100833333333334
2026-01-11,เชียงใหม่,ฮอด,หางดง,28.172708333333333,19.247083333333332
2026-01-11,เชียงใหม่,เชียงดาว,เชียงดาว,15.328125,18.217499999999998
2026-01-11,เชียงใหม่,แม่วาง,บ้านกาด,25.527083333333334,19.649583333333332
2026-01-11,เชียงใหม่,แม่แจ่ม,ช่างเคิ่ง,31.937708333333333,17.211666666666666
2026-01-11,แพร่,วังชิ้น,วังชิ้น,33.82875,19.345
2026-01-11,แพร่,เด่นชัย,เด่นชัย,22.32106382978723,20.781702127659575
2026-01-11,แม่ฮ่องสอน,ขุนยวม,ขุนยวม,27.97764705882353,18.86764705882353
2026-01-11,แม่ฮ่องสอน,ปาย,เวียงเหนือ,46.35333333333333,17.153333333333332
2026-01-11,แม่ฮ่องสอน,ปาย,เวียงใต้,33.547222222222224,18.16541666666667
2026-01-12,น่าน,เฉลิมพระเกียรติ,ห้วยโก๋น,35.11958333333333,15.526666666666666
2026-01-12,พะเยา,จุน,ห้วยข้าวก่ำ,2.5283333333333333,19.218333333333334
2026-01-12,พะเยา,เชียงม่วน,เชียงม่วน,36.04083333333333,18.841666666666665
2026-01-12,ลำปาง,แม่เมาะ,แม่เมาะ,33.98770833333334,19.570833333333333
2026-01-12,ลำพูน,ลี้,ลี้,32.09795454545454,18.411136363636363
2026-01-12,เชียงราย,ป่าแดด,ป่าแดด,40.10541666666666,20.08625
2026-01-12,เชียงราย,เทิง,เวียง,16.359166666666667,19.45375
2026-01-12,เชียงราย,เมือง,รอบเวียง,43.505833333333335,18.150277777777777
2026-01-12,เชียงราย,แม่สาย,เวียงพางคำ,42.925000000000004,19.004583333333333
2026-01-12,เชียงใหม่,ดอยเต่า,ดอยเต่า,26.502916666666664,18.530416666666667
2026-01-12,เชียงใหม่,ฝาง,เวียง,39.125416666666666,19.09625
2026-01-12,เชียงใหม่,ฮอด,หางดง,31.875833333333333,19.499791666666667
2026-01-12,เชียงใหม่,เชียงดาว,เชียงดาว,19.160416666666666,18.759583333333335
2026-01-12,เชียงใหม่,แม่วาง,บ้านกาด,30.392083333333332,20.021874999999998
2026-01-12,เชียงใหม่,แม่แจ่ม,ช่างเคิ่ง,38.57458333333333,17.94125
2026-01-12,แพร่,วังชิ้น,วังชิ้น,36.59166666666667,19.960833333333333
2026-01-12,แพร่,เด่นชัย,เด่นชัย,23.448823529411765,21.570588235294117
2026-01-12,แม่ฮ่องสอน,ขุนยวม,ขุนยวม,31.66466666666667,23.520666666666667
2026-01-12,แม่ฮ่องสอน,ปาย,เวียงเหนือ,44.74916666666667,19.375416666666666
2026-01-12,แม่ฮ่องสอน,ปาย,เวียงใต้,36.968333333333334,20.097916666666666
2026-01-13,น่าน,เฉลิมพระเกียรติ,ห้วยโก๋น,35.98208333333333,17.275000000000002
2026-01-13,พะเยา,จุน,ห้วยข้าวก่ำ,3.2137499999999997,20.020833333333332
2026-01-13,พะเยา,เชียงม่วน,เชียงม่วน,36.18208333333333,20.570833333333333
2026-01-13,ลำปาง,แม่เมาะ,แม่เมาะ,40.26333333333333,20.735
2026-01-13,ลำพูน,ลี้,ลี้,36.60446808510638,19.983191489361705
2026-01-13,เชียงราย,ป่าแดด,ป่าแดด,41.83041666666667,21.483333333333334
2026-01-13,เชียงราย,เทิง,เวียง,20.0625,20.457708333333333
2026-01-13,เชียงราย,เมือง,รอบเวียง,44.51499999999999,19.459166666666665
2026-01-13,เชียงราย,แม่สาย,เวียงพางคำ,44.32375,20.074583333333333
2026-01-13,เชียงใหม่,ดอยเต่า,ดอยเต่า,26.537499999999998,20.004166666666666
2026-01-13,เชียงใหม่,ฝาง,เวียง,41.92916666666667,19.81375
2026-01-13,เชียงใหม่,ฮอด,หางดง,34.047446808510635,20.90436170212766
2026-01-13,เชียงใหม่,เชียงดาว,เชียงดาว,19.30270833333333,19.840416666666666
2026-01-13,เชียงใหม่,แม่วาง,บ้านกาด,31.193749999999998,21.245
2026-01-13,เชียงใหม่,แม่แจ่ม,ช่างเคิ่ง,44.241458333333334,18.935833333333335
2026-01-13,แพร่,วังชิ้น,วังชิ้น,36.57875,21.41208333333333
2026-01-13,แพร่,เด่นชัย,เด่นชัย,24.479692307692307,21.43907692307692
2026-01-13,แม่ฮ่องสอน,ขุนยวม,ขุนยวม,31.927083333333332,20.5625
2026-01-13,แม่ฮ่องสอน,ปาย,เวียงเหนือ,50.01625000000001,19.32375
2026-01-13,แม่ฮ่องสอน,ปาย,เวียงใต้,40.21416666666667,19.924166666666665
2026-01-14,น่าน,เฉลิมพระเกียรติ,ห้วยโก๋น,40.06333333333333,17.425416666666667
2026-01-14,พะเยา,จุน,ห้วยข้าวก่ำ,2.388333333333333,21.20416666666667
2026-01-14,พะเยา,เชียงม่วน,เชียงม่วน,38.697916666666664,21.102916666666665
2026-01-14,ลำปาง,แม่เมาะ,แม่เมาะ,37.36,21.611666666666668
2026-01-14,ลำพูน,ลี้,ลี้,32.38085714285714,20.894
2026-01-14,เชียงราย,ป่าแดด,ป่าแดด,41.4195652173913,21.846086956521738
2026-01-14,เชียงราย,เทิง,เวียง,20.044166666666666,21.180416666666666
2026-01-14,เชียงราย,เมือง,รอบเวียง,46.2125,20.48125
2026-01-14,เชียงราย,แม่สาย,เวียงพางคำ,49.86625,20.47375
2026-01-14,เชียงใหม่,ดอยเต่า,ดอยเต่า,24.127916666666668,21.425833333333333
2026-01-14,เชียงใหม่,ฝาง,เวียง,43.314166666666665,20.568749999999998
2026-01-14,เชียงใหม่,อมก๋อย,อมก๋อย,21.252222222222223,19.80777777777778
2026-01-14,เชียงใหม่,ฮอด,หางดง,30.16625,21.752291666666665
2026-01-14,เชียงใหม่,เชียงดาว,เชียงดาว,20.34625,20.232916666666668
2026-01-14,เชียงใหม่,แม่วาง,บ้านกาด,30.775833333333335,21.942708333333332
2026-01-14,เชียงใหม่,แม่แจ่ม,ช่างเคิ่ง,36.568125,19.082916666666666
2026-01-14,แพร่,วังชิ้น,วังชิ้น,35.66291666666667,21.8475
2026-01-14,แพร่,เด่นชัย,เด่นชัย,28.84161290322581,21.53306451612903
2026-01-14,แม่ฮ่องสอน,ขุนยวม,ขุนยวม,34.755833333333335,20.886666666666667
2026-01-14,แม่ฮ่องสอน,ปาย,เวียงเหนือ,51.79958333333334,19.97125
2026-01-14,แม่ฮ่องสอน,ปาย,เวียงใต้,39.94222222222223,20.254583333333333
2026-01-15,น่าน,เฉลิมพระเกียรติ,ห้วยโก๋น,32.67375,17.646666666666665
2026-01-15,พะเยา,จุน,ห้วยข้าวก่ำ,2.6179166666666664,22.205
2026-01-15,พะเยา,เชียงม่วน,เชียงม่วน,38.31916666666667,21.81625
2026-01-15,ลำปาง,แม่เมาะ,แม่เมาะ,39.968333333333334,22.62125
2026-01-15,ลำพูน,ลี้,ลี้,34.34255813953489,21.266744186046513
2026-01-15,เชียงราย,ป่าแดด,ป่าแดด,40.481249999999996,22.91541666666667
2026-01-15,เชียงราย,เทิง,เวียง,17.420833333333334,22.273124999999997
2026-01-15,เชียงราย,เมือง,รอบเวียง,42.382083333333334,21.589583333333334
2026-01-15,เชียงราย,แม่สาย,เวียงพางคำ,46.314166666666665,21.947083333333335
2026-01-15,เชียงใหม่,ดอยเต่า,ดอยเต่า,21.332916666666666,21.674166666666665
2026-01-15,เชียงใหม่,ฝาง,เวียง,37.053333333333335,21.027083333333334
2026-01-15,เชียงใหม่,สันกำแพง,สันกำแพง,7.0,32.6
2026-01-15,เชียงใหม่,อมก๋อย,อมก๋อย,25.0675,17.805
2026-01-15,เชียงใหม่,ฮอด,หางดง,25.604791666666667,22.33125
2026-01-15,เชียงใหม่,เชียงดาว,เชียงดาว,15.055416666666666,20.676666666666666
2026-01-15,เชียงใหม่,แม่วาง,บ้านกาด,22.260416666666668,22.320833333333336
2026-01-15,เชียงใหม่,แม่แจ่ม,ช่างเคิ่ง,33.94354166666667,19.1125
2026-01-15,แพร่,วังชิ้น,วังชิ้น,38.46375,23.215
2026-01-15,แพร่,เด่นชัย,เด่นชัย,34.57230769230769,25.706666666666667
2026-01-15,แม่ฮ่องสอน,ขุนยวม,ขุนยวม,29.73,20.832916666666666
2026-01-15,แม่ฮ่องสอน,ปาย,เวียงเหนือ,40.67,19.629166666666666
2026-01-15,แม่ฮ่องสอน,ปาย,เวียงใต้,36.53652777777778,20.61
2026-01-16,น่าน,เฉลิมพระเกียรติ,ห้วยโก๋น,31.180833333333336,18.202083333333334
2026-01-16,พะเยา,จุน,ห้วยข้าวก่ำ,2.3325,22.0175
2026-01-16,พะเยา,เชียงม่วน,เชียงม่วน,37.7475,22.467083333333335
2026-01-16,ลำปาง,แม่เมาะ,แม่เมาะ,39.122708333333335,23.38208333333333
2026-01-16,ลำพูน,ลี้,ลี้,34.63,21.65142857142857
2026-01-16,เชียงราย,ป่าแดด,ป่าแดด,38.38166666666667,23.168333333333333
2026-01-16,เชียงราย,เทิง,เวียง,16.09875,22.450833333333335
2026-01-16,เชียงราย,เมือง,รอบเวียง,38.01416666666667,21.387083333333333
2026-01-16,เชียงราย,แม่สาย,เวียงพางคำ,42.267916666666665,21.142916666666668
2026-01-16,เชียงใหม่,ดอยเต่า,ดอยเต่า,23.707083333333333,22.376666666666665
2026-01-16,เชียงใหม่,ฝาง,เวียง,33.650416666666665,20.495833333333334
2026-01-16,เชียงใหม่,อมก๋อย,อมก๋อย,25.48695652173913,18.446521739130436
2026-01-16,เชียงใหม่,ฮอด,หางดง,25.997083333333332,22.985833333333332
2026-01-16,เชียงใหม่,เชียงดาว,เชียงดาว,13.332083333333332,20.512083333333333
2026-01-16,เชียงใหม่,แม่วาง,บ้านกาด,23.13625,22.710624999999997
2026-01-16,เชียงใหม่,แม่แจ่ม,ช่างเคิ่ง,32.02333333333333,19.585833333333333
2026-01-16,แพร่,วังชิ้น,วังชิ้น,41.282916666666665,23.45125
2026-01-16,แพร่,เด่นชัย,เด่นชัย,35.301818181818184,25.756060606060608
2026-01-16,แม่ฮ่องสอน,ขุนยวม,ขุนยวม,29.917916666666667,20.40125
2026-01-16,แม่ฮ่องสอน,ปาย,เวียงเหนือ,39.29,19.60125
2026-01-16,แม่ฮ่องสอน,ปาย,เวียงใต้,31.606338028169016,20.039718309859154
2026-01-17,น่าน,เฉลิมพระเกียรติ,ห้วยโก๋น,36.43208333333333,18.57125
2026-01-17,พะเยา,จุน,ห้วยข้าวก่ำ,2.3183333333333334,22.2675
2026-01-17,พะเยา,เชียงม่วน,เชียงม่วน,39.45916666666667,22.36125
2026-01-17,ลำปาง,แม่เมาะ,แม่เมาะ,35.966458333333335,23.170833333333334
2026-01-17,ลำพูน,ลี้,ลี้,23.66342857142857,21.476857142857142
2026-01-17,เชียงราย,ป่าแดด,ป่าแดด,35.66416666666667,23.159166666666664
2026-01-17,เชียงราย,เทิง,เวียง,16.802916666666665,22.391041666666666
2026-01-17,เชียงราย,เมือง,รอบเวียง,37.605,21.20625
2026-01-17,เชียงราย,แม่สาย,เวียงพางคำ,36.03208333333333,21.905
2026-01-17,เชียงใหม่,ดอยเต่า,ดอยเต่า,16.000416666666666,21.054583333333333
2026-01-17,เชียงใหม่,ฝาง,เวียง,34.25333333333334,21.43625
2026-01-17,เชียงใหม่,อมก๋อย,อมก๋อย,22.487916666666667,17.561666666666667
2026-01-17,เชียงใหม่,ฮอด,หางดง,25.880208333333332,22.03
2026-01-17,เชียงใหม่,เชียงดาว,เชียงดาว,13.058958333333335,20.872083333333332
2026-01-17,เชียงใหม่,แม่วาง,บ้านกาด,19.71,22.277708333333333
2026-01-17,เชียงใหม่,แม่แจ่ม,ช่างเคิ่ง,30.064042553191488,19.195744680851064
2026-01-17,แพร่,วังชิ้น,วังชิ้น,33.97958333333333,22.993333333333336
2026-01-17,แพร่,เด่นชัย,เด่นชัย,31.955714285714286,21.934285714285714
2026-01-17,แม่ฮ่องสอน,ขุนยวม,ขุนยวม,29.51125,21.09625
2026-01-17,แม่ฮ่องสอน,ปาย,เวียงเหนือ,42.95130434782609,19.678695652173914
2026-01-17,แม่ฮ่องสอน,ปาย,เวียงใต้,35.717083333333335,20.8825
2026-01-18,น่าน,เฉลิมพระเกียรติ,ห้วยโก๋น,28.95875,18.124166666666667
2026-01-18,พะเยา,จุน,ห้วยข้าวก่ำ,2.862608695652174,21.155217391304348
2026-01-18,พะเยา,เชียงม่วน,เชียงม่วน,29.920833333333334,21.719166666666666
2026-01-18,ลำปาง,แม่เมาะ,แม่เมาะ,27.469047619047622,21.98333333333333
2026-01-18,ลำพูน,ลี้,ลี้,24.215135135135135,22.096486486486487
2026-01-18,เชียงราย,ป่าแดด,ป่าแดด,35.356249999999996,22.790833333333335
2026-01-18,เชียงราย,เทิง,เวียง,13.280833333333334,21.963125
2026-01-18,เชียงราย,เมือง,รอบเวียง,39.528333333333336,20.80875
2026-01-18,เชียงราย,แม่สาย,เวียงพางคำ,33.810833333333335,21.274166666666666
2026-01-18,เชียงใหม่,ดอยเต่า,ดอยเต่า,16.532083333333333,20.923333333333336
2026-01-18,เชียงใหม่,ฝาง,เวียง,34.629583333333336,20.925
2026-01-18,เชียงใหม่,อมก๋อย,อมก๋อย,17.494583333333335,18.164166666666667
2026-01-18,เชียงใหม่,ฮอด,หางดง,25.804255319148936,22.130106382978724
2026-01-18,เชียงใหม่,เชียงดาว,เชียงดาว,11.616666666666667,20.42875
2026-01-18,เชียงใหม่,แม่วาง,บ้านกาด,17.538333333333334,22.00854166666667
2026-01-18,เชียงใหม่,แม่แจ่ม,ช่างเคิ่ง,26.211458333333336,19.15125
2026-01-18,แพร่,วังชิ้น,วังชิ้น,28.355833333333333,22.888333333333332
2026-01-18,แพร่,เด่นชัย,เด่นชัย,23.232000000000003,20.967333333333332
2026-01-18,แม่ฮ่องสอน,ขุนยวม,ขุนยวม,22.232916666666668,20.802083333333332
2026-01-18,แม่ฮ่องสอน,ปาย,เวียงเหนือ,40.63521739130435,20.11826086956522
2026-01-18,แม่ฮ่องสอน,ปาย,เวียงใต้,31.548333333333332,20.80125
2026-01-19,น่าน,เฉลิมพระเกียรติ,ห้วยโก๋น,27.61125,16.782500000000002
2026-01-19,พะเยา,จุน,ห้วยข้าวก่ำ,2.5604347826086955,20.735652173913046
2026-01-19,พะเยา,เชียงม่วน,เชียงม่วน,31.46875,21.4275
2026-01-19,ลำปาง,แม่เมาะ,แม่เมาะ,28.649583333333336,22.097916666666666
2026-01-19,ลำพูน,ลี้,ลี้,20.420277777777777,23.028055555555554
2026-01-19,เชียงราย,ป่าแดด,ป่าแดด,35.40304347826087,21.83782608695652
2026-01-19,เชียงราย,เทิง,เวียง,11.274583333333332,21.264374999999998
2026-01-19,เชียงราย,เมือง,รอบเวียง,38.25541666666667,20.71875
2026-01-19,เชียงราย,แม่สาย,เวียงพางคำ,35.63875,20.8875
2026-01-19,เชียงใหม่,ดอยเต่า,ดอยเต่า,12.69625,21.355416666666667
2026-01-19,เชียงใหม่,ฝาง,เวียง,34.69291666666667,20.597916666666666
2026-01-19,เชียงใหม่,อมก๋อย,อมก๋อย,12.45125,17.881666666666664
2026-01-19,เชียงใหม่,ฮอด,หางดง,21.9575,22.153333333333332
2026-01-19,เชียงใหม่,เชียงดาว,เชียงดาว,9.250208333333333,20.142916666666668
2026-01-19,เชียงใหม่,แม่วาง,บ้านกาด,16.713333333333335,22.21666666666667
2026-01-19,เชียงใหม่,แม่แจ่ม,ช่างเคิ่ง,22.322708333333335,18.759583333333335
2026-01-19,แพร่,วังชิ้น,วังชิ้น,30.366666666666664,23.252916666666668
2026-01-19,แพร่,เด่นชัย,เด่นชัย,21.00470588235294,24.103725490196076
2026-01-19,แม่ฮ่องสอน,ขุนยวม,ขุนยวม,11.215000000000002,19.989166666666666
2026-01-19,แม่ฮ่องสอน,ปาย,เวียงเหนือ,33.65541666666667,19.170416666666668
2026-01-19,แม่ฮ่องสอน,ปาย,เวียงใต้,27.06347222222222,20.325000000000003
2026-01-20,น่าน,เฉลิมพระเกียรติ,ห้วยโก๋น,26.543333333333333,17.04625
2026-01-20,พะเยา,จุน,ห้วยข้าวก่ำ,1.9069565217391304,20.832608695652173
2026-01-20,พะเยา,เชียงม่วน,เชียงม่วน,28.142916666666665,21.698333333333334
2026-01-20,ลำปาง,แม่เมาะ,แม่เมาะ,27.239375,22.181250000000002
2026-01-20,ลำพูน,ลี้,ลี้,22.074102564102564,21.851282051282052
2026-01-20,เชียงราย,ป่าแดด,ป่าแดด,32.589130434782604,23.065217391304348
2026-01-20,เชียงราย,เทิง,เวียง,10.62875,21.676666666666666
2026-01-20,เชียงราย,เมือง,รอบเวียง,37.29913043478261,20.816521739130437
2026-01-20,เชียงราย,แม่สาย,เวียงพางคำ,34.569583333333334,21.21708333333333
2026-01-20,เชียงใหม่,ดอยเต่า,ดอยเต่า,10.502083333333333,20.976666666666667
2026-01-20,เชียงใหม่,ฝาง,เวียง,31.720416666666665,20.765833333333333
2026-01-20,เชียงใหม่,อมก๋อย,อมก๋อย,12.114166666666668,17.735416666666666
2026-01-20,เชียงใหม่,ฮอด,หางดง,21.872500000000002,21.79125
2026-01-20,เชียงใหม่,เชียงดาว,เชียงดาว,8.004375,20.42833333333333
2026-01-20,เชียงใหม่,แม่วาง,บ้านกาด,12.167499999999999,22.154583333333335
2026-01-20,เชียงใหม่,แม่แจ่ม,ช่างเคิ่ง,24.95595744680851,18.059148936170214
2026-01-20,แพร่,วังชิ้น,วังชิ้น,33.655833333333334,23.277083333333334
2026-01-20,แพร่,เด่นชัย,เด่นชัย,19.17306451612903,21.853709677419356
2026-01-20,แม่ฮ่องสอน,ขุนยวม,ขุนยวม,13.563749999999999,20.074166666666667
2026-01-20,แม่ฮ่องสอน,ปาย,เวียงเหนือ,28.403333333333336,19.238333333333333
2026-01-20,แม่ฮ่องสอน,ปาย,เวียงใต้,25.24833333333333,20.54625
2026-01-21,น่าน,เฉลิมพระเกียรติ,ห้วยโก๋น,25.072916666666668,17.438333333333333
2026-01-21,พะเยา,จุน,ห้วยข้าวก่ำ,2.2645454545454546,20.55318181818182
2026-01-21,พะเยา,เชียงม่วน,เชียงม่วน,26.741249999999997,21.932083333333335
2026-01-21,ลำปาง,แม่เมาะ,แม่เมาะ,29.358958333333334,22.712500000000002
2026-01-21,ลำพูน,ลี้,ลี้,24.133055555555554,23.09222222222222
2026-01-21,เชียงราย,ป่าแดด,ป่าแดด,34.35909090909091,22.538636363636364
2026-01-21,เชียงราย,เทิง,เวียง,12.202916666666667,21.859791666666666
2026-01-21,เชียงราย,เมือง,รอบเวียง,35.134166666666665,20.806250000000002
2026-01-21,เชียงราย,แม่สาย,เวียงพางคำ,33.200833333333335,21.154999999999998
2026-01-21,เชียงใหม่,ดอยเต่า,ดอยเต่า,13.09125,21.366249999999997
2026-01-21,เชียงใหม่,ฝาง,เวียง,30.85875,20.931250000000002
2026-01-21,เชียงใหม่,อมก๋อย,อมก๋อย,18.93583333333333,18.35125
2026-01-21,เชียงใหม่,ฮอด,หางดง,22.18958333333333,22.049166666666665
2026-01-21,เชียงใหม่,เชียงดาว,เชียงดาว,8.426458333333334,20.49875
2026-01-21,เชียงใหม่,แม่วาง,บ้านกาด,14.0025,22.316041666666667
2026-01-21,เชียงใหม่,แม่แจ่ม,ช่างเคิ่ง,23.27891304347826,18.391739130434782
2026-01-21,แพร่,วังชิ้น,วังชิ้น,30.334999999999997,23.395833333333332
2026-01-21,แพร่,เด่นชัย,เด่นชัย,19.919583333333335,22.23513888888889
2026-01-21,แม่ฮ่องสอน,ขุนยวม,ขุนยวม,16.933333333333334,20.0975
2026-01-21,แม่ฮ่องสอน,ปาย,เวียงเหนือ,27.540000000000003,19.2225
2026-01-21,แม่ฮ่องสอน,ปาย,เวียงใต้,28.743055555555557,20.435
2026-01-22,น่าน,เฉลิมพระเกียรติ,ห้วยโก๋น,30.470416666666665,17.253333333333334
2026-01-22,พะเยา,จุน,ห้วยข้าวก่ำ,1.8616666666666666,21.633750000000003
2026-01-22,พะเยา,เชียงม่วน,เชียงม่วน,34.79541666666667,21.171666666666667
2026-01-22,ลำปาง,แม่เมาะ,แม่เมาะ,35.21631578947368,21.732368421052634
2026-01-22,ลำพูน,ลี้,ลี้,27.9688679245283,24.793584905660378
2026-01-22,เชียงราย,ป่าแดด,ป่าแดด,35.70869565217391,23.093478260869563
2026-01-22,เชียงราย,เทิง,เวียง,11.70375,22.074791666666666
2026-01-22,เชียงราย,เมือง,รอบเวียง,38.05625,21.298750000000002
2026-01-22,เชียงราย,แม่สาย,เวียงพางคำ,36.262499999999996,21.125
2026-01-22,เชียงใหม่,ดอยเต่า,ดอยเต่า,21.5675,22.1575
2026-01-22,เชียงใหม่,ฝาง,เวียง,27.733333333333334,20.710416666666667
2026-01-22,เชียงใหม่,อมก๋อย,อมก๋อย,21.688333333333333,18.53375
2026-01-22,เชียงใหม่,ฮอด,หางดง,30.95678571428571,21.89071428571429
2026-01-22,เชียงใหม่,เชียงดาว,เชียงดาว,11.512291666666668,20.673750000000002
2026-01-22,เชียงใหม่,แม่วาง,บ้านกาด,22.694166666666664,22.728333333333335
2026-01-22,เชียงใหม่,แม่แจ่ม,ช่างเคิ่ง,23.545208333333335,18.944583333333334
2026-01-22,แพร่,วังชิ้น,วังชิ้น,34.138333333333335,22.940833333333334
2026-01-22,แพร่,เด่นชัย,เด่นชัย,27.950714285714287,19.650714285714287
2026-01-22,แม่ฮ่องสอน,ขุนยวม,ขุนยวม,19.6775,20.52541666666667
2026-01-22,แม่ฮ่องสอน,ปาย,เวียงเหนือ,25.405,19.365416666666665
2026-01-22,แม่ฮ่องสอน,ปาย,เวียงใต้,23.497916666666665,20.74625
2026-01-23,น่าน,เฉลิมพระเกียรติ,ห้วยโก๋น,25.865,17.839166666666667
2026-01-23,พะเยา,จุน,ห้วยข้าวก่ำ,1.91625,21.78708333333333
2026-01-23,พะเยา,เชียงม่วน,เชียงม่วน,34.29708333333333,21.8075
2026-01-23,ลำปาง,แม่เมาะ,แม่เมาะ,39.330789473684206,23.103421052631578
2026-01-23,ลำพูน,ลี้,ลี้,31.147090909090906,24.14690909090909
2026-01-23,เชียงราย,ป่าแดด,ป่าแดด,37.800526315789476,22.64421052631579
2026-01-23,เชียงราย,เทิง,เวียง,13.04125,22.110833333333332
2026-01-23,เชียงราย,เมือง,รอบเวียง,43.41916666666666,21.642916666666665
2026-01-23,เชียงราย,แม่สาย,เวียงพางคำ,38.537083333333335,21.36916666666667
2026-01-23,เชียงใหม่,ดอยเต่า,ดอยเต่า,27.96375,21.354166666666668
2026-01-23,เชียงใหม่,ฝาง,เวียง,33.73375,20.95
2026-01-23,เชียงใหม่,อมก๋อย,อมก๋อย,34.02333333333333,17.780833333333334
2026-01-23,เชียงใหม่,ฮอด,หางดง,39.62916666666667,22.215
2026-01-23,เชียงใหม่,เชียงดาว,เชียงดาว,17.50375,19.817916666666665
2026-01-23,เชียงใหม่,แม่วาง,บ้านกาด,31.229583333333334,22.237083333333334
2026-01-23,เชียงใหม่,แม่แจ่ม,ช่างเคิ่ง,30.838333333333335,19.095833333333335
2026-01-23,แพร่,วังชิ้น,วังชิ้น,38.38,21.798333333333332
2026-01-23,แพร่,เด่นชัย,เด่นชัย,17.87625,30.482499999999998
2026-01-23,แม่ฮ่องสอน,ขุนยวม,ขุนยวม,17.0025,20.369583333333335
2026-01-23,แม่ฮ่องสอน,ปาย,เวียงเหนือ,33.67916666666667,18.511666666666667
2026-01-23,แม่ฮ่องสอน,ปาย,เวียงใต้,30.424583333333334,19.4375
2026-01-24,น่าน,เฉลิมพระเกียรติ,ห้วยโก๋น,24.617499999999996,17.112916666666667
2026-01-24,พะเยา,จุน,ห้วยข้าวก่ำ,2.6350000000000002,21.375
2026-01-24,พะเยา,เชียงม่วน,เชียงม่วน,32.43833333333333,21.216666666666665
2026-01-24,ลำปาง,แม่เมาะ,แม่เมาะ,35.96270833333333,21.759583333333335
2026-01-24,ลำพูน,ลี้,ลี้,29.257058823529412,22.287647058823527
2026-01-24,เชียงราย,ป่าแดด,ป่าแดด,40.80857142857143,20.83857142857143
2026-01-24,เชียงราย,เทิง,เวียง,14.225,21.832708333333333
2026-01-24,เชียงราย,เมือง,รอบเวียง,44.15238095238095,20.267619047619046
2026-01-24,เชียงราย,แม่สาย,เวียงพางคำ,34.25958333333333,20.944166666666668
2026-01-24,เชียงใหม่,ดอยเต่า,ดอยเต่า,21.255,21.73375
2026-01-24,เชียงใหม่,ฝาง,เวียง,36.41416666666667,20.642916666666668
2026-01-24,เชียงใหม่,อมก๋อย,อมก๋อย,27.25375,18.319583333333334
2026-01-24,เชียงใหม่,ฮอด,หางดง,33.550000000000004,21.980625
2026-01-24,เชียงใหม่,เชียงดาว,เชียงดาว,16.504166666666666,20.434166666666666
2026-01-24,เชียงใหม่,แม่วาง,บ้านกาด,28.16541666666667,21.912499999999998
2026-01-24,เชียงใหม่,แม่แจ่ม,ช่างเคิ่ง,32.50895833333333,18.830833333333334
2026-01-24,แพร่,วังชิ้น,วังชิ้น,34.87416666666667,21.691666666666666
2026-01-24,แพร่,เด่นชัย,เด่นชัย,21.923571428571428,20.881428571428568
2026-01-24,แม่ฮ่องสอน,ขุนยวม,ขุนยวม,31.287499999999998,20.05875
2026-01-24,แม่ฮ่องสอน,ปาย,เวียงเหนือ,39.949999999999996,19.16
2026-01-24,แม่ฮ่องสอน,ปาย,เวียงใต้,34.43972222222222,19.964583333333334
2026-01-25,น่าน,เฉลิมพระเกียรติ,ห้วยโก๋น,29.479166666666668,16.90625
2026-01-25,พะเยา,จุน,ห้วยข้าวก่ำ,2.1142105263157895,22.382631578947368
2026-01-25,พะเยา,เชียงม่วน,เชียงม่วน,37.00285714285714,19.759047619047617
2026-01-25,ลำปาง,แม่เมาะ,แม่เมาะ,31.653541666666666,21.997500000000002
2026-01-25,ลำพูน,ลี้,ลี้,32.019999999999996,21.90025
2026-01-25,เชียงราย,ป่าแดด,ป่าแดด,41.286,22.3445
2026-01-25,เชียงราย,เทิง,เวียง,14.885833333333332,22.042083333333334
2026-01-25,เชียงราย,เมือง,รอบเวียง,43.20416666666667,21.097916666666666
2026-01-25,เชียงราย,แม่สาย,เวียงพางคำ,36.915,20.850833333333334
2026-01-25,เชียงใหม่,ดอยเต่า,ดอยเต่า,20.875833333333333,21.037916666666668
2026-01-25,เชียงใหม่,ฝาง,เวียง,37.55916666666666,20.933333333333334
2026-01-25,เชียงใหม่,อมก๋อย,อมก๋อย,25.996666666666666,18.117916666666666
2026-01-25,เชียงใหม่,ฮอด,หางดง,34.415,22.008750000000003
2026-01-25,เชียงใหม่,เชียงดาว,เชียงดาว,16.1325,20.533333333333335
2026-01-25,เชียงใหม่,แม่วาง,บ้านกาด,25.645416666666666,21.963958333333334
2026-01-25,เชียงใหม่,แม่แจ่ม,ช่างเคิ่ง,33.842083333333335,18.75583333333333
2026-01-25,แพร่,วังชิ้น,วังชิ้น,32.274166666666666,22.371666666666666
2026-01-25,แพร่,เด่นชัย,เด่นชัย,22.47,22.44
2026-01-25,แม่ฮ่องสอน,ขุนยวม,ขุนยวม,33.94541666666667,20.257083333333334
2026-01-25,แม่ฮ่องสอน,ปาย,เวียงเหนือ,48.669999999999995,19.330416666666668
2026-01-25,แม่ฮ่องสอน,ปาย,เวียงใต้,39.06180555555555,20.43
2026-01-26,น่าน,เฉลิมพระเกียรติ,ห้วยโก๋น,29.532083333333333,17.374166666666667
2026-01-26,พะเยา,เชียงม่วน,เชียงม่วน,38.05833333333333,21.504166666666666
2026-01-26,ลำปาง,แม่เมาะ,แม่เมาะ,35.52229166666667,22.250833333333333
2026-01-26,ลำพูน,ลี้,ลี้,27.135714285714283,23.579642857142858
2026-01-26,เชียงราย,ป่าแดด,ป่าแดด,37.91578947368421,23.041578947368418
2026-01-26,เชียงราย,เทิง,เวียง,15.042083333333332,21.905833333333334
2026-01-26,เชียงราย,เมือง,รอบเวียง,43.94125,21.285
2026-01-26,เชียงราย,แม่สาย,เวียงพางคำ,37.719166666666666,21.077916666666667
2026-01-26,เชียงใหม่,ดอยเต่า,ดอยเต่า,20.330833333333334,20.866666666666667
2026-01-26,เชียงใหม่,ฝาง,เวียง,39.97625,20.7425
2026-01-26,เชียงใหม่,อมก๋อย,อมก๋อย,24.918333333333333,17.559583333333332
2026-01-26,เชียงใหม่,ฮอด,หางดง,33.247499999999995,21.58729166666667
2026-01-26,เชียงใหม่,เชียงดาว,เชียงดาว,16.283333333333335,20.432083333333335
2026-01-26,เชียงใหม่,แม่วาง,บ้านกาด,25.717083333333335,21.823125
2026-01-26,เชียงใหม่,แม่แจ่ม,ช่างเคิ่ง,32.96104166666667,18.930833333333332
2026-01-26,แพร่,วังชิ้น,วังชิ้น,33.822916666666664,22.649583333333336
2026-01-26,แพร่,เด่นชัย,เด่นชัย,20.933529411764702,24.516666666666666
2026-01-26,แม่ฮ่องสอน,ขุนยวม,ขุนยวม,32.32833333333333,20.511666666666667
2026-01-26,แม่ฮ่องสอน,ปาย,เวียงเหนือ,58.13666666666666,19.764583333333334
2026-01-26,แม่ฮ่องสอน,ปาย,เวียงใต้,42.07861111111111,20.335833333333333
2026-01-27,น่าน,เฉลิมพระเกียรติ,ห้วยโก๋น,35.00125,17.642916666666668
2026-01-27,พะเยา,เชียงม่วน,เชียงม่วน,37.153749999999995,21.630416666666665
2026-01-27,ลำปาง,แม่เมาะ,แม่เมาะ,37.28458333333334,22.428749999999997
2026-01-27,ลำพูน,ลี้,ลี้,32.55757575757576,23.459999999999997
2026-01-27,เชียงราย,ป่าแดด,ป่าแดด,40.22263157894737,23.386315789473684
2026-01-27,เชียงราย,เทิง,เวียง,17.39625,21.98375
2026-01-27,เชียงราย,เมือง,รอบเวียง,44.731249999999996,21.062916666666666
2026-01-27,เชียงราย,แม่สาย,เวียงพางคำ,42.76833333333334,21.24416666666667
2026-01-27,เชียงใหม่,ดอยเต่า,ดอยเต่า,22.843333333333334,21.133333333333333
2026-01-27,เชียงใหม่,ฝาง,เวียง,39.214166666666664,21.520833333333332
2026-01-27,เชียงใหม่,อมก๋อย,อมก๋อย,26.997083333333332,17.93875
2026-01-27,เชียงใหม่,ฮอด,หางดง,35.184583333333336,21.929166666666664
2026-01-27,เชียงใหม่,เชียงดาว,เชียงดาว,15.828541666666666,21.190416666666668
2026-01-27,เชียงใหม่,แม่วาง,บ้านกาด,26.887916666666666,22.457083333333333
2026-01-27,เชียงใหม่,แม่แจ่ม,ช่างเคิ่ง,35.22270833333334,19.489583333333332
2026-01-27,แพร่,วังชิ้น,วังชิ้น,37.727916666666665,23.1875
2026-01-27,แพร่,เด่นชัย,เด่นชัย,26.04952380952381,23.542539682539683
2026-01-27,แม่ฮ่องสอน,ขุนยวม,ขุนยวม,35.38026315789474,22.518684210526317
2026-01-27,แม่ฮ่องสอน,ปาย,เวียงเหนือ,46.41791666666666,20.254166666666666
2026-01-27,แม่ฮ่องสอน,ปาย,เวียงใต้,39.8425,20.88416666666667
2026-01-28,น่าน,เฉลิมพระเกียรติ,ห้วยโก๋น,37.19625,18.559583333333332
2026-01-28,พะเยา,เชียงม่วน,เชียงม่วน,41.295833333333334,22.084166666666665
2026-01-28,ลำปาง,แม่เมาะ,แม่เมาะ,43.77586956521739,22.686521739130434
2026-01-28,ลำพูน,ลี้,ลี้,34.754375,22.85234375
2026-01-28,เชียงราย,ป่าแดด,ป่าแดด,43.26380952380952,21.582857142857144
2026-01-28,เชียงราย,เทิง,เวียง,19.98,22.0975
2026-01-28,เชียงราย,เมือง,รอบเวียง,48.16791666666666,21.257083333333334
2026-01-28,เชียงราย,แม่สาย,เวียงพางคำ,43.22708333333333,21.422083333333333
2026-01-28,เชียงใหม่,ดอยเต่า,ดอยเต่า,26.63791666666667,21.99416666666667
2026-01-28,เชียงใหม่,ฝาง,เวียง,40.09375,21.17833333333333
2026-01-28,เชียงใหม่,อมก๋อย,อมก๋อย,31.643333333333334,18.482916666666664
2026-01-28,เชียงใหม่,ฮอด,หางดง,36.92,22.448333333333334
2026-01-28,เชียงใหม่,เชียงดาว,เชียงดาว,17.34541666666667,20.94625
2026-01-28,เชียงใหม่,แม่วาง,บ้านกาด,28.708333333333332,22.722916666666666
2026-01-28,เชียงใหม่,แม่แจ่ม,ช่างเคิ่ง,36.52333333333333,19.95625
2026-01-28,แพร่,วังชิ้น,วังชิ้น,39.18333333333333,23.879166666666666
2026-01-28,แพร่,เด่นชัย,เด่นชัย,28.284347826086954,22.79449275362319
2026-01-28,แม่ฮ่องสอน,ขุนยวม,ขุนยวม,44.235625,21.555000000000003
2026-01-28,แม่ฮ่องสอน,ปาย,เวียงเหนือ,50.78041666666667,20.41125
2026-01-28,แม่ฮ่องสอน,ปาย,เวียงใต้,45.43611111111111,20.96625
2026-01-29,น่าน,เฉลิมพระเกียรติ,ห้วยโก๋น,36.907916666666665,18.15375
2026-01-29,พะเยา,เชียงม่วน,เชียงม่วน,46.892500000000005,22.85291666666667
2026-01-29,ลำปาง,แม่เมาะ,แม่เมาะ,41.923541666666665,23.24416666666667
2026-01-29,ลำพูน,ลี้,ลี้,41.23555555555556,23.799365079365078
2026-01-29,เชียงราย,ป่าแดด,ป่าแดด,44.635217391304344,23.506086956521738
2026-01-29,เชียงราย,เทิง,เวียง,21.03625,22.80458333333333
2026-01-29,เชียงราย,เมือง,รอบเวียง,48.73500000000001,21.56458333333333
2026-01-29,เชียงราย,แม่สาย,เวียงพางคำ,49.14166666666667,21.259583333333335
2026-01-29,เชียงใหม่,ดอยเต่า,ดอยเต่า,29.7065,23.779
2026-01-29,เชียงใหม่,ฝาง,เวียง,39.82375,21.53125
2026-01-29,เชียงใหม่,อมก๋อย,อมก๋อย,33.96791666666667,19.877083333333335
2026-01-29,เชียงใหม่,ฮอด,หางดง,41.718333333333334,23.413749999999997
2026-01-29,เชียงใหม่,เชียงดาว,เชียงดาว,18.983333333333334,21.545833333333334
2026-01-29,เชียงใหม่,แม่วาง,บ้านกาด,32.83166666666667,23.335416666666664
2026-01-29,เชียงใหม่,แม่แจ่ม,ช่างเคิ่ง,36.22425531914894,20.677659574468084
2026-01-29,แพร่,วังชิ้น,วังชิ้น,44.0625,23.644166666666667
2026-01-29,แพร่,เด่นชัย,เด่นชัย,31.43244897959184,25.08122448979592
2026-01-29,แม่ฮ่องสอน,ขุนยวม,ขุนยวม,46.01833333333334,21.49
2026-01-29,แม่ฮ่องสอน,ปาย,เวียงเหนือ,45.52217391304348,20.76217391304348
2026-01-29,แม่ฮ่องสอน,ปาย,เวียงใต้,40.55444444444444,21.24375
2026-01-30,น่าน,เฉลิมพระเกียรติ,ห้วยโก๋น,42.0,18.152916666666666
2026-01-30,พะเยา,เชียงม่วน,เชียงม่วน,48.879999999999995,23.186666666666667
2026-01-30,ลำปาง,แม่เมาะ,แม่เมาะ,41.34375,24.1375
2026-01-30,ลำพูน,ลี้,ลี้,38.10966666666666,24.974
2026-01-30,เชียงราย,ป่าแดด,ป่าแดด,46.186190476190475,24.54619047619048
2026-01-30,เชียงราย,เทิง,เวียง,23.879583333333333,22.94666666666667
2026-01-30,เชียงราย,เมือง,รอบเวียง,50.25625,21.749166666666667
2026-01-30,เชียงราย,แม่สาย,เวียงพางคำ,44.24791666666667,21.80875
2026-01-30,เชียงใหม่,ฝาง,เวียง,41.553333333333335,21.850416666666664
2026-01-30,เชียงใหม่,อมก๋อย,อมก๋อย,30.9375,19.680416666666666
2026-01-30,เชียงใหม่,ฮอด,หางดง,38.00125,23.828125
2026-01-30,เชียงใหม่,เชียงดาว,เชียงดาว,19.077916666666667,21.647499999999997
2026-01-30,เชียงใหม่,แม่วาง,บ้านกาด,31.102083333333336,23.56625
2026-01-30,เชียงใหม่,แม่แจ่ม,ช่างเคิ่ง,35.960625,20.523333333333333
2026-01-30,แพร่,วังชิ้น,วังชิ้น,45.15375,24.313333333333333
2026-01-30,แพร่,เด่นชัย,เด่นชัย,28.813870967741938,24.412258064516127
2026-01-30,แม่ฮ่องสอน,ขุนยวม,ขุนยวม,42.697916666666664,21.609583333333333
2026-01-30,แม่ฮ่องสอน,ปาย,เวียงเหนือ,53.715,20.534166666666668
2026-01-30,แม่ฮ่องสอน,ปาย,เวียงใต้,40.20930555555556,21.331666666666663
2026-01-31,น่าน,เฉลิมพระเกียรติ,ห้วยโก๋น,42.0,18.874583333333334
2026-01-31,พะเยา,เชียงม่วน,เชียงม่วน,45.160000000000004,22.637391304347826
2026-01-31,ลำปาง,แม่เมาะ,แม่เมาะ,51.61541666666667,23.964166666666667
2026-01-31,ลำพูน,ลี้,ลี้,43.46189189189189,23.69918918918919
2026-01-31,เชียงราย,ป่าแดด,ป่าแดด,45.82260869565218,23.100434782608698
2026-01-31,เชียงราย,เทิง,เวียง,22.83375,22.999583333333334
2026-01-31,เชียงราย,เมือง,รอบเวียง,50.62916666666666,21.742500000000003
2026-01-31,เชียงราย,แม่สาย,เวียงพางคำ,43.85333333333333,21.9375
2026-01-31,เชียงใหม่,ฝาง,เวียง,41.1475,22.084166666666665
2026-01-31,เชียงใหม่,อมก๋อย,อมก๋อย,33.13333333333333,19.4425
2026-01-31,เชียงใหม่,ฮอด,หางดง,40.897083333333335,23.321875000000002
2026-01-31,เชียงใหม่,เชียงดาว,เชียงดาว,18.586458333333333,21.95625
2026-01-31,เชียงใหม่,แม่วาง,บ้านกาด,30.18777777777778,24.515833333333333
2026-01-31,เชียงใหม่,แม่แจ่ม,ช่างเคิ่ง,36.545208333333335,20.072916666666668
2026-01-31,แพร่,วังชิ้น,วังชิ้น,47.373333333333335,24.592083333333335
2026-01-31,แพร่,เด่นชัย,เด่นชัย,28.444285714285716,23.24
2026-01-31,แม่ฮ่องสอน,ขุนยวม,ขุนยวม,38.40270833333333,21.639166666666668
2026-01-31,แม่ฮ่องสอน,ปาย,เวียงเหนือ,57.86521739130435,20.96391304347826
2026-01-31,แม่ฮ่องสอน,ปาย,เวียงใต้,42.49458333333334,21.540833333333335
2026-02-01,น่าน,เฉลิมพระเกียรติ,ห้วยโก๋น,42.0,18.808333333333334
2026-02-01,พะเยา,เชียงม่วน,เชียงม่วน,43.413333333333334,22.87
2026-02-01,ลำปาง,แม่เมาะ,แม่เมาะ,45.85604166666667,23.850416666666664
2026-02-01,ลำพูน,ลี้,ลี้,31.53323529411765,23.940882352941177
2026-02-01,เชียงราย,ป่าแดด,ป่าแดด,47.904545454545456,23.564545454545453
2026-02-01,เชียงราย,เทิง,เวียง,22.123333333333335,23.110208333333333
2026-02-01,เชียงราย,เมือง,รอบเวียง,53.86083333333334,21.88416666666667
2026-02-01,เชียงราย,แม่สาย,เวียงพางคำ,51.06375,22.159583333333334
2026-02-01,เชียงใหม่,ฝาง,เวียง,44.63958333333333,22.30666666666667
2026-02-01,เชียงใหม่,อมก๋อย,อมก๋อย,34.86333333333334,19.769583333333333
2026-02-01,เชียงใหม่,ฮอด,หางดง,44.372083333333336,23.570833333333336
2026-02-01,เชียงใหม่,เชียงดาว,เชียงดาว,21.796875,21.969583333333333
2026-02-01,เชียงใหม่,แม่วาง,บ้านกาด,33.075833333333335,23.602500000000003
2026-02-01,เชียงใหม่,แม่แจ่ม,ช่างเคิ่ง,41.935625,20.695
2026-02-01,แพร่,วังชิ้น,วังชิ้น,45.00666666666667,23.8925
2026-02-01,แพร่,เด่นชัย,เด่นชัย,33.65289855072464,23.776666666666664
2026-02-01,แม่ฮ่องสอน,ขุนยวม,ขุนยวม,37.926875,22.379583333333333
2026-02-01,แม่ฮ่องสอน,ปาย,เวียงเหนือ,52.26666666666667,21.39333333333333
2026-02-01,แม่ฮ่องสอน,ปาย,เวียงใต้,41.75833333333333,21.63375
2026-02-02,น่าน,เฉลิมพระเกียรติ,ห้วยโก๋น,42.0,18.89125
2026-02-02,พะเยา,เชียงม่วน,เชียงม่วน,32.13791666666666,23.075833333333335
2026-02-02,ลำปาง,แม่เมาะ,แม่เมาะ,37.78125,23.754166666666666
2026-02-02,ลำพูน,ลี้,ลี้,31.793396226415094,24.773773584905662
2026-02-02,เชียงราย,ป่าแดด,ป่าแดด,40.86421052631579,24.90684210526316
2026-02-02,เชียงราย,เทิง,เวียง,17.364583333333332,23.718333333333334
2026-02-02,เชียงราย,เมือง,รอบเวียง,52.01958333333334,22.594583333333333
2026-02-02,เชียงราย,แม่สาย,เวียงพางคำ,51.184583333333336,22.158749999999998
2026-02-02,เชียงใหม่,ฝาง,เวียง,44.7725,22.86
2026-02-02,เชียงใหม่,อมก๋อย,อมก๋อย,38.56333333333333,18.815
2026-02-02,เชียงใหม่,ฮอด,หางดง,44.022083333333335,23.716041666666666
2026-02-02,เชียงใหม่,เชียงดาว,เชียงดาว,23.583125,22.020833333333332
2026-02-02,เชียงใหม่,แม่วาง,บ้านกาด,33.90541666666667,23.496875
2026-02-02,เชียงใหม่,แม่แจ่ม,ช่างเคิ่ง,43.16063829787234,20.77
2026-02-02,แพร่,วังชิ้น,วังชิ้น,37.197916666666664,24.36375
2026-02-02,แพร่,เด่นชัย,เด่นชัย,31.778333333333332,21.24611111111111
2026-02-02,แม่ฮ่องสอน,ขุนยวม,ขุนยวม,34.55386363636364,23.261136363636364
2026-02-02,แม่ฮ่องสอน,ปาย,เวียงเหนือ,49.19125,21.4325
2026-02-02,แม่ฮ่องสอน,ปาย,เวียงใต้,40.537499999999994,22.289166666666667
2026-02-03,น่าน,เฉลิมพระเกียรติ,ห้วยโก๋น,42.0,18.49875
2026-02-03,พะเยา,เชียงม่วน,เชียงม่วน,28.71291666666667,22.765
2026-02-03,ลำปาง,แม่เมาะ,แม่เมาะ,24.053749999999997,23.58
2026-02-03,ลำพูน,ลี้,ลี้,21.884,23.211199999999998
2026-02-03,เชียงราย,ป่าแดด,ป่าแดด,33.69083333333334,23.903333333333332
2026-02-03,เชียงราย,เทิง,เวียง,13.687083333333334,23.718125
2026-02-03,เชียงราย,เมือง,รอบเวียง,42.91916666666666,22.357916666666668
2026-02-03,เชียงราย,แม่สาย,เวียงพางคำ,44.94083333333333,22.189999999999998
2026-02-03,เชียงใหม่,ฝาง,เวียง,41.50541666666667,22.497500000000002
2026-02-03,เชียงใหม่,อมก๋อย,อมก๋อย,30.205416666666668,18.055
2026-02-03,เชียงใหม่,ฮอด,หางดง,35.903749999999995,23.201666666666668
2026-02-03,เชียงใหม่,เชียงดาว,เชียงดาว,19.27875,22.04416666666667
2026-02-03,เชียงใหม่,แม่วาง,บ้านกาด,28.2475,23.407916666666665
2026-02-03,เชียงใหม่,แม่แจ่ม,ช่างเคิ่ง,37.006875,20.77375
2026-02-03,แพร่,วังชิ้น,วังชิ้น,27.66,23.816666666666666
2026-02-03,แพร่,เด่นชัย,เด่นชัย,16.66761904761905,22.965079365079365
2026-02-03,แม่ฮ่องสอน,ขุนยวม,ขุนยวม,32.58941176470588,23.92529411764706
2026-02-03,แม่ฮ่องสอน,ปาย,เวียงเหนือ,46.52541666666667,21.4075
2026-02-03,แม่ฮ่องสอน,ปาย,เวียงใต้,37.57152777777778,21.86375
2026-02-04,น่าน,เฉลิมพระเกียรติ,ห้วยโก๋น,42.0,19.009583333333335
2026-02-04,พะเยา,เชียงม่วน,เชียงม่วน,31.02541666666667,23.197083333333335
2026-02-04,ลำปาง,แม่เมาะ,แม่เมาะ,25.017083333333332,23.5125
2026-02-04,ลำพูน,ลี้,ลี้,19.569180327868853,24.304590163934424
2026-02-04,เชียงราย,ป่าแดด,ป่าแดด,35.755833333333335,23.74
2026-02-04,เชียงราย,เทิง,เวียง,10.410416666666666,23.101249999999997
2026-02-04,เชียงราย,เมือง,รอบเวียง,41.56041666666667,22.23
2026-02-04,เชียงราย,แม่สาย,เวียงพางคำ,42.42416666666667,22.155416666666667
2026-02-04,เชียงใหม่,ฝาง,เวียง,38.98833333333334,22.455
2026-02-04,เชียงใหม่,อมก๋อย,อมก๋อย,25.793333333333333,19.3525
2026-02-04,เชียงใหม่,ฮอด,หางดง,31.4375,23.219375
2026-02-04,เชียงใหม่,เชียงดาว,เชียงดาว,14.797916666666666,21.972916666666666
2026-02-04,เชียงใหม่,แม่วาง,บ้านกาด,24.8575,23.592083333333335
2026-02-04,เชียงใหม่,แม่แจ่ม,ช่างเคิ่ง,32.011874999999996,20.555
2026-02-04,แพร่,วังชิ้น,วังชิ้น,24.300416666666667,24.160833333333333
2026-02-04,แพร่,เด่นชัย,เด่นชัย,16.814117647058822,22.86843137254902
2026-02-04,แม่ฮ่องสอน,ขุนยวม,ขุนยวม,26.04325,23.67775
2026-02-04,แม่ฮ่องสอน,ปาย,เวียงเหนือ,42.75666666666667,21.5825
2026-02-04,แม่ฮ่องสอน,ปาย,เวียงใต้,36.939166666666665,21.532916666666665
2026-02-05,น่าน,เฉลิมพระเกียรติ,ห้วยโก๋น,42.0,19.508333333333333
2026-02-05,พะเยา,เชียงม่วน,เชียงม่วน,35.977916666666665,23.991666666666664
2026-02-05,ลำปาง,แม่เมาะ,แม่เมาะ,27.701875,24.619583333333335
2026-02-05,ลำพูน,ลี้,ลี้,21.043958333333332,25.391875
2026-02-05,เชียงราย,ป่าแดด,ป่าแดด,36.97904761904762,24.495714285714286
2026-02-05,เชียงราย,เทิง,เวียง,16.608333333333334,23.788749999999997
2026-02-05,เชียงราย,เมือง,รอบเวียง,46.10583333333333,22.7075
2026-02-05,เชียงราย,แม่สาย,เวียงพางคำ,47.37708333333333,23.224166666666665
2026-02-05,เชียงใหม่,ฝาง,เวียง,43.798750000000005,22.792916666666667
2026-02-05,เชียงใหม่,อมก๋อย,อมก๋อย,20.374166666666667,20.301666666666666
2026-02-05,เชียงใหม่,ฮอด,หางดง,29.50448275862069,24.503103448275862
2026-02-05,เชียงใหม่,เชียงดาว,เชียงดาว,19.01875,22.407083333333333
2026-02-05,เชียงใหม่,แม่วาง,บ้านกาด,26.069166666666664,24.286875
2026-02-05,เชียงใหม่,แม่แจ่ม,ช่างเคิ่ง,33.913125,21.272916666666667
2026-02-05,แพร่,วังชิ้น,วังชิ้น,25.032916666666665,25.160833333333333
2026-02-05,แพร่,เด่นชัย,เด่นชัย,18.497826086956522,24.59173913043478
2026-02-05,แม่ฮ่องสอน,ขุนยวม,ขุนยวม,29.506041666666665,23.064999999999998
2026-02-05,แม่ฮ่องสอน,ปาย,เวียงเหนือ,51.47125,20.17
2026-02-05,แม่ฮ่องสอน,ปาย,เวียงใต้,41.06666666666667,22.212916666666665
2026-02-06,น่าน,เฉลิมพระเกียรติ,ห้วยโก๋น,42.0,20.034166666666668
2026-02-06,พะเยา,เชียงม่วน,เชียงม่วน,37.85875,24.173333333333332
2026-02-06,ลำปาง,แม่เมาะ,แม่เมาะ,30.200625,25.174999999999997
2026-02-06,ลำพูน,ลี้,ลี้,23.016153846153845,23.734038461538464
2026-02-06,เชียงราย,ป่าแดด,ป่าแดด,41.48,25.537894736842105
2026-02-06,เชียงราย,เทิง,เวียง,22.172083333333333,24.070833333333336
2026-02-06,เชียงราย,เมือง,รอบเวียง,53.89166666666667,22.956666666666667
2026-02-06,เชียงราย,แม่สาย,เวียงพางคำ,48.092083333333335,23.13291666666667
2026-02-06,เชียงใหม่,ฝาง,เวียง,46.17458333333334,22.976666666666663
2026-02-06,เชียงใหม่,อมก๋อย,อมก๋อย,32.266666666666666,20.223333333333333
2026-02-06,เชียงใหม่,ฮอด,หางดง,31.554166666666664,24.657291666666666
2026-02-06,เชียงใหม่,เชียงดาว,เชียงดาว,20.605416666666667,22.498333333333335
2026-02-06,เชียงใหม่,แม่วาง,บ้านกาด,27.859583333333333,24.296458333333334
2026-02-06,เชียงใหม่,แม่แจ่ม,ช่างเคิ่ง,37.60875,21.127083333333335
2026-02-06,แพร่,วังชิ้น,วังชิ้น,25.984166666666667,25.625833333333333
2026-02-06,แพร่,เด่นชัย,เด่นชัย,20.59338028169014,25.309718309859154
2026-02-06,แม่ฮ่องสอน,ขุนยวม,ขุนยวม,41.19166666666667,22.890833333333333
2026-02-06,แม่ฮ่องสอน,ปาย,เวียงเหนือ,39.344,25.22533333333333
2026-02-06,แม่ฮ่องสอน,ปาย,เวียงใต้,36.73125,22.393749999999997
2026-02-07,น่าน,เฉลิมพระเกียรติ,ห้วยโก๋น,42.0,20.559583333333332
2026-02-07,พะเยา,เชียงม่วน,เชียงม่วน,38.49,24.770833333333332
2026-02-07,ลำปาง,แม่เมาะ,แม่เมาะ,33.884375,25.379166666666666
2026-02-07,ลำพูน,ลี้,ลี้,21.765833333333333,22.59472222222222
2026-02-07,เชียงราย,ป่าแดด,ป่าแดด,44.45642857142857,25.31642857142857
2026-02-07,เชียงราย,เทิง,เวียง,22.855416666666667,24.584374999999998
2026-02-07,เชียงราย,เมือง,รอบเวียง,52.78916666666667,23.09875
2026-02-07,เชียงราย,แม่สาย,เวียงพางคำ,46.065,23.276666666666667
2026-02-07,เชียงใหม่,ฝาง,เวียง,44.782916666666665,23.012083333333333
2026-02-07,เชียงใหม่,อมก๋อย,อมก๋อย,27.507500000000004,20.252083333333335
2026-02-07,เชียงใหม่,ฮอด,หางดง,31.256249999999998,24.748541666666668
2026-02-07,เชียงใหม่,เชียงดาว,เชียงดาว,19.644166666666667,22.629166666666666
2026-02-07,เชียงใหม่,แม่วาง,บ้านกาด,30.105,24.614583333333332
2026-02-07,เชียงใหม่,แม่แจ่ม,ช่างเคิ่ง,34.23166666666666,21.169166666666666
2026-02-07,แพร่,วังชิ้น,วังชิ้น,29.113333333333333,25.718333333333334
2026-02-07,แพร่,เด่นชัย,เด่นชัย,25.448028169014083,25.396197183098593
2026-02-07,แม่ฮ่องสอน,ขุนยวม,ขุนยวม,37.371874999999996,22.894583333333333
2026-02-07,แม่ฮ่องสอน,ปาย,เวียงเหนือ,42.160833333333336,21.32875
2026-02-07,แม่ฮ่องสอน,ปาย,เวียงใต้,34.42472222222222,22.418333333333333
2026-02-08,น่าน,เฉลิมพระเกียรติ,ห้วยโก๋น,42.0,21.19666666666667
2026-02-08,พะเยา,เชียงม่วน,เชียงม่วน,37.68875,24.916666666666668
2026-02-08,ลำปาง,แม่เมาะ,แม่เมาะ,38.325625,25.52416666666667
2026-02-08,ลำพูน,ลี้,ลี้,23.211794871794872,25.14128205128205
2026-02-08,เชียงราย,ป่าแดด,ป่าแดด,40.132222222222225,25.452777777777776
2026-02-08,เชียงราย,เทิง,เวียง,21.67,25.229791666666667
2026-02-08,เชียงราย,เมือง,รอบเวียง,47.67333333333334,24.105833333333333
2026-02-08,เชียงราย,แม่สาย,เวียงพางคำ,44.219166666666666,23.872083333333336
2026-02-08,เชียงใหม่,ฝาง,เวียง,43.7825,23.229583333333334
2026-02-08,เชียงใหม่,อมก๋อย,อมก๋อย,28.575416666666666,20.03375
2026-02-08,เชียงใหม่,ฮอด,หางดง,28.349791666666665,25.020833333333332
2026-02-08,เชียงใหม่,เชียงดาว,เชียงดาว,17.715833333333332,22.9425
2026-02-08,เชียงใหม่,แม่วาง,บ้านกาด,29.13291666666667,25.270416666666666
2026-02-08,เชียงใหม่,แม่แจ่ม,ช่างเคิ่ง,30.557083333333335,21.324166666666667
2026-02-08,แพร่,วังชิ้น,วังชิ้น,31.965416666666666,25.59958333333333
2026-02-08,แพร่,เด่นชัย,เด่นชัย,28.66760563380282,25.004084507042254
2026-02-08,แม่ฮ่องสอน,ขุนยวม,ขุนยวม,28.582916666666666,23.057916666666667
2026-02-08,แม่ฮ่องสอน,ปาย,เวียงเหนือ,35.068333333333335,21.7625
2026-02-08,แม่ฮ่องสอน,ปาย,เวียงใต้,29.71263888888889,22.704166666666666
2026-02-09,น่าน,เฉลิมพระเกียรติ,ห้วยโก๋น,42.0,21.292083333333334
2026-02-09,พะเยา,เชียงม่วน,เชียงม่วน,26.52125,26.655416666666667
2026-02-09,ลำปาง,แม่เมาะ,แม่เมาะ,37.22354166666667,26.08875
2026-02-09,ลำพูน,ลี้,ลี้,25.669,25.521833333333333
2026-02-09,เชียงราย,ป่าแดด,ป่าแดด,35.867000000000004,24.889000000000003
2026-02-09,เชียงราย,เทิง,เวียง,11.721666666666666,25.058958333333333
2026-02-09,เชียงราย,เมือง,รอบเวียง,46.666666666666664,24.39625
2026-02-09,เชียงราย,แม่สาย,เวียงพางคำ,45.03958333333333,24.044583333333335
2026-02-09,เชียงใหม่,ฝาง,เวียง,42.6,23.553749999999997
2026-02-09,เชียงใหม่,อมก๋อย,อมก๋อย,32.35916666666667,20.77875
2026-02-09,เชียงใหม่,ฮอด,หางดง,29.62125,26.100416666666664
2026-02-09,เชียงใหม่,เชียงดาว,เชียงดาว,21.422916666666666,23.460833333333337
2026-02-09,เชียงใหม่,แม่วาง,บ้านกาด,34.98791666666667,25.672083333333333
2026-02-09,เชียงใหม่,แม่แจ่ม,ช่างเคิ่ง,37.79260869565218,23.176521739130433
2026-02-09,แพร่,วังชิ้น,วังชิ้น,32.14041666666667,26.102500000000003
2026-02-09,แพร่,เด่นชัย,เด่นชัย,25.47380281690141,25.836901408450704
2026-02-09,แม่ฮ่องสอน,ขุนยวม,ขุนยวม,35.324878048780484,23.704878048780486
2026-02-09,แม่ฮ่องสอน,ปาย,เวียงเหนือ,38.46,22.380416666666665
2026-02-09,แม่ฮ่องสอน,ปาย,เวียงใต้,32.711388888888884,22.967916666666667
2026-02-10,น่าน,เฉลิมพระเกียรติ,ห้วยโก๋น,42.0,21.415000000000003
2026-02-10,พะเยา,เชียงม่วน,เชียงม่วน,33.847500000000004,25.81625
2026-02-10,ลำปาง,แม่เมาะ,แม่เมาะ,31.765833333333333,26.07875
2026-02-10,ลำพูน,ลี้,ลี้,22.15659090909091,26.033636363636365
2026-02-10,เชียงราย,ป่าแดด,ป่าแดด,36.58478260869565,26.20521739130435
2026-02-10,เชียงราย,เทิง,เวียง,9.657083333333334,25.209791666666664
2026-02-10,เชียงราย,เมือง,รอบเวียง,44.99375,24.299583333333334
2026-02-10,เชียงราย,แม่สาย,เวียงพางคำ,44.842083333333335,23.925
2026-02-10,เชียงใหม่,ดอยเต่า,ดอยเต่า,21.345,29.048000000000002
2026-02-10,เชียงใหม่,ฝาง,เวียง,38.305,24.5925
2026-02-10,เชียงใหม่,อมก๋อย,อมก๋อย,28.4375,21.980416666666667
2026-02-10,เชียงใหม่,ฮอด,หางดง,27.337083333333336,26.0575
2026-02-10,เชียงใหม่,เชียงดาว,เชียงดาว,17.111458333333335,24.259583333333335
2026-02-10,เชียงใหม่,แม่วาง,บ้านกาด,34.22666666666667,25.748125
2026-02-10,เชียงใหม่,แม่แจ่ม,ช่างเคิ่ง,25.875555555555554,24.314722222222223
2026-02-10,แพร่,วังชิ้น,วังชิ้น,26.4675,26.782083333333333
2026-02-10,แพร่,เด่นชัย,เด่นชัย,22.383750000000003,26.05972222222222
2026-02-10,แม่ฮ่องสอน,ขุนยวม,ขุนยวม,32.37470588235294,25.76323529411765
2026-02-10,แม่ฮ่องสอน,ปาย,เวียงเหนือ,37.101875,23.599375000000002
2026-02-10,แม่ฮ่องสอน,ปาย,เวียงใต้,28.86819444444445,24.565833333333334
2026-02-11,น่าน,เฉลิมพระเกียรติ,ห้วยโก๋น,42.0,22.302916666666665
2026-02-11,พะเยา,เชียงม่วน,เชียงม่วน,40.348333333333336,26.237916666666667
2026-02-11,ลำปาง,แม่เมาะ,แม่เมาะ,29.802083333333332,26.740416666666665
2026-02-11,ลำพูน,ลี้,ลี้,21.166666666666668,25.646315789473682
2026-02-11,เชียงราย,ป่าแดด,ป่าแดด,34.642857142857146,27.07095238095238
2026-02-11,เชียงราย,เทิง,เวียง,12.3175,25.636875
2026-02-11,เชียงราย,เมือง,รอบเวียง,47.12041666666667,24.64916666666667
2026-02-11,เชียงราย,แม่สาย,เวียงพางคำ,43.50416666666666,24.51625
2026-02-11,เชียงใหม่,ดอยเต่า,ดอยเต่า,26.24875,26.282083333333333
2026-02-11,เชียงใหม่,ฝาง,เวียง,36.78125,24.472083333333334
2026-02-11,เชียงใหม่,อมก๋อย,อมก๋อย,28.040833333333335,21.988333333333333
2026-02-11,เชียงใหม่,ฮอด,หางดง,27.0475,26.219375
2026-02-11,เชียงใหม่,เชียงดาว,เชียงดาว,13.120416666666666,23.724999999999998
2026-02-11,เชียงใหม่,แม่วาง,บ้านกาด,30.182083333333335,26.087500000000002
2026-02-11,เชียงใหม่,แม่แจ่ม,ช่างเคิ่ง,28.013958333333335,22.160833333333333
2026-02-11,แพร่,วังชิ้น,วังชิ้น,27.515416666666667,27.153750000000002
2026-02-11,แพร่,เด่นชัย,เด่นชัย,21.789142857142856,26.75614285714286
2026-02-11,แม่ฮ่องสอน,ขุนยวม,ขุนยวม,22.676,25.647250000000003
2026-02-11,แม่ฮ่องสอน,ปาย,เวียงใต้,23.50277777777778,23.117083333333333
2026-02-12,น่าน,เฉลิมพระเกียรติ,ห้วยโก๋น,42.0,22.25916666666667
2026-02-12,พะเยา,เชียงม่วน,เชียงม่วน,49.83541666666667,26.625
2026-02-12,ลำปาง,แม่เมาะ,แม่เมาะ,27.804166666666664,27.500416666666666
2026-02-12,ลำพูน,ลี้,ลี้,18.5916,26.746799999999997
2026-02-12,เชียงราย,ป่าแดด,ป่าแดด,36.16842105263158,26.22736842105263
2026-02-12,เชียงราย,เทิง,เวียง,13.547083333333333,25.847083333333334
2026-02-12,เชียงราย,เมือง,รอบเวียง,40.88583333333333,24.527916666666666
2026-02-12,เชียงราย,แม่สาย,เวียงพางคำ,38.08083333333333,24.492499999999996
2026-02-12,เชียงใหม่,ดอยเต่า,ดอยเต่า,22.359166666666667,26.40041666666667
2026-02-12,เชียงใหม่,ฝาง,เวียง,33.1925,24.284166666666668
2026-02-12,เชียงใหม่,อมก๋อย,อมก๋อย,18.120416666666667,22.55333333333333
2026-02-12,เชียงใหม่,ฮอด,หางดง,21.545208333333335,27.093333333333334
2026-02-12,เชียงใหม่,เชียงดาว,เชียงดาว,9.771875,23.9675
2026-02-12,เชียงใหม่,แม่วาง,บ้านกาด,21.829583333333332,26.297291666666666
2026-02-12,เชียงใหม่,แม่แจ่ม,ช่างเคิ่ง,28.06875,22.023
2026-02-12,แพร่,วังชิ้น,วังชิ้น,26.9825,27.825416666666666
2026-02-12,แพร่,เด่นชัย,เด่นชัย,24.759583333333335,26.952083333333334
2026-02-12,แม่ฮ่องสอน,ขุนยวม,ขุนยวม,18.949166666666667,24.33583333333333
2026-02-12,แม่ฮ่องสอน,ปาย,เวียงใต้,21.845277777777778,24.206249999999997
2026-02-13,น่าน,เฉลิมพระเกียรติ,ห้วยโก๋น,42.0,22.10166666666667
2026-02-13,พะเยา,เชียงม่วน,เชียงม่วน,49.629999999999995,25.615416666666665
2026-02-13,ลำปาง,แม่เมาะ,แม่เมาะ,32.330625,27.36125
2026-02-13,ลำพูน,ลี้,ลี้,22.36026315789474,24.422894736842107
2026-02-13,เชียงราย,ป่าแดด,ป่าแดด,39.300625,26.418125
2026-02-13,เชียงราย,เทิง,เวียง,13.79,25.094791666666666
2026-02-13,เชียงราย,เมือง,รอบเวียง,39.10521739130434,23.896521739130435
2026-02-13,เชียงราย,แม่สาย,เวียงพางคำ,34.997083333333336,23.633750000000003
2026-02-13,เชียงใหม่,ดอยเต่า,ดอยเต่า,27.322083333333335,24.427916666666665
2026-02-13,เชียงใหม่,ฝาง,เวียง,30.70625,23.068749999999998
2026-02-13,เชียงใหม่,อมก๋อย,อมก๋อย,13.457083333333335,20.611250000000002
2026-02-13,เชียงใหม่,ฮอด,หางดง,21.138333333333332,25.597916666666666
2026-02-13,เชียงใหม่,เชียงดาว,เชียงดาว,9.721458333333333,22.506249999999998
2026-02-13,เชียงใหม่,แม่วาง,บ้านกาด,17.84125,24.994791666666668
2026-02-13,เชียงใหม่,แม่แจ่ม,ช่างเคิ่ง,19.483260869565218,21.930869565217392
2026-02-13,แพร่,วังชิ้น,วังชิ้น,29.48375,27.563333333333333
2026-02-13,แพร่,เด่นชัย,เด่นชัย,28.515833333333333,26.931805555555556
2026-02-13,แม่ฮ่องสอน,ขุนยวม,ขุนยวม,13.827916666666667,23.71375
2026-02-13,แม่ฮ่องสอน,ปาย,เวียงใต้,19.85097222222222,23.4925
2026-02-14,น่าน,เฉลิมพระเกียรติ,ห้วยโก๋น,42.0,21.887916666666666
2026-02-14,พะเยา,เชียงม่วน,เชียงม่วน,55.0375,25.27916666666667
2026-02-14,ลำปาง,แม่เมาะ,แม่เมาะ,37.422916666666666,26.755416666666665
2026-02-14,ลำพูน,ลี้,ลี้,17.120243902439025,23.208780487804876
2026-02-14,เชียงราย,ป่าแดด,ป่าแดด,40.14823529411765,25.04294117647059
2026-02-14,เชียงราย,เทิง,เวียง,16.80375,25.469166666666666
2026-02-14,เชียงราย,เมือง,รอบเวียง,40.504583333333336,23.75125
2026-02-14,เชียงราย,แม่สาย,เวียงพางคำ,38.227916666666665,24.022916666666664
2026-02-14,เชียงใหม่,ดอยเต่า,ดอยเต่า,34.8375,23.967083333333335
2026-02-14,เชียงใหม่,ฝาง,เวียง,29.488333333333333,23.21666666666667
2026-02-14,เชียงใหม่,อมก๋อย,อมก๋อย,25.989166666666666,20.25125
2026-02-14,เชียงใหม่,ฮอด,หางดง,23.776458333333334,24.947708333333335
2026-02-14,เชียงใหม่,เชียงดาว,เชียงดาว,10.182291666666666,22.615
2026-02-14,เชียงใหม่,แม่วาง,บ้านกาด,28.97125,24.744583333333335
2026-02-14,เชียงใหม่,แม่แจ่ม,ช่างเคิ่ง,22.76354166666667,21.129166666666666
2026-02-14,แพร่,วังชิ้น,วังชิ้น,34.99208333333333,26.897916666666664
2026-02-14,แพร่,เด่นชัย,เด่นชัย,37.283538461538456,26.41769230769231
2026-02-14,แม่ฮ่องสอน,ขุนยวม,ขุนยวม,16.346666666666668,23.132499999999997
2026-02-14,แม่ฮ่องสอน,ปาย,เวียงใต้,21.67263888888889,23.421666666666667
2026-02-15,น่าน,เฉลิมพระเกียรติ,ห้วยโก๋น,42.0,21.758333333333336
2026-02-15,พะเยา,เชียงม่วน,เชียงม่วน,65.4525,25.648750000000003
2026-02-15,ลำปาง,แม่เมาะ,แม่เมาะ,43.202916666666674,27.147916666666664
2026-02-15,ลำพูน,ลี้,ลี้,26.049722222222222,26.183611111111112
2026-02-15,เชียงราย,ป่าแดด,ป่าแดด,44.610454545454544,25.678181818181816
2026-02-15,เชียงราย,เทิง,เวียง,21.471249999999998,25.684375
2026-02-15,เชียงราย,เมือง,รอบเวียง,42.695,24.024583333333336
2026-02-15,เชียงราย,แม่สาย,เวียงพางคำ,40.419583333333335,24.122083333333332
2026-02-15,เชียงใหม่,ดอยเต่า,ดอยเต่า,31.333333333333332,25.122083333333336
2026-02-15,เชียงใหม่,ฝาง,เวียง,36.9575,23.77916666666667
2026-02-15,เชียงใหม่,อมก๋อย,อมก๋อย,32.69708333333333,21.184166666666666
2026-02-15,เชียงใหม่,ฮอด,หางดง,28.153958333333335,25.821458333333336
2026-02-15,เชียงใหม่,เชียงดาว,เชียงดาว,15.001276595744683,23.352978723404252
2026-02-15,เชียงใหม่,แม่วาง,บ้านกาด,65.36041666666667,25.717916666666667
2026-02-15,เชียงใหม่,แม่แจ่ม,ช่างเคิ่ง,34.37416666666667,21.52916666666667
2026-02-15,แพร่,วังชิ้น,วังชิ้น,37.29458333333333,26.485833333333332
2026-02-15,แพร่,เด่นชัย,เด่นชัย,30.862000000000002,31.667333333333332
2026-02-15,แม่ฮ่องสอน,ขุนยวม,ขุนยวม,23.149375000000003,23.684166666666666
2026-02-15,แม่ฮ่องสอน,ปาย,เวียงใต้,25.989444444444445,23.7025
2026-02-16,น่าน,เฉลิมพระเกียรติ,ห้วยโก๋น,42.0,21.921666666666667
2026-02-16,พะเยา,เชียงม่วน,เชียงม่วน,59.89208333333334,26.701666666666668
2026-02-16,ลำปาง,แม่เมาะ,แม่เมาะ,49.82666666666666,27.902916666666666
2026-02-16,ลำพูน,ลี้,ลี้,30.514848484848486,24.51787878787879
2026-02-16,เชียงราย,ป่าแดด,ป่าแดด,45.78809523809524,27.34095238095238
2026-02-16,เชียงราย,เทิง,เวียง,22.306250000000002,26.092291666666668
2026-02-16,เชียงราย,เมือง,รอบเวียง,44.1175,24.107083333333335
2026-02-16,เชียงราย,แม่สาย,เวียงพางคำ,42.489583333333336,24.133750000000003
2026-02-16,เชียงใหม่,ดอยเต่า,ดอยเต่า,30.490416666666665,25.4825
2026-02-16,เชียงใหม่,ฝาง,เวียง,35.895,23.947083333333335
2026-02-16,เชียงใหม่,สันกำแพง,สันกำแพง,35.57607142857143,29.69107142857143
2026-02-16,เชียงใหม่,อมก๋อย,อมก๋อย,32.814166666666665,21.670833333333334
2026-02-16,เชียงใหม่,ฮอด,หางดง,27.726041666666664,25.99229166666667
2026-02-16,เชียงใหม่,เชียงดาว,เชียงดาว,13.537291666666667,23.4275
2026-02-16,เชียงใหม่,แม่วาง,บ้านกาด,44.60375,25.90125
2026-02-16,เชียงใหม่,แม่แจ่ม,ช่างเคิ่ง,31.064999999999998,21.7075
2026-02-16,แพร่,วังชิ้น,วังชิ้น,40.7,27.72125
2026-02-16,แพร่,เด่นชัย,เด่นชัย,29.57,27.02766666666667
2026-02-16,แม่ฮ่องสอน,ขุนยวม,ขุนยวม,16.761458333333334,22.97083333333333
2026-02-16,แม่ฮ่องสอน,ปาย,เวียงเหนือ,23.009375,26.144375
2026-02-16,แม่ฮ่องสอน,ปาย,เวียงใต้,24.023611111111112,23.49125
2026-02-17,น่าน,เฉลิมพระเกียรติ,ห้วยโก๋น,42.0,23.209999999999997
2026-02-17,พะเยา,เชียงม่วน,เชียงม่วน,53.67958333333333,26.62708333333333
2026-02-17,ลำปาง,แม่เมาะ,แม่เมาะ,55.82041666666667,27.507500000000004
2026-02-17,ลำพูน,ลี้,ลี้,35.48684210526316,26.247894736842106
2026-02-17,เชียงราย,ป่าแดด,ป่าแดด,43.668260869565216,26.467391304347824
2026-02-17,เชียงราย,เทิง,เวียง,19.154166666666665,26.22854166666667
2026-02-17,เชียงราย,เมือง,รอบเวียง,44.17041666666666,24.264166666666668
2026-02-17,เชียงราย,แม่สาย,เวียงพางคำ,44.55791666666667,24.998333333333335
2026-02-17,เชียงใหม่,ดอยเต่า,ดอยเต่า,33.04458333333333,26.036666666666665
2026-02-17,เชียงใหม่,ฝาง,เวียง,37.66625,24.252499999999998
2026-02-17,เชียงใหม่,สันกำแพง,สันกำแพง,37.99364864864865,26.42027027027027
2026-02-17,เชียงใหม่,อมก๋อย,อมก๋อย,35.29416666666666,22.358333333333334
2026-02-17,เชียงใหม่,ฮอด,หางดง,29.941458333333333,26.198333333333334
2026-02-17,เชียงใหม่,เชียงดาว,เชียงดาว,16.582708333333333,23.46375
2026-02-17,เชียงใหม่,แม่วาง,บ้านกาด,36.475,25.859583333333333
2026-02-17,เชียงใหม่,แม่แจ่ม,ช่างเคิ่ง,34.73229166666667,22.259583333333335
2026-02-17,แพร่,วังชิ้น,วังชิ้น,41.20166666666667,27.497083333333332
2026-02-17,แพร่,เด่นชัย,เด่นชัย,34.25457142857143,31.476285714285716
2026-02-17,แม่ฮ่องสอน,ขุนยวม,ขุนยวม,22.684583333333332,23.675416666666667
2026-02-17,แม่ฮ่องสอน,ปาย,เวียงเหนือ,36.04333333333333,22.405833333333334
2026-02-17,แม่ฮ่องสอน,ปาย,เวียงใต้,31.88097222222222,23.806666666666665
2026-02-18,น่าน,เฉลิมพระเกียรติ,ห้วยโก๋น,42.0,23.258750000000003
2026-02-18,พะเยา,จุน,ห้วยข้าวก่ำ,2.3485714285714288,27.377142857142854
2026-02-18,พะเยา,เชียงม่วน,เชียงม่วน,39.086666666666666,26.942083333333333
2026-02-18,ลำปาง,แม่เมาะ,แม่เมาะ,47.79208333333333,27.999583333333334
2026-02-18,ลำพูน,ลี้,ลี้,36.76435897435897,26.58794871794872
2026-02-18,เชียงราย,ป่าแดด,ป่าแดด,42.302083333333336,26.80875
2026-02-18,เชียงราย,เทิง,เวียง,19.02875,26.349375
2026-02-18,เชียงราย,เมือง,รอบเวียง,47.30375,25.245416666666667
2026-02-18,เชียงราย,แม่สาย,เวียงพางคำ,51.07083333333333,24.954583333333332
2026-02-18,เชียงใหม่,ดอยเต่า,ดอยเต่า,41.280833333333334,26.580833333333334
2026-02-18,เชียงใหม่,ฝาง,เวียง,45.23583333333334,25.461250000000003
2026-02-18,เชียงใหม่,สันกำแพง,สันกำแพง,47.86944444444444,27.57125
2026-02-18,เชียงใหม่,อมก๋อย,อมก๋อย,43.68,22.030416666666667
2026-02-18,เชียงใหม่,ฮอด,หางดง,37.05916666666666,26.896041666666665
2026-02-18,เชียงใหม่,เชียงดาว,เชียงดาว,26.284375,24.442083333333333
2026-02-18,เชียงใหม่,แม่วาง,บ้านกาด,47.60708333333333,26.822083333333335
2026-02-18,เชียงใหม่,แม่แจ่ม,ช่างเคิ่ง,49.33291666666667,23.528333333333332
2026-02-18,แพร่,วังชิ้น,วังชิ้น,34.76708333333333,27.693749999999998
2026-02-18,แพร่,เด่นชัย,เด่นชัย,28.423661971830985,27.486338028169012
2026-02-18,แม่ฮ่องสอน,ขุนยวม,ขุนยวม,35.973125,25.402916666666666
2026-02-18,แม่ฮ่องสอน,ปาย,เวียงเหนือ,57.84708333333333,23.959999999999997
2026-02-18,แม่ฮ่องสอน,ปาย,เวียงใต้,51.179027777777776,24.485
2026-02-19,น่าน,เฉลิมพระเกียรติ,ห้วยโก๋น,31.52541666666667,23.30916666666667
2026-02-19,พะเยา,จุน,ห้วยข้าวก่ำ,2.6510000000000002,23.022
2026-02-19,พะเยา,เชียงม่วน,เชียงม่วน,25.014166666666668,27.657916666666665
2026-02-19,ลำปาง,แม่เมาะ,แม่เมาะ,36.29354166666666,27.924583333333334
2026-02-19,ลำพูน,ลี้,ลี้,34.25815789473684,25.29263157894737
2026-02-19,เชียงราย,ป่าแดด,ป่าแดด,37.05285714285714,27.684761904761906
2026-02-19,เชียงราย,เทิง,เวียง,11.342916666666667,27.115624999999998
2026-02-19,เชียงราย,เมือง,รอบเวียง,43.628125,26.12125
2026-02-19,เชียงราย,แม่สาย,เวียงพางคำ,51.21875,25.923333333333332
2026-02-19,เชียงใหม่,ดอยเต่า,ดอยเต่า,35.751666666666665,27.162916666666664
2026-02-19,เชียงใหม่,ฝาง,เวียง,45.89625,25.15833333333333
2026-02-19,เชียงใหม่,สันกำแพง,สันกำแพง,43.39486111111111,27.72416666666667
2026-02-19,เชียงใหม่,อมก๋อย,อมก๋อย,36.49166666666667,23.38083333333333
2026-02-19,เชียงใหม่,ฮอด,หางดง,31.809375,26.969791666666666
2026-02-19,เชียงใหม่,เชียงดาว,เชียงดาว,28.749375,25.059583333333332
2026-02-19,เชียงใหม่,แม่วาง,บ้านกาด,44.86958333333333,27.009583333333335
2026-02-19,เชียงใหม่,แม่แจ่ม,ช่างเคิ่ง,48.61291666666667,23.70625
2026-02-19,แพร่,วังชิ้น,วังชิ้น,26.7025,28.00708333333333
2026-02-19,แพร่,เด่นชัย,เด่นชัย,18.358305084745766,26.451186440677965
2026-02-19,แม่ฮ่องสอน,ขุนยวม,ขุนยวม,24.397499999999997,26.196250000000003
2026-02-19,แม่ฮ่องสอน,ปาย,เวียงเหนือ,58.74375,24.00583333333333
2026-02-19,แม่ฮ่องสอน,ปาย,เวียงใต้,49.71277777777778,23.74083333333333
2026-02-20,น่าน,เฉลิมพระเกียรติ,ห้วยโก๋น,22.389583333333334,22.9875
2026-02-20,พะเยา,จุน,ห้วยข้าวก่ำ,4.0409999999999995,29.278
2026-02-20,พะเยา,เชียงม่วน,เชียงม่วน,31.623333333333335,27.995416666666667
2026-02-20,ลำปาง,แม่เมาะ,แม่เมาะ,48.0725,28.377916666666668
2026-02-20,ลำพูน,ลี้,ลี้,25.18259259259259,27.24259259259259
2026-02-20,เชียงราย,ป่าแดด,ป่าแดด,30.143888888888892,26.33833333333333
2026-02-20,เชียงราย,เทิง,เวียง,4.4991666666666665,23.9875
2026-02-20,เชียงราย,เมือง,รอบเวียง,36.85916666666667,23.964166666666667
2026-02-20,เชียงราย,แม่สาย,เวียงพางคำ,39.621249999999996,24.387916666666666
2026-02-20,เชียงใหม่,ดอยเต่า,ดอยเต่า,28.49791666666667,28.0275
2026-02-20,เชียงใหม่,ฝาง,เวียง,35.675000000000004,24.182083333333335
2026-02-20,เชียงใหม่,สันกำแพง,สันกำแพง,40.435300000000005,28.4862
2026-02-20,เชียงใหม่,อมก๋อย,อมก๋อย,34.56916666666667,23.037499999999998
2026-02-20,เชียงใหม่,ฮอด,หางดง,30.23375,27.612916666666667
2026-02-20,เชียงใหม่,เชียงดาว,เชียงดาว,22.739791666666665,23.65416666666667
2026-02-20,เชียงใหม่,แม่วาง,บ้านกาด,39.962916666666665,26.666875
2026-02-20,เชียงใหม่,แม่แจ่ม,ช่างเคิ่ง,42.211276595744685,25.283617021276594
2026-02-20,แพร่,วังชิ้น,วังชิ้น,24.592916666666667,28.660416666666666
2026-02-20,แพร่,เด่นชัย,เด่นชัย,20.149166666666666,27.967361111111114
2026-02-20,แม่ฮ่องสอน,ขุนยวม,ขุนยวม,32.60936170212766,25.772978723404254
2026-02-20,แม่ฮ่องสอน,ปาย,เวียงเหนือ,56.147083333333335,24.15041666666667
2026-02-20,แม่ฮ่องสอน,ปาย,เวียงใต้,45.833333333333336,23.55875
2026-02-21,น่าน,เฉลิมพระเกียรติ,ห้วยโก๋น,29.02,23.739166666666666
2026-02-21,พะเยา,จุน,ห้วยข้าวก่ำ,4.28125,26.4575
2026-02-21,พะเยา,เชียงม่วน,เชียงม่วน,47.11291666666667,27.643333333333334
2026-02-21,ลำปาง,แม่เมาะ,แม่เมาะ,40.41041666666667,28.643333333333334
2026-02-21,ลำพูน,ลี้,ลี้,19.48483870967742,25.635483870967743
2026-02-21,เชียงราย,ป่าแดด,ป่าแดด,41.053333333333335,26.3775
2026-02-21,เชียงราย,เทิง,เวียง,17.6125,26.11145833333333
2026-02-21,เชียงราย,เมือง,รอบเวียง,43.41,25.888333333333335
2026-02-21,เชียงราย,แม่สาย,เวียงพางคำ,51.38708333333333,25.375416666666666
2026-02-21,เชียงใหม่,ดอยเต่า,ดอยเต่า,25.134583333333335,26.165000000000003
2026-02-21,เชียงใหม่,ฝาง,เวียง,42.22666666666667,23.849999999999998
2026-02-21,เชียงใหม่,สันกำแพง,สันกำแพง,36.14433333333333,25.93166666666667
2026-02-21,เชียงใหม่,อมก๋อย,อมก๋อย,33.055416666666666,23.017083333333332
2026-02-21,เชียงใหม่,ฮอด,หางดง,30.86205882352941,24.119705882352942
2026-02-21,เชียงใหม่,เชียงดาว,เชียงดาว,21.933404255319147,23.173191489361706
2026-02-21,เชียงใหม่,แม่วาง,บ้านกาด,34.82333333333333,23.523124999999997
2026-02-21,เชียงใหม่,แม่แจ่ม,ช่างเคิ่ง,41.54125,25.295833333333334
2026-02-21,แพร่,วังชิ้น,วังชิ้น,27.12375,27.679166666666664
2026-02-21,แพร่,เด่นชัย,เด่นชัย,16.46625,22.760416666666668
2026-02-21,แม่ฮ่องสอน,ขุนยวม,ขุนยวม,35.98416666666667,25.002499999999998
2026-02-21,แม่ฮ่องสอน,ปาย,เวียงเหนือ,55.34458333333333,24.33125
2026-02-21,แม่ฮ่องสอน,ปาย,เวียงใต้,45.520694444444445,23.68125
2026-02-22,น่าน,เฉลิมพระเกียรติ,ห้วยโก๋น,37.475,23.754583333333333
2026-02-22,พะเยา,จุน,ห้วยข้าวก่ำ,6.687916666666666,26.097916666666666
2026-02-22,พะเยา,เชียงม่วน,เชียงม่วน,61.068333333333335,25.718333333333334
2026-02-22,ลำปาง,แม่เมาะ,แม่เมาะ,39.174375,26.65125
2026-02-22,ลำพูน,ลี้,ลี้,26.232105263157894,24.526842105263157
2026-02-22,เชียงราย,ป่าแดด,ป่าแดด,44.00684210526316,26.22947368421053
2026-02-22,เชียงราย,เทิง,เวียง,24.514583333333334,25.5825
2026-02-22,เชียงราย,เมือง,รอบเวียง,42.5175,25.595416666666665
2026-02-22,เชียงราย,แม่สาย,เวียงพางคำ,47.51958333333334,25.454166666666666
2026-02-22,เชียงใหม่,ดอยเต่า,ดอยเต่า,30.57166666666667,24.739166666666666
2026-02-22,เชียงใหม่,ฝาง,เวียง,40.99791666666667,24.100416666666664
2026-02-22,เชียงใหม่,สันกำแพง,สันกำแพง,37.12266666666667,25.64
2026-02-22,เชียงใหม่,อมก๋อย,อมก๋อย,29.751666666666665,21.948333333333334
2026-02-22,เชียงใหม่,ฮอด,หางดง,41.839166666666664,25.39708333333333
2026-02-22,เชียงใหม่,เชียงดาว,เชียงดาว,18.01395833333333,23.2775
2026-02-22,เชียงใหม่,แม่วาง,บ้านกาด,39.9175,23.813333333333333
2026-02-22,เชียงใหม่,แม่แจ่ม,ช่างเคิ่ง,39.181666666666665,23.402916666666666
2026-02-22,แพร่,วังชิ้น,วังชิ้น,31.92,25.60083333333333
2026-02-22,แพร่,เด่นชัย,เด่นชัย,37.63157894736842,27.280877192982455
2026-02-22,แม่ฮ่องสอน,ขุนยวม,ขุนยวม,31.085416666666664,24.58458333333333
2026-02-22,แม่ฮ่องสอน,ปาย,เวียงเหนือ,42.73291666666666,23.70583333333333
2026-02-22,แม่ฮ่องสอน,ปาย,เวียงใต้,37.72569444444444,22.70041666666667
2026-02-23,น่าน,เฉลิมพระเกียรติ,ห้วยโก๋น,39.192083333333336,23.877916666666664
2026-02-23,พะเยา,จุน,ห้วยข้าวก่ำ,5.0575,26.502916666666664
2026-02-23,พะเยา,เชียงม่วน,เชียงม่วน,53.682500000000005,26.826666666666668
2026-02-23,ลำปาง,แม่เมาะ,แม่เมาะ,45.08541666666667,26.874583333333334
2026-02-23,ลำพูน,ลี้,ลี้,23.02452380952381,25.16880952380952
2026-02-23,เชียงราย,ป่าแดด,ป่าแดด,50.932380952380946,26.268571428571427
2026-02-23,เชียงราย,เทิง,เวียง,26.605833333333333,26.072083333333335
2026-02-23,เชียงราย,เมือง,รอบเวียง,45.5925,25.3475
2026-02-23,เชียงราย,แม่สาย,เวียงพางคำ,44.22083333333333,24.902083333333334
2026-02-23,เชียงใหม่,ดอยเต่า,ดอยเต่า,27.251666666666665,25.77916666666667
2026-02-23,เชียงใหม่,ฝาง,เวียง,42.030833333333334,25.125
2026-02-23,เชียงใหม่,สันกำแพง,สันกำแพง,41.30641025641026,25.792564102564103
2026-02-23,เชียงใหม่,อมก๋อย,อมก๋อย,32.739583333333336,22.623333333333335
2026-02-23,เชียงใหม่,ฮอด,หางดง,42.33583333333333,25.057083333333335
2026-02-23,เชียงใหม่,เชียงดาว,เชียงดาว,16.895833333333332,24.535416666666666
2026-02-23,เชียงใหม่,แม่วาง,บ้านกาด,37.90958333333334,24.564166666666665
2026-02-23,เชียงใหม่,แม่แจ่ม,ช่างเคิ่ง,40.840294117647055,22.66235294117647
2026-02-23,แพร่,วังชิ้น,วังชิ้น,32.52333333333333,27.3475
2026-02-23,แพร่,เด่นชัย,เด่นชัย,37.3844,29.261
2026-02-23,แม่ฮ่องสอน,ขุนยวม,ขุนยวม,40.655833333333334,24.597916666666666
2026-02-23,แม่ฮ่องสอน,ปาย,เวียงเหนือ,36.36958333333333,24.196250000000003
2026-02-23,แม่ฮ่องสอน,ปาย,เวียงใต้,30.34305555555555,23.74625
2026-02-24,น่าน,เฉลิมพระเกียรติ,ห้วยโก๋น,35.788333333333334,23.08666666666667
2026-02-24,พะเยา,จุน,ห้วยข้าวก่ำ,3.2025,25.480416666666667
2026-02-24,พะเยา,เชียงม่วน,เชียงม่วน,44.7875,26.410833333333333
2026-02-24,ลำปาง,แม่เมาะ,แม่เมาะ,37.12104166666666,26.730416666666667
2026-02-24,ลำพูน,ลี้,ลี้,18.8415625,24.610625
2026-02-24,เชียงราย,ป่าแดด,ป่าแดด,43.48875,24.695416666666663
2026-02-24,เชียงราย,เทิง,เวียง,24.352500000000003,24.604166666666668
2026-02-24,เชียงราย,เมือง,รอบเวียง,43.259166666666665,23.726249999999997
2026-02-24,เชียงราย,แม่สาย,เวียงพางคำ,53.374583333333334,23.65125
2026-02-24,เชียงใหม่,ดอยเต่า,ดอยเต่า,15.815,26.40416666666667
2026-02-24,เชียงใหม่,ฝาง,เวียง,37.72875,22.658749999999998
2026-02-24,เชียงใหม่,สันกำแพง,สันกำแพง,28.89156862745098,25.605490196078435
2026-02-24,เชียงใหม่,อมก๋อย,อมก๋อย,7.912916666666667,22.73375
2026-02-24,เชียงใหม่,ฮอด,หางดง,23.916666666666668,26.361041666666665
2026-02-24,เชียงใหม่,เชียงดาว,เชียงดาว,8.880625,22.921666666666667
2026-02-24,เชียงใหม่,แม่วาง,บ้านกาด,15.612916666666665,24.85229166666667
2026-02-24,เชียงใหม่,แม่แจ่ม,ช่างเคิ่ง,19.101750000000003,22.81525
2026-02-24,แพร่,วังชิ้น,วังชิ้น,29.999166666666667,26.971249999999998
2026-02-24,แพร่,เด่นชัย,เด่นชัย,38.45962264150943,28.252075471698113
2026-02-24,แม่ฮ่องสอน,ขุนยวม,ขุนยวม,22.24,21.432083333333335
2026-02-24,แม่ฮ่องสอน,ปาย,เวียงเหนือ,23.277083333333334,21.281666666666666
2026-02-24,แม่ฮ่องสอน,ปาย,เวียงใต้,20.06861111111111,20.111666666666665
2026-02-25,น่าน,เฉลิมพระเกียรติ,ห้วยโก๋น,22.741249999999997,21.526666666666667
2026-02-25,พะเยา,จุน,ห้วยข้าวก่ำ,1.9573333333333334,24.409333333333333
2026-02-25,พะเยา,เชียงม่วน,เชียงม่วน,28.888333333333335,24.637916666666666
2026-02-25,ลำปาง,วังเหนือ,วังเหนือ,5.125,25.375
2026-02-25,ลำปาง,แม่เมาะ,แม่เมาะ,33.49604166666666,24.838333333333335
2026-02-25,ลำพูน,ลี้,ลี้,15.237714285714286,23.678571428571427
2026-02-25,เชียงราย,ป่าแดด,ป่าแดด,23.906666666666666,22.312083333333334
2026-02-25,เชียงราย,เทิง,เวียง,12.971304347826086,22.125652173913043
2026-02-25,เชียงราย,เมือง,รอบเวียง,20.090833333333332,20.214375
2026-02-25,เชียงราย,แม่สาย,เวียงพางคำ,26.948333333333334,20.13083333333333
2026-02-25,เชียงใหม่,ดอยเต่า,ดอยเต่า,9.470416666666667,25.091250000000002
2026-02-25,เชียงใหม่,ฝาง,เวียง,13.570416666666667,18.789166666666667
2026-02-25,เชียงใหม่,สันกำแพง,สันกำแพง,5.813963963963964,24.137117117117118
2026-02-25,เชียงใหม่,อมก๋อย,อมก๋อย,16.224166666666665,21.559166666666666
2026-02-25,เชียงใหม่,ฮอด,หางดง,11.95125,25.526875
2026-02-25,เชียงใหม่,เชียงดาว,เชียงดาว,4.081470588235295,20.183529411764706
2026-02-25,เชียงใหม่,แม่วาง,บ้านกาด,9.719583333333334,24.16
2026-02-25,เชียงใหม่,แม่แจ่ม,ช่างเคิ่ง,12.263125,22.212500000000002
2026-02-25,แพร่,วังชิ้น,วังชิ้น,26.023749999999996,26.9675
2026-02-25,แพร่,เด่นชัย,เด่นชัย,30.48384615384615,26.185897435897434
2026-02-25,แม่ฮ่องสอน,ขุนยวม,ขุนยวม,6.615531914893618,18.620212765957447
2026-02-25,แม่ฮ่องสอน,ปาย,เวียงเหนือ,15.677083333333334,19.140416666666667
2026-02-25,แม่ฮ่องสอน,ปาย,เวียงใต้,12.55888888888889,17.513333333333335
2026-02-26,น่าน,เฉลิมพระเกียรติ,ห้วยโก๋น,12.407083333333333,21.63
2026-02-26,พะเยา,จุน,ห้วยข้าวก่ำ,1.04,21.836000000000002
2026-02-26,พะเยา,เชียงม่วน,เชียงม่วน,7.945833333333333,25.791666666666668
2026-02-26,ลำปาง,แม่เมาะ,แม่เมาะ,15.566458333333332,26.038749999999997
2026-02-26,ลำพูน,ลี้,ลี้,8.741875,24.5825
2026-02-26,เชียงราย,ป่าแดด,ป่าแดด,11.649090909090908,24.03681818181818
2026-02-26,เชียงราย,เทิง,เวียง,1.195,24.791249999999998
2026-02-26,เชียงราย,เมือง,รอบเวียง,21.772499999999997,21.977083333333336
2026-02-26,เชียงราย,แม่สาย,เวียงพางคำ,26.35083333333333,21.501666666666665
2026-02-26,เชียงใหม่,ดอยเต่า,ดอยเต่า,9.839583333333334,25.2225
2026-02-26,เชียงใหม่,ฝาง,เวียง,18.355416666666667,21.23125
2026-02-26,เชียงใหม่,สันกำแพง,สันกำแพง,13.093826086956522,25.44069565217391
2026-02-26,เชียงใหม่,อมก๋อย,อมก๋อย,11.766666666666666,22.761666666666667
2026-02-26,เชียงใหม่,ฮอด,หางดง,13.759583333333333,25.556458333333335
2026-02-26,เชียงใหม่,เชียงดาว,เชียงดาว,4.514,23.8125
2026-02-26,เชียงใหม่,แม่วาง,บ้านกาด,8.963333333333333,24.3
2026-02-26,เชียงใหม่,แม่แจ่ม,ช่างเคิ่ง,16.898,23.1312
2026-02-26,แพร่,วังชิ้น,วังชิ้น,13.055,27.956666666666667
2026-02-26,แพร่,เด่นชัย,เด่นชัย,10.624098360655738,27.601147540983607
2026-02-26,แม่ฮ่องสอน,ขุนยวม,ขุนยวม,7.620625,23.002916666666668
2026-02-26,แม่ฮ่องสอน,ปาย,เวียงเหนือ,14.070416666666667,22.620416666666667
2026-02-26,แม่ฮ่องสอน,ปาย,เวียงใต้,11.551944444444445,21.934583333333332
2026-02-27,น่าน,เฉลิมพระเกียรติ,ห้วยโก๋น,14.8975,23.082916666666666
2026-02-27,พะเยา,จุน,ห้วยข้าวก่ำ,1.289375,26.155
2026-02-27,พะเยา,เชียงม่วน,เชียงม่วน,27.073333333333334,27.13625
2026-02-27,ลำปาง,แม่เมาะ,แม่เมาะ,26.61645833333333,27.4825
2026-02-27,ลำพูน,ลี้,ลี้,15.136341463414634,26.442195121951215
2026-02-27,เชียงราย,ป่าแดด,ป่าแดด,22.44454545454545,26.410454545454545
2026-02-27,เชียงราย,เทิง,เวียง,4.67625,25.480833333333333
2026-02-27,เชียงราย,เมือง,รอบเวียง,31.83375,24.116249999999997
2026-02-27,เชียงราย,แม่สาย,เวียงพางคำ,35.95875,23.72375
2026-02-27,เชียงใหม่,ดอยเต่า,ดอยเต่า,21.904583333333335,27.625833333333333
2026-02-27,เชียงใหม่,ฝาง,เวียง,31.14333333333333,22.63083333333333
2026-02-27,เชียงใหม่,สันกำแพง,สันกำแพง,27.22308333333333,26.955416666666668
2026-02-27,เชียงใหม่,อมก๋อย,อมก๋อย,28.98375,23.255416666666665
2026-02-27,เชียงใหม่,ฮอด,หางดง,29.812083333333334,27.209374999999998
2026-02-27,เชียงใหม่,เชียงดาว,เชียงดาว,9.513541666666667,24.202083333333334
2026-02-27,เชียงใหม่,แม่วาง,บ้านกาด,21.798333333333332,26.04041666666667
2026-02-27,เชียงใหม่,แม่แจ่ม,ช่างเคิ่ง,29.472083333333334,23.993750000000002
2026-02-27,เชียงใหม่,แม่แตง,สันมหาพน,24.289285714285715,29.965714285714284
2026-02-27,แพร่,วังชิ้น,วังชิ้น,16.339583333333334,28.87708333333333
2026-02-27,แพร่,เด่นชัย,เด่นชัย,16.485454545454544,28.10939393939394
2026-02-27,แม่ฮ่องสอน,ขุนยวม,ขุนยวม,21.20145833333333,24.190416666666668
2026-02-27,แม่ฮ่องสอน,ปาย,เวียงเหนือ,26.650833333333335,23.400833333333335
2026-02-27,แม่ฮ่องสอน,ปาย,เวียงใต้,24.235555555555557,23.145
2026-02-28,น่าน,เฉลิมพระเกียรติ,ห้วยโก๋น,24.421666666666667,24.29958333333333
2026-02-28,พะเยา,จุน,ห้วยข้าวก่ำ,2.2254166666666664,27.515416666666667
2026-02-28,พะเยา,เชียงม่วน,เชียงม่วน,48.22416666666667,28.339583333333334
2026-02-28,ลำปาง,แม่เมาะ,แม่เมาะ,37.963125,28.08125
2026-02-28,ลำพูน,ลี้,ลี้,25.827727272727273,26.00772727272727
2026-02-28,เชียงราย,ป่าแดด,ป่าแดด,36.85944444444445,27.151666666666667
2026-02-28,เชียงราย,เทิง,เวียง,13.246666666666668,26.730416666666667
2026-02-28,เชียงราย,เมือง,รอบเวียง,38.958333333333336,25.687708333333333
2026-02-28,เชียงราย,แม่สาย,เวียงพางคำ,42.025,24.523636363636363
2026-02-28,เชียงใหม่,ดอยเต่า,ดอยเต่า,35.634166666666665,27.142916666666665
2026-02-28,เชียงใหม่,ฝาง,เวียง,37.16909090909091,24.398636363636363
2026-02-28,เชียงใหม่,สันกำแพง,สันกำแพง,34.38533333333333,26.978333333333335
2026-02-28,เชียงใหม่,อมก๋อย,อมก๋อย,40.861666666666665,21.743333333333336
2026-02-28,เชียงใหม่,ฮอด,หางดง,44.12958333333333,27.036041666666666
2026-02-28,เชียงใหม่,เชียงดาว,เชียงดาว,19.044166666666666,24.265
2026-02-28,เชียงใหม่,แม่วาง,บ้านกาด,38.80708333333333,26.090208333333333
2026-02-28,เชียงใหม่,แม่แจ่ม,ช่างเคิ่ง,46.493125,23.743125
2026-02-28,เชียงใหม่,แม่แตง,สันมหาพน,33.158181818181816,25.879545454545454
2026-02-28,แพร่,วังชิ้น,วังชิ้น,24.28625,29.0
2026-02-28,แพร่,เด่นชัย,เด่นชัย,19.22394736842105,29.328157894736844
2026-02-28,แม่ฮ่องสอน,ขุนยวม,ขุนยวม,40.20520833333333,24.729166666666668
2026-02-28,แม่ฮ่องสอน,ปาย,เวียงเหนือ,43.3675,23.469166666666666
2026-02-28,แม่ฮ่องสอน,ปาย,เวียงใต้,38.78185714285714,24.129
2026-03-01,น่าน,เฉลิมพระเกียรติ,ห้วยโก๋น,31.947083333333335,23.857083333333332
2026-03-01,พะเยา,จุน,ห้วยข้าวก่ำ,4.07625,27.55541666666667
2026-03-01,พะเยา,เชียงม่วน,เชียงม่วน,91.75291666666668,27.672083333333333
2026-03-01,ลำปาง,แม่เมาะ,แม่เมาะ,46.26145833333334,28.122083333333332
2026-03-01,ลำพูน,ลี้,ลี้,26.690263157894737,27.092105263157894
2026-03-01,เชียงราย,ป่าแดด,ป่าแดด,43.53625,24.63375
2026-03-01,เชียงราย,เทิง,เวียง,16.109583333333333,26.26291666666667
2026-03-01,เชียงราย,เมือง,รอบเวียง,37.61375,25.25375
2026-03-01,เชียงราย,แม่สาย,เวียงพางคำ,45.07916666666667,23.97083333333333
2026-03-01,เชียงใหม่,ดอยเต่า,ดอยเต่า,38.987500000000004,26.001666666666665
2026-03-01,เชียงใหม่,ฝาง,เวียง,38.42541666666667,23.36916666666667
2026-03-01,เชียงใหม่,สันกำแพง,สันกำแพง,39.02616666666667,26.574166666666667
2026-03-01,เชียงใหม่,อมก๋อย,อมก๋อย,39.57375,20.460416666666667
2026-03-01,เชียงใหม่,ฮอด,หางดง,43.404583333333335,26.13083333333333
2026-03-01,เชียงใหม่,เชียงดาว,เชียงดาว,22.432708333333334,23.431250000000002
2026-03-01,เชียงใหม่,แม่วาง,บ้านกาด,37.93416666666666,25.519791666666666
2026-03-01,เชียงใหม่,แม่แจ่ม,ช่างเคิ่ง,39.317083333333336,22.52541666666667
2026-03-01,เชียงใหม่,แม่แตง,สันมหาพน,35.839999999999996,24.917916666666667
2026-03-01,แพร่,วังชิ้น,วังชิ้น,32.9475,28.443749999999998
2026-03-01,แพร่,เด่นชัย,เด่นชัย,35.8652380952381,28.53174603174603
2026-03-01,แม่ฮ่องสอน,ขุนยวม,ขุนยวม,41.10166666666667,23.575
2026-03-01,แม่ฮ่องสอน,ปาย,เวียงเหนือ,42.75083333333333,23.052083333333332
2026-03-01,แม่ฮ่องสอน,ปาย,เวียงใต้,38.18111111111111,23.689583333333335
2026-03-02,น่าน,เฉลิมพระเกียรติ,ห้วยโก๋น,45.55083333333334,22.6075
2026-03-02,พะเยา,จุน,ห้วยข้าวก่ำ,8.922083333333333,25.860416666666666
2026-03-02,พะเยา,เชียงม่วน,เชียงม่วน,142.52791666666667,26.239583333333332
2026-03-02,ลำปาง,แม่เมาะ,แม่เมาะ,56.92291666666667,27.12
2026-03-02,ลำพูน,ลี้,ลี้,37.798205128205126,26.421794871794873
2026-03-02,เชียงราย,ป่าแดด,ป่าแดด,48.45478260869565,25.381304347826084
2026-03-02,เชียงราย,เทิง,เวียง,23.264166666666668,25.073333333333334
2026-03-02,เชียงราย,เมือง,รอบเวียง,47.718333333333334,23.82625
2026-03-02,เชียงราย,แม่สาย,เวียงพางคำ,56.75541666666667,23.72458333333333
2026-03-02,เชียงใหม่,ดอยเต่า,ดอยเต่า,48.54541666666666,26.139583333333334
2026-03-02,เชียงใหม่,ฝาง,เวียง,48.24541666666667,22.956666666666667
2026-03-02,เชียงใหม่,สันกำแพง,สันกำแพง,41.250750000000004,25.679166666666667
2026-03-02,เชียงใหม่,อมก๋อย,อมก๋อย,33.518750000000004,20.742916666666666
2026-03-02,เชียงใหม่,ฮอด,หางดง,40.65291666666666,26.072916666666668
2026-03-02,เชียงใหม่,เชียงดาว,เชียงดาว,21.205208333333335,23.35875
2026-03-02,เชียงใหม่,แม่วาง,บ้านกาด,38.72125,25.18625
2026-03-02,เชียงใหม่,แม่แจ่ม,ช่างเคิ่ง,38.77854166666667,22.099999999999998
2026-03-02,เชียงใหม่,แม่แตง,สันมหาพน,36.06791666666667,24.9675
2026-03-02,แพร่,วังชิ้น,วังชิ้น,32.75666666666667,27.94125
2026-03-02,แพร่,เด่นชัย,เด่นชัย,39.93741935483871,27.83951612903226
2026-03-02,แม่ฮ่องสอน,ขุนยวม,ขุนยวม,40.79958333333334,22.895833333333332
2026-03-02,แม่ฮ่องสอน,ปาย,เวียงเหนือ,45.397083333333335,22.50916666666667
2026-03-02,แม่ฮ่องสอน,ปาย,เวียงใต้,39.18541666666667,23.313333333333333
2026-03-03,น่าน,เฉลิมพระเกียรติ,ห้วยโก๋น,54.3225,22.13291666666667
2026-03-03,พะเยา,จุน,ห้วยข้าวก่ำ,15.326666666666666,24.60875
2026-03-03,พะเยา,เชียงม่วน,เชียงม่วน,121.51166666666666,25.166666666666668
2026-03-03,ลำปาง,แม่เมาะ,แม่เมาะ,126.18708333333335,26.748333333333335
2026-03-03,ลำพูน,ลี้,ลี้,64.03805555555556,24.186666666666667
2026-03-03,เชียงราย,ป่าแดด,ป่าแดด,55.23684210526316,24.913157894736845
2026-03-03,เชียงราย,เทิง,เวียง,31.630416666666665,24.761458333333334
2026-03-03,เชียงราย,เมือง,รอบเวียง,70.72041666666667,23.535625
2026-03-03,เชียงราย,แม่สาย,เวียงพางคำ,71.71916666666667,23.739166666666666
2026-03-03,เชียงใหม่,ดอยเต่า,ดอยเต่า,80.23,24.335833333333337
2026-03-03,เชียงใหม่,ฝาง,เวียง,70.33375,22.58125
2026-03-03,เชียงใหม่,สันกำแพง,สันกำแพง,53.52916666666667,25.399166666666666
2026-03-03,เชียงใหม่,อมก๋อย,อมก๋อย,46.65208333333334,21.26
2026-03-03,เชียงใหม่,ฮอด,หางดง,63.23416666666666,25.117708333333336
2026-03-03,เชียงใหม่,เชียงดาว,เชียงดาว,34.13979166666667,22.909583333333334
2026-03-03,เชียงใหม่,แม่วาง,บ้านกาด,52.449999999999996,25.213958333333334
2026-03-03,เชียงใหม่,แม่แจ่ม,ช่างเคิ่ง,75.1432,22.183200000000003
2026-03-03,เชียงใหม่,แม่แตง,สันมหาพน,45.49166666666667,25.026666666666667
2026-03-03,แพร่,วังชิ้น,วังชิ้น,72.48791666666666,26.117499999999996
2026-03-03,แพร่,เด่นชัย,เด่นชัย,68.85000000000001,25.038095238095238
2026-03-03,แม่ฮ่องสอน,ขุนยวม,ขุนยวม,50.370999999999995,25.035999999999998
2026-03-03,แม่ฮ่องสอน,ปาย,เวียงเหนือ,65.89826086956522,22.59130434782609
2026-03-03,แม่ฮ่องสอน,ปาย,เวียงใต้,55.37222222222223,23.1775
2026-03-04,น่าน,เฉลิมพระเกียรติ,ห้วยโก๋น,57.06583333333333,22.599166666666665
2026-03-04,พะเยา,จุน,ห้วยข้าวก่ำ,19.219583333333333,24.627916666666664
2026-03-04,พะเยา,เชียงม่วน,เชียงม่วน,139.0220833333333,24.959166666666665
2026-03-04,ลำปาง,วังเหนือ,วังเหนือ,85.17923076923077,30.087692307692308
2026-03-04,ลำปาง,แม่เมาะ,แม่เมาะ,155.74729166666665,27.080833333333334
2026-03-04,ลำพูน,ลี้,ลี้,69.46142857142857,25.71746031746032
2026-03-04,เชียงราย,ป่าแดด,ป่าแดด,72.02454545454545,25.43318181818182
2026-03-04,เชียงราย,เทิง,เวียง,35.86875,24.74875
2026-03-04,เชียงราย,เมือง,รอบเวียง,83.14791666666666,23.797708333333333
2026-03-04,เชียงราย,แม่สาย,เวียงพางคำ,83.08291666666666,24.615
2026-03-04,เชียงใหม่,ดอยเต่า,ดอยเต่า,84.86791666666666,26.120833333333334
2026-03-04,เชียงใหม่,ฝาง,เวียง,78.24791666666667,23.303749999999997
2026-03-04,เชียงใหม่,สันกำแพง,สันกำแพง,66.00872881355932,25.566525423728812
2026-03-04,เชียงใหม่,อมก๋อย,อมก๋อย,50.49458333333333,22.618333333333336
2026-03-04,เชียงใหม่,ฮอด,หางดง,101.36208333333333,26.188541666666666
2026-03-04,เชียงใหม่,เชียงดาว,เชียงดาว,45.406041666666674,23.36916666666667
2026-03-04,เชียงใหม่,แม่วาง,บ้านกาด,69.74833333333333,25.610416666666666
2026-03-04,เชียงใหม่,แม่แจ่ม,ช่างเคิ่ง,73.12731707317073,24.380243902439027
2026-03-04,เชียงใหม่,แม่แตง,สันมหาพน,55.800000000000004,25.247083333333332
2026-03-04,แพร่,วังชิ้น,วังชิ้น,69.99291666666666,26.427916666666665
2026-03-04,แพร่,เด่นชัย,เด่นชัย,52.53557142857143,26.550285714285714
2026-03-04,แม่ฮ่องสอน,ขุนยวม,ขุนยวม,61.905227272727274,25.212272727272726
2026-03-04,แม่ฮ่องสอน,ปาย,เวียงเหนือ,85.05666666666666,23.115
2026-03-04,แม่ฮ่องสอน,ปาย,เวียงใต้,75.35180555555556,23.69666666666667
2026-03-05,น่าน,เฉลิมพระเกียรติ,ห้วยโก๋น,42.760416666666664,23.44458333333333
2026-03-05,พะเยา,จุน,ห้วยข้าวก่ำ,14.737499999999999,25.34708333333333
2026-03-05,พะเยา,เชียงม่วน,เชียงม่วน,111.57166666666666,26.96375
2026-03-05,ลำปาง,วังเหนือ,วังเหนือ,96.55833333333334,25.09583333333333
2026-03-05,ลำปาง,แม่เมาะ,แม่เมาะ,71.63645833333334,27.15833333333333
2026-03-05,ลำพูน,ลี้,ลี้,67.85036036036037,26.708648648648648
2026-03-05,เชียงราย,ป่าแดด,ป่าแดด,76.92619047619048,26.489047619047618
2026-03-05,เชียงราย,เทิง,เวียง,35.861666666666665,26.040833333333335
2026-03-05,เชียงราย,เมือง,รอบเวียง,94.695,24.566875
2026-03-05,เชียงราย,แม่สาย,เวียงพางคำ,100.69833333333334,24.420416666666668
2026-03-05,เชียงใหม่,ดอยเต่า,ดอยเต่า,50.53541666666666,27.375833333333333
2026-03-05,เชียงใหม่,ฝาง,เวียง,77.06208333333333,24.171666666666667
2026-03-05,เชียงใหม่,สันกำแพง,สันกำแพง,73.61858333333333,26.626666666666665
2026-03-05,เชียงใหม่,อมก๋อย,อมก๋อย,51.32041666666667,23.312083333333334
2026-03-05,เชียงใหม่,ฮอด,หางดง,71.17541666666666,27.85083333333333
2026-03-05,เชียงใหม่,เชียงดาว,เชียงดาว,51.19104166666667,24.00583333333333
2026-03-05,เชียงใหม่,แม่วาง,บ้านกาด,88.35166666666667,26.86708333333333
2026-03-05,เชียงใหม่,แม่แจ่ม,ช่างเคิ่ง,70.84708333333333,25.37375
2026-03-05,เชียงใหม่,แม่แตง,สันมหาพน,64.18249999999999,25.968333333333334
2026-03-05,แพร่,วังชิ้น,วังชิ้น,43.71541666666667,26.689166666666665
2026-03-05,แพร่,เด่นชัย,เด่นชัย,41.11125,26.74361111111111
2026-03-05,แม่ฮ่องสอน,ขุนยวม,ขุนยวม,52.236875,25.345
2026-03-05,แม่ฮ่องสอน,ปาย,เวียงเหนือ,99.91541666666666,23.604583333333334
2026-03-05,แม่ฮ่องสอน,ปาย,เวียงใต้,80.70722222222223,23.814583333333335
2026-03-06,น่าน,เฉลิมพระเกียรติ,ห้วยโก๋น,33.71333333333333,24.15041666666667
2026-03-06,พะเยา,จุน,ห้วยข้าวก่ำ,4.440833333333333,27.378333333333334
2026-03-06,พะเยา,เชียงม่วน,เชียงม่วน,32.4625,29.110416666666666
2026-03-06,ลำปาง,วังเหนือ,วังเหนือ,66.81041666666667,25.579583333333332
2026-03-06,ลำปาง,แม่เมาะ,แม่เมาะ,70.6125,26.8175
2026-03-06,ลำพูน,ลี้,ลี้,44.733939393939394,25.436969696969697
2026-03-06,เชียงราย,ป่าแดด,ป่าแดด,58.18454545454545,27.104090909090907
2026-03-06,เชียงราย,เทิง,เวียง,23.01,27.027291666666667
2026-03-06,เชียงราย,เมือง,รอบเวียง,65.62166666666667,25.661458333333332
2026-03-06,เชียงราย,แม่สาย,เวียงพางคำ,79.23291666666667,24.929166666666664
2026-03-06,เชียงใหม่,ดอยเต่า,ดอยเต่า,41.47416666666667,26.94
2026-03-06,เชียงใหม่,ฝาง,เวียง,66.77583333333332,24.55875
2026-03-06,เชียงใหม่,สันกำแพง,สันกำแพง,63.041916666666665,26.58833333333333
2026-03-06,เชียงใหม่,อมก๋อย,อมก๋อย,45.930416666666666,22.43041666666667
2026-03-06,เชียงใหม่,ฮอด,หางดง,64.96333333333334,26.588125
2026-03-06,เชียงใหม่,เชียงดาว,เชียงดาว,38.99729166666666,24.057083333333335
2026-03-06,เชียงใหม่,แม่วาง,บ้านกาด,73.5525,26.565208333333334
2026-03-06,เชียงใหม่,แม่แจ่ม,ช่างเคิ่ง,62.670208333333335,24.9575
2026-03-06,เชียงใหม่,แม่แตง,สันมหาพน,58.362500000000004,25.6575
2026-03-06,แพร่,วังชิ้น,วังชิ้น,38.71375,25.56125
2026-03-06,แพร่,เด่นชัย,เด่นชัย,29.63809523809524,28.304285714285715
2026-03-06,แม่ฮ่องสอน,ขุนยวม,ขุนยวม,45.68125,25.93958333333333
2026-03-06,แม่ฮ่องสอน,ปาย,เวียงเหนือ,87.15875,24.1825
2026-03-06,แม่ฮ่องสอน,ปาย,เวียงใต้,70.43083333333334,24.19291666666667
2026-03-07,น่าน,เฉลิมพระเกียรติ,ห้วยโก๋น,28.754583333333333,24.550833333333333
2026-03-07,พะเยา,จุน,ห้วยข้าวก่ำ,5.15375,28.160833333333333
2026-03-07,พะเยา,เชียงม่วน,เชียงม่วน,65.61791666666666,28.805833333333336
2026-03-07,ลำปาง,วังเหนือ,วังเหนือ,60.71625,26.659166666666668
2026-03-07,ลำปาง,แม่เมาะ,แม่เมาะ,42.788125,27.699166666666667
2026-03-07,ลำพูน,ลี้,ลี้,36.841138211382116,25.078536585365853
2026-03-07,เชียงราย,ป่าแดด,ป่าแดด,62.74227272727273,27.451818181818183
2026-03-07,เชียงราย,เทิง,เวียง,24.452916666666667,27.70958333333333
2026-03-07,เชียงราย,เมือง,รอบเวียง,51.284166666666664,26.443125
2026-03-07,เชียงราย,แม่สาย,เวียงพางคำ,55.901250000000005,25.614583333333332
2026-03-07,เชียงใหม่,ดอยเต่า,ดอยเต่า,34.21541666666666,27.910833333333333
2026-03-07,เชียงใหม่,ฝาง,เวียง,49.612500000000004,25.722083333333334
2026-03-07,เชียงใหม่,สันกำแพง,สันกำแพง,50.38441666666667,27.670833333333334
2026-03-07,เชียงใหม่,อมก๋อย,อมก๋อย,44.13625,23.397499999999997
2026-03-07,เชียงใหม่,ฮอด,หางดง,47.263749999999995,27.559791666666666
2026-03-07,เชียงใหม่,เชียงดาว,เชียงดาว,29.43104166666667,25.49
2026-03-07,เชียงใหม่,แม่วาง,บ้านกาด,45.874583333333334,27.614583333333332
2026-03-07,เชียงใหม่,แม่แจ่ม,ช่างเคิ่ง,50.109375,25.179166666666664
2026-03-07,เชียงใหม่,แม่แตง,สันมหาพน,45.68333333333334,26.91541666666667
2026-03-07,แพร่,วังชิ้น,วังชิ้น,27.634583333333335,27.590833333333336
2026-03-07,แพร่,เด่นชัย,เด่นชัย,26.423076923076923,30.15769230769231
2026-03-07,แม่ฮ่องสอน,ขุนยวม,ขุนยวม,41.61541666666667,26.215833333333336
2026-03-07,แม่ฮ่องสอน,ปาย,เวียงเหนือ,63.260416666666664,25.755
2026-03-07,แม่ฮ่องสอน,ปาย,เวียงใต้,52.764027777777784,25.382916666666667
2026-03-08,น่าน,เฉลิมพระเกียรติ,ห้วยโก๋น,30.50791666666667,24.322083333333335
2026-03-08,พะเยา,จุน,ห้วยข้าวก่ำ,5.744583333333334,29.02333333333333
2026-03-08,พะเยา,เชียงม่วน,เชียงม่วน,63.335,28.669166666666666
2026-03-08,ลำปาง,วังเหนือ,วังเหนือ,60.117916666666666,26.86375
2026-03-08,ลำปาง,แม่เมาะ,แม่เมาะ,35.145833333333336,28.390833333333333
2026-03-08,ลำพูน,ลี้,ลี้,37.66684684684685,25.603783783783783
2026-03-08,เชียงราย,ป่าแดด,ป่าแดด,33.05,28.373043478260872
2026-03-08,เชียงราย,เทิง,เวียง,30.765,28.055208333333336
2026-03-08,เชียงราย,เมือง,รอบเวียง,54.77375,27.099375
2026-03-08,เชียงราย,แม่สาย,เวียงพางคำ,67.94041666666666,26.123333333333335
2026-03-08,เชียงใหม่,ดอยเต่า,ดอยเต่า,36.160833333333336,28.4875
2026-03-08,เชียงใหม่,ฝาง,เวียง,48.81333333333333,25.837083333333336
2026-03-08,เชียงใหม่,สันกำแพง,สันกำแพง,40.46541666666667,28.460416666666667
2026-03-08,เชียงใหม่,อมก๋อย,อมก๋อย,41.449999999999996,23.49416666666667
2026-03-08,เชียงใหม่,ฮอด,หางดง,44.41583333333333,28.672291666666666
2026-03-08,เชียงใหม่,เชียงดาว,เชียงดาว,25.53916666666667,26.247916666666665
2026-03-08,เชียงใหม่,แม่วาง,บ้านกาด,43.69916666666666,28.137083333333333
2026-03-08,เชียงใหม่,แม่แจ่ม,ช่างเคิ่ง,43.80083333333334,25.62708333333333
2026-03-08,เชียงใหม่,แม่แตง,สันมหาพน,40.87166666666667,27.834999999999997
2026-03-08,แพร่,วังชิ้น,วังชิ้น,28.08375,28.36708333333333
2026-03-08,แม่ฮ่องสอน,ขุนยวม,ขุนยวม,37.398125,25.85083333333333
2026-03-08,แม่ฮ่องสอน,ปาย,เวียงเหนือ,57.14416666666667,25.4175
2026-03-08,แม่ฮ่องสอน,ปาย,เวียงใต้,49.29055555555556,25.50375
2026-03-09,น่าน,เฉลิมพระเกียรติ,ห้วยโก๋น,42.373333333333335,24.754583333333333
2026-03-09,พะเยา,จุน,ห้วยข้าวก่ำ,5.15625,28.83875
2026-03-09,พะเยา,เชียงม่วน,เชียงม่วน,68.31166666666667,29.637083333333333
2026-03-09,ลำปาง,วังเหนือ,วังเหนือ,64.46208333333333,27.798333333333332
2026-03-09,ลำปาง,แม่เมาะ,แม่เมาะ,42.165625,29.092916666666667
2026-03-09,ลำพูน,ลี้,ลี้,41.12259259259259,25.515
2026-03-09,เชียงราย,ป่าแดด,ป่าแดด,33.76583333333333,27.86
2026-03-09,เชียงราย,เทิง,เวียง,30.256249999999998,28.406666666666666
2026-03-09,เชียงราย,เมือง,รอบเวียง,60.951249999999995,27.273958333333336
2026-03-09,เชียงราย,แม่สาย,เวียงพางคำ,75.89874999999999,26.352083333333336
2026-03-09,เชียงใหม่,ดอยเต่า,ดอยเต่า,39.13708333333333,27.682916666666667
2026-03-09,เชียงใหม่,ฝาง,เวียง,56.350833333333334,26.217083333333335
2026-03-09,เชียงใหม่,สันกำแพง,สันกำแพง,45.429,28.575
2026-03-09,เชียงใหม่,อมก๋อย,อมก๋อย,44.461666666666666,23.473333333333333
2026-03-09,เชียงใหม่,ฮอด,หางดง,51.32916666666667,28.344791666666666
2026-03-09,เชียงใหม่,เชียงดาว,เชียงดาว,28.047254901960788,26.797254901960788
2026-03-09,เชียงใหม่,แม่วาง,บ้านกาด,53.48916666666667,28.385625
2026-03-09,เชียงใหม่,แม่แจ่ม,ช่างเคิ่ง,44.5,25.65875
2026-03-09,เชียงใหม่,แม่แตง,สันมหาพน,47.31333333333333,27.69125
2026-03-09,แพร่,วังชิ้น,วังชิ้น,32.43,28.68958333333333
2026-03-09,แพร่,เด่นชัย,เด่นชัย,31.74896551724138,30.323103448275862
2026-03-09,แม่ฮ่องสอน,ขุนยวม,ขุนยวม,35.344375,26.669583333333332
2026-03-09,แม่ฮ่องสอน,ปาย,เวียงเหนือ,60.088750000000005,25.795833333333334
2026-03-09,แม่ฮ่องสอน,ปาย,เวียงใต้,50.84638888888889,25.218333333333334
2026-03-10,น่าน,เฉลิมพระเกียรติ,ห้วยโก๋น,19.530416666666667,21.430000000000003
2026-03-10,พะเยา,จุน,ห้วยข้าวก่ำ,1.976842105263158,25.955263157894734
2026-03-10,พะเยา,เชียงม่วน,เชียงม่วน,29.969583333333333,28.930000000000003
2026-03-10,ลำปาง,วังเหนือ,วังเหนือ,64.69916666666667,26.409166666666668
2026-03-10,ลำปาง,แม่เมาะ,แม่เมาะ,47.19541666666667,28.527916666666666
2026-03-10,ลำพูน,ลี้,ลี้,40.4875,26.363125
2026-03-10,เชียงราย,ป่าแดด,ป่าแดด,37.08681818181818,24.044545454545457
2026-03-10,เชียงราย,เทิง,เวียง,15.040416666666667,24.031875
2026-03-10,เชียงราย,เมือง,รอบเวียง,40.4975,23.65416666666667
2026-03-10,เชียงราย,แม่สาย,เวียงพางคำ,41.73136363636364,23.625454545454545
2026-03-10,เชียงใหม่,ดอยเต่า,ดอยเต่า,37.84041666666666,27.977500000000003
2026-03-10,เชียงใหม่,ฝาง,เวียง,48.099545454545456,24.405909090909095
2026-03-10,เชียงใหม่,สันกำแพง,สันกำแพง,50.19291666666666,27.372083333333332
2026-03-10,เชียงใหม่,อมก๋อย,อมก๋อย,49.7225,23.375833333333333
2026-03-10,เชียงใหม่,ฮอด,หางดง,49.580000000000005,27.415625000000002
2026-03-10,เชียงใหม่,เชียงดาว,เชียงดาว,29.57861111111111,24.3775
2026-03-10,เชียงใหม่,แม่วาง,บ้านกาด,55.59916666666667,26.493125000000003
2026-03-10,เชียงใหม่,แม่แจ่ม,ช่างเคิ่ง,50.47521739130435,24.359130434782607
2026-03-10,เชียงใหม่,แม่แตง,สันมหาพน,42.75909090909091,26.920909090909092
2026-03-10,แพร่,วังชิ้น,วังชิ้น,27.957916666666666,28.346249999999998
2026-03-10,แพร่,เด่นชัย,เด่นชัย,31.42722222222222,29.571296296296296
2026-03-10,แม่ฮ่องสอน,ขุนยวม,ขุนยวม,37.26255319148936,24.54255319148936
2026-03-10,แม่ฮ่องสอน,ปาย,เวียงเหนือ,74.67833333333333,24.6125
2026-03-10,แม่ฮ่องสอน,ปาย,เวียงใต้,49.38157142857143,23.672142857142855
2026-03-11,น่าน,เฉลิมพระเกียรติ,ห้วยโก๋น,24.020833333333332,21.617500000000003
2026-03-11,พะเยา,จุน,ห้วยข้าวก่ำ,1.6276190476190475,24.16857142857143
2026-03-11,พะเยา,เชียงม่วน,เชียงม่วน,29.885416666666668,25.692083333333333
2026-03-11,ลำปาง,วังเหนือ,วังเหนือ,34.80041666666667,23.597083333333334
2026-03-11,ลำปาง,แม่เมาะ,แม่เมาะ,32.87979166666667,24.67833333333333
2026-03-11,ลำพูน,ลี้,ลี้,31.814141414141414,25.273636363636363
2026-03-11,เชียงราย,ป่าแดด,ป่าแดด,38.213181818181816,23.609545454545454
2026-03-11,เชียงราย,เทิง,เวียง,16.37,23.177916666666665
2026-03-11,เชียงราย,เมือง,รอบเวียง,48.09041666666667,22.111874999999998
2026-03-11,เชียงราย,แม่สาย,เวียงพางคำ,39.70916666666667,22.627499999999998
2026-03-11,เชียงใหม่,ดอยเต่า,ดอยเต่า,19.1525,24.02541666666667
2026-03-11,เชียงใหม่,ฝาง,เวียง,39.88791666666667,20.548333333333332
2026-03-11,เชียงใหม่,สันกำแพง,สันกำแพง,25.831666666666667,23.742083333333333
2026-03-11,เชียงใหม่,อมก๋อย,อมก๋อย,42.58958333333333,20.888333333333332
2026-03-11,เชียงใหม่,ฮอด,หางดง,30.26875,24.234583333333333
2026-03-11,เชียงใหม่,เชียงดาว,เชียงดาว,21.945731707317073,20.705365853658535
2026-03-11,เชียงใหม่,แม่วาง,บ้านกาด,25.3,22.371875
2026-03-11,เชียงใหม่,แม่แจ่ม,ช่างเคิ่ง,27.773541666666663,21.110416666666666
2026-03-11,เชียงใหม่,แม่แตง,สันมหาพน,29.81625,21.853333333333335
2026-03-11,แพร่,วังชิ้น,วังชิ้น,27.63083333333333,26.738333333333333
2026-03-11,แพร่,เด่นชัย,เด่นชัย,28.06823529411765,27.76764705882353
2026-03-11,แม่ฮ่องสอน,ขุนยวม,ขุนยวม,33.192083333333336,20.737916666666667
2026-03-11,แม่ฮ่องสอน,ปาย,เวียงเหนือ,45.82458333333333,20.771666666666665
2026-03-11,แม่ฮ่องสอน,ปาย,เวียงใต้,35.94125,19.627916666666668
2026-03-12,น่าน,เฉลิมพระเกียรติ,ห้วยโก๋น,28.521052631578947,22.564736842105265
2026-03-12,พะเยา,จุน,ห้วยข้าวก่ำ,1.415,24.77
2026-03-12,พะเยา,เชียงม่วน,เชียงม่วน,32.38315789473684,25.89421052631579
2026-03-12,ลำปาง,วังเหนือ,วังเหนือ,32.397894736842105,24.816315789473684
2026-03-12,ลำปาง,แม่เมาะ,แม่เมาะ,29.65473684210526,25.391052631578948
2026-03-12,ลำพูน,ลี้,ลี้,23.82655172413793,26.06379310344828
2026-03-12,เชียงราย,ป่าแดด,ป่าแดด,35.479565217391304,25.08695652173913
2026-03-12,เชียงราย,เทิง,เวียง,13.352105263157895,24.565
2026-03-12,เชียงราย,เมือง,รอบเวียง,40.20421052631579,23.545263157894738
2026-03-12,เชียงราย,แม่สาย,เวียงพางคำ,42.70333333333334,23.382499999999997
2026-03-12,เชียงใหม่,ดอยเต่า,ดอยเต่า,18.37421052631579,24.48842105263158
2026-03-12,เชียงใหม่,ฝาง,เวียง,37.89,23.76125
2026-03-12,เชียงใหม่,สันกำแพง,สันกำแพง,32.978210526315785,24.72052631578947
2026-03-12,เชียงใหม่,อมก๋อย,อมก๋อย,24.11842105263158,20.642105263157895
2026-03-12,เชียงใหม่,ฮอด,หางดง,30.513157894736842,24.941315789473684
2026-03-12,เชียงใหม่,เชียงดาว,เชียงดาว,20.222289156626506,22.779638554216866
2026-03-12,เชียงใหม่,แม่วาง,บ้านกาด,29.54,23.79078947368421
2026-03-12,เชียงใหม่,แม่แจ่ม,ช่างเคิ่ง,30.062954545454545,23.18159090909091
2026-03-12,เชียงใหม่,แม่แตง,สันมหาพน,31.58666666666667,23.83875
2026-03-12,แพร่,วังชิ้น,วังชิ้น,16.256842105263157,25.959473684210526
2026-03-12,แพร่,เด่นชัย,เด่นชัย,15.8811320754717,25.462830188679245
2026-03-12,แม่ฮ่องสอน,ขุนยวม,ขุนยวม,27.094473684210524,23.460526315789473
2026-03-12,แม่ฮ่องสอน,ปาย,เวียงเหนือ,39.708999999999996,22.799
2026-03-12,แม่ฮ่องสอน,ปาย,เวียงใต้,35.1283870967742,22.05467741935484
2026-03-13,น่าน,เฉลิมพระเกียรติ,ห้วยโก๋น,13.597142857142858,21.105238095238093
2026-03-13,พะเยา,จุน,ห้วยข้าวก่ำ,1.0,20.099999999999998
2026-03-13,พะเยา,เชียงม่วน,เชียงม่วน,23.75809523809524,24.003809523809522
2026-03-13,ลำปาง,วังเหนือ,วังเหนือ,24.316190476190474,22.557142857142857
2026-03-13,ลำปาง,แม่เมาะ,แม่เมาะ,23.051499999999997,24.28375
2026-03-13,ลำพูน,ลี้,ลี้,21.14175925925926,23.450277777777778
2026-03-13,เชียงราย,ป่าแดด,ป่าแดด,24.56833333333333,21.516666666666666
2026-03-13,เชียงราย,เทิง,เวียง,2.54,22.37547619047619
2026-03-13,เชียงราย,เมือง,รอบเวียง,26.770476190476188,21.890714285714285
2026-03-13,เชียงราย,แม่สาย,เวียงพางคำ,27.76875,21.635416666666668
2026-03-13,เชียงใหม่,ดอยเต่า,ดอยเต่า,15.144285714285713,25.60333333333333
2026-03-13,เชียงใหม่,ฝาง,เวียง,26.783749999999998,21.162916666666664
2026-03-13,เชียงใหม่,สันกำแพง,สันกำแพง,22.237714285714286,23.540952380952383
2026-03-13,เชียงใหม่,อมก๋อย,อมก๋อย,22.183333333333334,20.654285714285713
2026-03-13,เชียงใหม่,ฮอด,หางดง,27.406666666666666,25.956428571428575
2026-03-13,เชียงใหม่,เชียงดาว,เชียงดาว,14.582417582417582,21.72076923076923
2026-03-13,เชียงใหม่,แม่วาง,บ้านกาด,29.905238095238094,23.908809523809524
2026-03-13,เชียงใหม่,แม่แจ่ม,ช่างเคิ่ง,35.208461538461535,22.80923076923077
2026-03-13,เชียงใหม่,แม่แตง,สันมหาพน,22.24416666666667,22.897916666666664
2026-03-13,แพร่,วังชิ้น,วังชิ้น,20.599047619047617,24.22190476190476
2026-03-13,แพร่,เด่นชัย,เด่นชัย,22.789677419354838,25.136129032258065
2026-03-13,แม่ฮ่องสอน,ขุนยวม,ขุนยวม,28.190714285714286,23.21095238095238
2026-03-13,แม่ฮ่องสอน,ปาย,เวียงเหนือ,27.37857142857143,22.833333333333332
2026-03-13,แม่ฮ่องสอน,ปาย,เวียงใต้,23.3178125,21.20828125
2026-03-14,น่าน,เฉลิมพระเกียรติ,ห้วยโก๋น,25.217083333333335,22.172083333333333
2026-03-14,พะเยา,จุน,ห้วยข้าวก่ำ,1.115,24.936
2026-03-14,พะเยา,เชียงม่วน,เชียงม่วน,31.434583333333332,25.427916666666665
2026-03-14,ลำปาง,วังเหนือ,วังเหนือ,30.21291666666667,22.855416666666667
2026-03-14,ลำปาง,แม่เมาะ,แม่เมาะ,30.173541666666665,25.20958333333333
2026-03-14,ลำพูน,ลี้,ลี้,25.514305555555556,24.122083333333332
2026-03-14,เชียงราย,ป่าแดด,ป่าแดด,31.596666666666664,23.950952380952383
2026-03-14,เชียงราย,เทิง,เวียง,8.734583333333333,24.496041666666667
2026-03-14,เชียงราย,เมือง,รอบเวียง,33.92458333333334,23.444791666666664
2026-03-14,เชียงราย,แม่สาย,เวียงพางคำ,35.35125,22.89125
2026-03-14,เชียงใหม่,ดอยเต่า,ดอยเต่า,15.580833333333333,24.866666666666664
2026-03-14,เชียงใหม่,ฝาง,เวียง,31.541666666666668,23.569166666666664
2026-03-14,เชียงใหม่,สันกำแพง,สันกำแพง,25.741833333333332,24.504166666666666
2026-03-14,เชียงใหม่,อมก๋อย,อมก๋อย,23.496666666666666,20.534583333333334
2026-03-14,เชียงใหม่,ฮอด,หางดง,25.75208333333333,25.31895833333333
2026-03-14,เชียงใหม่,เชียงดาว,เชียงดาว,16.096145833333335,23.299166666666665
2026-03-14,เชียงใหม่,แม่วาง,บ้านกาด,27.40833333333333,23.821250000000003
2026-03-14,เชียงใหม่,แม่แจ่ม,ช่างเคิ่ง,35.907916666666665,22.435833333333335
2026-03-14,เชียงใหม่,แม่แตง,สันมหาพน,24.782083333333333,23.88208333333333
2026-03-14,แพร่,วังชิ้น,วังชิ้น,24.398750000000003,26.103333333333335
2026-03-14,แพร่,เด่นชัย,เด่นชัย,23.8825,26.560416666666665
2026-03-14,แม่ฮ่องสอน,ขุนยวม,ขุนยวม,24.357083333333335,21.72666666666667
2026-03-14,แม่ฮ่องสอน,ปาย,เวียงเหนือ,29.443749999999998,22.51875
2026-03-14,แม่ฮ่องสอน,ปาย,เวียงใต้,22.604305555555555,21.105416666666667
2026-03-15,น่าน,เฉลิมพระเกียรติ,ห้วยโก๋น,27.5825,19.33375
2026-03-15,พะเยา,จุน,ห้วยข้าวก่ำ,1.49375,22.4575
2026-03-15,พะเยา,เชียงม่วน,เชียงม่วน,34.0125,20.74625
2026-03-15,ลำปาง,วังเหนือ,วังเหนือ,36.225,21.535
2026-03-15,ลำปาง,แม่เมาะ,แม่เมาะ,35.5875,23.065625
2026-03-15,ลำพูน,ลี้,ลี้,24.3389010989011,21.67032967032967
2026-03-15,เชียงราย,ป่าแดด,ป่าแดด,37.89809523809524,24.875238095238096
2026-03-15,เชียงราย,เทิง,เวียง,12.000625,23.5375
2026-03-15,เชียงราย,เมือง,รอบเวียง,38.28875,22.318125
2026-03-15,เชียงราย,แม่สาย,เวียงพางคำ,28.735416666666666,23.785416666666666
2026-03-15,เชียงใหม่,ดอยเต่า,ดอยเต่า,16.961875,21.55875
2026-03-15,เชียงใหม่,ฝาง,เวียง,38.79833333333334,23.592083333333335
2026-03-15,เชียงใหม่,สันกำแพง,สันกำแพง,30.376625,22.89875
2026-03-15,เชียงใหม่,อมก๋อย,อมก๋อย,25.130625,17.641875
2026-03-15,เชียงใหม่,ฮอด,หางดง,28.073125,22.97125
2026-03-15,เชียงใหม่,เชียงดาว,เชียงดาว,22.83397435897436,21.47179487179487
2026-03-15,เชียงใหม่,แม่วาง,บ้านกาด,31.7025,22.196875
2026-03-15,เชียงใหม่,แม่แจ่ม,ช่างเคิ่ง,36.612941176470585,20.052941176470586
2026-03-15,เชียงใหม่,แม่แตง,สันมหาพน,31.95375,24.39708333333333
2026-03-15,แพร่,วังชิ้น,วังชิ้น,27.775000000000002,24.14
2026-03-15,แพร่,เด่นชัย,เด่นชัย,24.125416666666666,27.54625
2026-03-15,แม่ฮ่องสอน,ขุนยวม,ขุนยวม,28.9009375,20.173125
2026-03-15,แม่ฮ่องสอน,ปาย,เวียงเหนือ,46.252941176470586,20.918235294117647
2026-03-15,แม่ฮ่องสอน,ปาย,เวียงใต้,34.30232142857143,20.631785714285716
2026-03-16,น่าน,เฉลิมพระเกียรติ,ห้วยโก๋น,26.22083333333333,22.49083333333333
2026-03-16,พะเยา,จุน,ห้วยข้าวก่ำ,1.53,24.795416666666668
2026-03-16,พะเยา,เชียงม่วน,เชียงม่วน,29.894583333333333,25.099166666666665
2026-03-16,ลำปาง,วังเหนือ,วังเหนือ,36.04291666666666,23.851249999999997
2026-03-16,ลำปาง,แม่เมาะ,แม่เมาะ,31.995625,25.145
2026-03-16,ลำพูน,ลี้,ลี้,26.54463768115942,24.314565217391305
2026-03-16,เชียงราย,ป่าแดด,ป่าแดด,37.83958333333333,24.928749999999997
2026-03-16,เชียงราย,เทิง,เวียง,13.9275,24.97666666666667
2026-03-16,เชียงราย,เมือง,รอบเวียง,42.065000000000005,21.464583333333334
2026-03-16,เชียงราย,แม่สาย,เวียงพางคำ,38.25541666666667,24.521666666666665
2026-03-16,เชียงใหม่,ดอยเต่า,ดอยเต่า,20.295416666666664,24.864166666666666
2026-03-16,เชียงใหม่,ฝาง,เวียง,38.75666666666667,23.870833333333334
2026-03-16,เชียงใหม่,สันกำแพง,สันกำแพง,28.651333333333334,25.389166666666664
2026-03-16,เชียงใหม่,อมก๋อย,อมก๋อย,31.40833333333333,21.404583333333335
2026-03-16,เชียงใหม่,ฮอด,หางดง,33.59291666666667,24.796458333333334
2026-03-16,เชียงใหม่,เชียงดาว,เชียงดาว,22.112291666666668,22.65625
2026-03-16,เชียงใหม่,แม่วาง,บ้านกาด,33.735416666666666,24.52541666666667
2026-03-16,เชียงใหม่,แม่แจ่ม,ช่างเคิ่ง,46.82208333333333,23.105833333333333
2026-03-16,เชียงใหม่,แม่แตง,สันมหาพน,32.12416666666667,25.31958333333333
2026-03-16,แพร่,วังชิ้น,วังชิ้น,24.517083333333332,27.576666666666668
2026-03-16,แพร่,เด่นชัย,เด่นชัย,21.37764705882353,26.92
2026-03-16,แม่ฮ่องสอน,ขุนยวม,ขุนยวม,28.35875,22.194166666666664
2026-03-16,แม่ฮ่องสอน,ปาย,เวียงเหนือ,41.194583333333334,24.23875
2026-03-16,แม่ฮ่องสอน,ปาย,เวียงใต้,34.784444444444446,23.256666666666668
2026-03-17,น่าน,เฉลิมพระเกียรติ,ห้วยโก๋น,26.0775,22.79625
2026-03-17,พะเยา,จุน,ห้วยข้าวก่ำ,1.3125,25.878333333333334
2026-03-17,พะเยา,เชียงม่วน,เชียงม่วน,31.846249999999998,26.959999999999997
2026-03-17,ลำปาง,วังเหนือ,วังเหนือ,34.865,24.99791666666667
2026-03-17,ลำปาง,แม่เมาะ,แม่เมาะ,36.549166666666665,26.1675
2026-03-17,ลำพูน,ลี้,ลี้,30.143953488372095,25.679767441860466
2026-03-17,เชียงราย,ป่าแดด,ป่าแดด,35.13782608695652,26.020000000000003
2026-03-17,เชียงราย,เทิง,เวียง,12.448333333333332,26.185208333333335
2026-03-17,เชียงราย,เมือง,รอบเวียง,42.03208333333333,25.816666666666666
2026-03-17,เชียงราย,แม่สาย,เวียงพางคำ,40.14958333333333,24.896666666666665
2026-03-17,เชียงใหม่,ดอยเต่า,ดอยเต่า,20.14,20.91
2026-03-17,เชียงใหม่,ฝาง,เวียง,40.30833333333333,24.87375
2026-03-17,เชียงใหม่,สันกำแพง,สันกำแพง,29.592499999999998,25.81833333333333
2026-03-17,เชียงใหม่,อมก๋อย,อมก๋อย,29.437916666666666,22.037499999999998
2026-03-17,เชียงใหม่,ฮอด,หางดง,34.91416666666667,25.680833333333336
2026-03-17,เชียงใหม่,เชียงดาว,เชียงดาว,31.40125,22.694999999999997
2026-03-17,เชียงใหม่,แม่วาง,บ้านกาด,36.275,25.584374999999998
2026-03-17,เชียงใหม่,แม่แจ่ม,ช่างเคิ่ง,38.72125,23.637916666666666
2026-03-17,เชียงใหม่,แม่แตง,สันมหาพน,32.42333333333333,24.16125
2026-03-17,แพร่,วังชิ้น,วังชิ้น,30.18958333333333,27.234166666666667
2026-03-17,แพร่,เด่นชัย,เด่นชัย,29.889583333333334,27.140972222222224
2026-03-17,แม่ฮ่องสอน,ขุนยวม,ขุนยวม,32.633541666666666,24.115416666666665
2026-03-17,แม่ฮ่องสอน,ปาย,เวียงเหนือ,41.37583333333333,24.5425
2026-03-17,แม่ฮ่องสอน,ปาย,เวียงใต้,37.01152777777778,24.135
2026-03-18,น่าน,เฉลิมพระเกียรติ,ห้วยโก๋น,32.345652173913045,24.219130434782606
2026-03-18,พะเยา,จุน,ห้วยข้าวก่ำ,2.349090909090909,27.470454545454547
2026-03-18,พะเยา,เชียงม่วน,เชียงม่วน,34.829166666666666,27.902916666666666
2026-03-18,ลำปาง,วังเหนือ,วังเหนือ,36.084583333333335,26.815416666666668
2026-03-18,ลำปาง,แม่เมาะ,แม่เมาะ,33.93354166666666,28.015
2026-03-18,ลำพูน,ลี้,ลี้,27.848591549295776,26.2606338028169
2026-03-18,เชียงราย,ป่าแดด,ป่าแดด,44.20173913043478,26.72217391304348
2026-03-18,เชียงราย,เทิง,เวียง,19.200833333333332,26.5625
2026-03-18,เชียงราย,เมือง,รอบเวียง,48.04750000000001,25.391875
2026-03-18,เชียงราย,แม่สาย,เวียงพางคำ,46.885,24.846666666666668
2026-03-18,เชียงใหม่,ดอยเต่า,ดอยเต่า,17.025652173913045,26.914347826086956
2026-03-18,เชียงใหม่,ฝาง,เวียง,46.87125,24.37125
2026-03-18,เชียงใหม่,สันกำแพง,สันกำแพง,35.38805084745763,26.57084745762712
2026-03-18,เชียงใหม่,อมก๋อย,อมก๋อย,23.467916666666667,22.640833333333333
2026-03-18,เชียงใหม่,ฮอด,หางดง,32.083333333333336,26.74
2026-03-18,เชียงใหม่,เชียงดาว,เชียงดาว,28.156000000000002,24.48863157894737
2026-03-18,เชียงใหม่,แม่วาง,บ้านกาด,32.547916666666666,26.640833333333333
2026-03-18,เชียงใหม่,แม่แจ่ม,ช่างเคิ่ง,34.01,24.05125
2026-03-18,เชียงใหม่,แม่แตง,สันมหาพน,32.90375,25.949583333333333
2026-03-18,แพร่,วังชิ้น,วังชิ้น,25.67833333333333,28.02791666666667
2026-03-18,แพร่,เด่นชัย,เด่นชัย,24.7043661971831,28.983802816901406
2026-03-18,แม่ฮ่องสอน,ขุนยวม,ขุนยวม,22.342978723404254,25.014255319148937
2026-03-18,แม่ฮ่องสอน,ปาย,เวียงเหนือ,45.67041666666666,24.6725
2026-03-18,แม่ฮ่องสอน,ปาย,เวียงใต้,39.33722222222222,24.55875
2026-03-19,น่าน,เฉลิมพระเกียรติ,ห้วยโก๋น,37.95619047619048,23.858571428571427
2026-03-19,พะเยา,จุน,ห้วยข้าวก่ำ,2.9916666666666667,27.184166666666666
2026-03-19,พะเยา,เชียงม่วน,เชียงม่วน,40.24041666666667,27.824583333333333
2026-03-19,ลำปาง,วังเหนือ,วังเหนือ,38.111428571428576,26.125238095238096
2026-03-19,ลำปาง,แม่เมาะ,แม่เมาะ,32.066428571428574,27.99
2026-03-19,ลำพูน,ลี้,ลี้,30.458888888888886,25.904222222222224
2026-03-19,เชียงราย,ป่าแดด,ป่าแดด,47.67782608695652,27.160000000000004
2026-03-19,เชียงราย,เทิง,เวียง,26.583333333333332,26.274047619047618
2026-03-19,เชียงราย,เมือง,รอบเวียง,59.283,21.23
2026-03-19,เชียงราย,แม่สาย,เวียงพางคำ,59.41416666666667,25.38791666666667
2026-03-19,เชียงใหม่,ดอยเต่า,ดอยเต่า,20.092380952380953,26.766190476190477
2026-03-19,เชียงใหม่,ฝาง,เวียง,52.215833333333336,24.504166666666666
2026-03-19,เชียงใหม่,สันกำแพง,สันกำแพง,33.57514285714286,25.42047619047619
2026-03-19,เชียงใหม่,อมก๋อย,อมก๋อย,24.517619047619046,22.29619047619048
2026-03-19,เชียงใหม่,ฮอด,หางดง,24.758750000000003,27.490416666666665
2026-03-19,เชียงใหม่,เชียงดาว,เชียงดาว,22.4415625,24.493333333333336
2026-03-19,เชียงใหม่,แม่วาง,บ้านกาด,27.04041666666667,27.063541666666666
2026-03-19,เชียงใหม่,แม่แจ่ม,ช่างเคิ่ง,24.89125,24.252916666666668
2026-03-19,เชียงใหม่,แม่แตง,สันมหาพน,30.907083333333333,26.11916666666667
2026-03-19,แพร่,วังชิ้น,วังชิ้น,29.8175,28.172916666666666
2026-03-19,แพร่,เด่นชัย,เด่นชัย,30.439583333333335,28.81597222222222
2026-03-19,แม่ฮ่องสอน,ขุนยวม,ขุนยวม,19.60688888888889,24.762888888888888
2026-03-19,แม่ฮ่องสอน,ปาย,เวียงเหนือ,41.52291666666667,24.590833333333332
2026-03-19,แม่ฮ่องสอน,ปาย,เวียงใต้,37.65618181818182,23.512
2026-03-20,น่าน,เฉลิมพระเกียรติ,ห้วยโก๋น,36.27458333333333,24.660416666666666
2026-03-20,พะเยา,จุน,ห้วยข้าวก่ำ,3.2808333333333333,28.024583333333336
2026-03-20,พะเยา,เชียงม่วน,เชียงม่วน,48.725833333333334,28.28125
2026-03-20,ลำปาง,วังเหนือ,วังเหนือ,40.4275,27.085416666666664
2026-03-20,ลำปาง,แม่เมาะ,แม่เมาะ,35.15645833333333,29.27208333333333
2026-03-20,ลำพูน,ลี้,ลี้,34.58562962962963,26.76177777777778
2026-03-20,เชียงราย,ป่าแดด,ป่าแดด,43.574285714285715,28.047619047619047
2026-03-20,เชียงราย,เทิง,เวียง,22.9475,27.270833333333332
2026-03-20,เชียงราย,แม่สาย,เวียงพางคำ,72.81791666666666,25.041666666666668
2026-03-20,เชียงใหม่,ดอยเต่า,ดอยเต่า,27.96291666666667,27.995416666666667
2026-03-20,เชียงใหม่,ฝาง,เวียง,64.71625,24.165833333333335
2026-03-20,เชียงใหม่,สันกำแพง,สันกำแพง,35.394666666666666,26.837083333333332
2026-03-20,เชียงใหม่,อมก๋อย,อมก๋อย,37.254583333333336,22.931250000000002
2026-03-20,เชียงใหม่,ฮอด,หางดง,41.27791666666666,27.634375000000002
2026-03-20,เชียงใหม่,เชียงดาว,เชียงดาว,21.923763440860217,24.720107526881723
2026-03-20,เชียงใหม่,แม่วาง,บ้านกาด,32.64208333333333,27.221666666666668
2026-03-20,เชียงใหม่,แม่แจ่ม,ช่างเคิ่ง,30.106315789473683,26.192105263157895
2026-03-20,เชียงใหม่,แม่แตง,สันมหาพน,32.007083333333334,26.5
2026-03-20,แพร่,วังชิ้น,วังชิ้น,30.951666666666668,29.039583333333336
2026-03-20,แพร่,เด่นชัย,เด่นชัย,29.6325,30.053611111111113
2026-03-20,แม่ฮ่องสอน,ขุนยวม,ขุนยวม,37.478541666666665,25.264583333333334
2026-03-20,แม่ฮ่องสอน,ปาย,เวียงเหนือ,52.307500000000005,24.662916666666664
2026-03-20,แม่ฮ่องสอน,ปาย,เวียงใต้,42.93604166666666,24.875
2026-03-21,น่าน,เฉลิมพระเกียรติ,ห้วยโก๋น,38.51583333333333,24.729583333333334
2026-03-21,พะเยา,จุน,ห้วยข้าวก่ำ,6.22625,28.4025
2026-03-21,พะเยา,เชียงม่วน,เชียงม่วน,51.572916666666664,29.035416666666666
2026-03-21,ลำปาง,วังเหนือ,วังเหนือ,46.757083333333334,27.877499999999998
2026-03-21,ลำปาง,แม่เมาะ,แม่เมาะ,41.25833333333333,29.495833333333334
2026-03-21,ลำพูน,ลี้,ลี้,49.618787878787884,27.943636363636365
2026-03-21,เชียงราย,ป่าแดด,ป่าแดด,54.455,27.885454545454547
2026-03-21,เชียงราย,เทิง,เวียง,28.31125,28.266458333333333
2026-03-21,เชียงราย,แม่สาย,เวียงพางคำ,80.48208333333334,25.885416666666668
2026-03-21,เชียงใหม่,ดอยเต่า,ดอยเต่า,35.81916666666667,27.543333333333333
2026-03-21,เชียงใหม่,ฝาง,เวียง,72.28916666666667,24.877916666666668
2026-03-21,เชียงใหม่,สันกำแพง,สันกำแพง,45.400333333333336,28.253333333333334
2026-03-21,เชียงใหม่,อมก๋อย,อมก๋อย,41.797916666666666,23.90833333333333
2026-03-21,เชียงใหม่,ฮอด,หางดง,41.06333333333333,28.534375
2026-03-21,เชียงใหม่,เชียงดาว,เชียงดาว,27.000853658536588,24.290975609756096
2026-03-21,เชียงใหม่,แม่วาง,บ้านกาด,38.91416666666667,28.380416666666665
2026-03-21,เชียงใหม่,แม่แจ่ม,ช่างเคิ่ง,31.275625,25.909583333333334
2026-03-21,เชียงใหม่,แม่แตง,สันมหาพน,38.90625,27.409583333333334
2026-03-21,แพร่,วังชิ้น,วังชิ้น,32.77708333333333,29.1675
2026-03-21,แพร่,เด่นชัย,เด่นชัย,29.470845070422534,30.307746478873238
2026-03-21,แม่ฮ่องสอน,ขุนยวม,ขุนยวม,39.50333333333334,27.02875
2026-03-21,แม่ฮ่องสอน,ปาย,เวียงเหนือ,56.10541666666666,26.365416666666665
2026-03-21,แม่ฮ่องสอน,ปาย,เวียงใต้,41.65781818181818,26.44290909090909
2026-03-22,น่าน,เฉลิมพระเกียรติ,ห้วยโก๋น,43.409166666666664,25.579583333333332
2026-03-22,พะเยา,จุน,ห้วยข้าวก่ำ,4.487916666666666,30.287499999999998
2026-03-22,พะเยา,เชียงม่วน,เชียงม่วน,60.831250000000004,29.962083333333336
2026-03-22,ลำปาง,วังเหนือ,วังเหนือ,52.81166666666667,28.465
2026-03-22,ลำปาง,แม่เมาะ,แม่เมาะ,42.55083333333334,30.2
2026-03-22,ลำพูน,ลี้,ลี้,36.385789473684206,28.80263157894737
2026-03-22,เชียงราย,ป่าแดด,ป่าแดด,40.019,30.160500000000003
2026-03-22,เชียงราย,เทิง,เวียง,23.504166666666666,29.213958333333334
2026-03-22,เชียงราย,แม่สาย,เวียงพางคำ,45.01583333333334,26.93541666666667
2026-03-22,เชียงใหม่,ดอยเต่า,ดอยเต่า,24.511666666666667,28.994583333333335
2026-03-22,เชียงใหม่,ฝาง,เวียง,38.899166666666666,26.265416666666667
2026-03-22,เชียงใหม่,สันกำแพง,สันกำแพง,31.441666666666666,29.18
2026-03-22,เชียงใหม่,อมก๋อย,อมก๋อย,33.3925,24.15041666666667
2026-03-22,เชียงใหม่,ฮอด,หางดง,34.57958333333333,29.339791666666667
2026-03-22,เชียงใหม่,เชียงดาว,เชียงดาว,18.50472222222222,26.244166666666665
2026-03-22,เชียงใหม่,แม่วาง,บ้านกาด,28.782916666666665,28.77125
2026-03-22,เชียงใหม่,แม่แจ่ม,ช่างเคิ่ง,35.01583333333333,25.895416666666666
2026-03-22,เชียงใหม่,แม่แตง,สันมหาพน,44.900416666666665,27.839166666666667
2026-03-22,แพร่,วังชิ้น,วังชิ้น,39.335,29.46666666666667
2026-03-22,แพร่,เด่นชัย,เด่นชัย,39.35791666666667,30.314583333333335
2026-03-22,แม่ฮ่องสอน,ขุนยวม,ขุนยวม,29.113125,27.13791666666667
2026-03-22,แม่ฮ่องสอน,ปาย,เวียงเหนือ,41.888333333333335,26.07041666666667
2026-03-22,แม่ฮ่องสอน,ปาย,เวียงใต้,31.023055555555555,26.010416666666668
2026-03-23,น่าน,เฉลิมพระเกียรติ,ห้วยโก๋น,45.89416666666667,25.79416666666667
2026-03-23,พะเยา,จุน,ห้วยข้าวก่ำ,4.710416666666666,29.68375
2026-03-23,พะเยา,เชียงม่วน,เชียงม่วน,67.216,28.339999999999996
2026-03-23,ลำปาง,วังเหนือ,วังเหนือ,67.15083333333332,27.472916666666666
2026-03-23,ลำปาง,แม่เมาะ,แม่เมาะ,32.32909090909091,29.01090909090909
2026-03-23,ลำพูน,ลี้,ลี้,43.30802631578947,25.232368421052634
2026-03-23,เชียงราย,ป่าแดด,ป่าแดด,36.92782608695652,28.942608695652176
2026-03-23,เชียงราย,เทิง,เวียง,20.86583333333333,28.602500000000003
2026-03-23,เชียงราย,เมือง,รอบเวียง,36.99285714285714,28.398571428571426
2026-03-23,เชียงราย,แม่สาย,เวียงพางคำ,47.911249999999995,26.188333333333333
2026-03-23,เชียงใหม่,ดอยเต่า,ดอยเต่า,23.62125,28.203333333333333
2026-03-23,เชียงใหม่,ฝาง,เวียง,43.465833333333336,26.0
2026-03-23,เชียงใหม่,สันกำแพง,สันกำแพง,31.268583333333332,28.116249999999997
2026-03-23,เชียงใหม่,อมก๋อย,อมก๋อย,34.10708333333333,23.18625
2026-03-23,เชียงใหม่,ฮอด,หางดง,46.0045,28.021499999999996
2026-03-23,เชียงใหม่,เชียงดาว,เชียงดาว,19.7425,25.45796875
2026-03-23,เชียงใหม่,แม่วาง,บ้านกาด,37.3465,27.1575
2026-03-23,เชียงใหม่,แม่แจ่ม,ช่างเคิ่ง,41.331041666666664,25.317083333333333
2026-03-23,เชียงใหม่,แม่แตง,สันมหาพน,39.358333333333334,26.715
2026-03-23,แพร่,วังชิ้น,วังชิ้น,33.155,28.246499999999997
2026-03-23,แพร่,เด่นชัย,เด่นชัย,39.02549295774648,30.094225352112677
2026-03-23,แม่ฮ่องสอน,ขุนยวม,ขุนยวม,24.735833333333332,25.857916666666668
2026-03-23,แม่ฮ่องสอน,ปาย,เวียงเหนือ,47.41826086956521,25.226956521739133
2026-03-23,แม่ฮ่องสอน,ปาย,เวียงใต้,37.73041666666667,26.179166666666667
2026-03-24,น่าน,เฉลิมพระเกียรติ,ห้วยโก๋น,53.55291666666667,24.505416666666665
2026-03-24,พะเยา,จุน,ห้วยข้าวก่ำ,16.760416666666668,28.387916666666666
2026-03-24,พะเยา,เชียงม่วน,เชียงม่วน,118.29333333333334,28.997083333333332
2026-03-24,ลำปาง,วังเหนือ,วังเหนือ,99.55833333333334,26.64375
2026-03-24,ลำปาง,แม่เมาะ,แม่เมาะ,67.25229166666666,29.42458333333333
2026-03-24,ลำพูน,ลี้,ลี้,88.02955555555556,25.83833333333333
2026-03-24,เชียงราย,ป่าแดด,ป่าแดด,69.19818181818181,27.154545454545453
2026-03-24,เชียงราย,เทิง,เวียง,33.46666666666667,27.33375
2026-03-24,เชียงราย,เมือง,รอบเวียง,63.86708333333333,25.92833333333333
2026-03-24,เชียงราย,แม่สาย,เวียงพางคำ,107.34958333333333,24.817916666666665
2026-03-24,เชียงใหม่,ดอยเต่า,ดอยเต่า,53.52125,27.319166666666664
2026-03-24,เชียงใหม่,ฝาง,เวียง,93.31541666666668,24.49791666666667
2026-03-24,เชียงใหม่,สันกำแพง,สันกำแพง,55.078250000000004,27.009999999999998
2026-03-24,เชียงใหม่,อมก๋อย,อมก๋อย,75.47833333333334,22.110833333333332
2026-03-24,เชียงใหม่,ฮอด,หางดง,66.64916666666666,27.700833333333335
2026-03-24,เชียงใหม่,เชียงดาว,เชียงดาว,50.211666666666666,24.13
2026-03-24,เชียงใหม่,แม่วาง,บ้านกาด,70.38458333333334,27.04875
2026-03-24,เชียงใหม่,แม่แจ่ม,ช่างเคิ่ง,53.36270833333333,24.102083333333336
2026-03-24,เชียงใหม่,แม่แตง,สันมหาพน,80.9275,25.635416666666668
2026-03-24,แพร่,วังชิ้น,วังชิ้น,50.744166666666665,28.698333333333334
2026-03-24,แพร่,เด่นชัย,เด่นชัย,48.924166666666665,29.447083333333335
2026-03-24,แม่ฮ่องสอน,ขุนยวม,ขุนยวม,54.44229166666667,25.223333333333333
2026-03-24,แม่ฮ่องสอน,ปาย,เวียงเหนือ,88.97666666666667,24.300833333333333
2026-03-24,แม่ฮ่องสอน,ปาย,เวียงใต้,73.5787323943662,25.32788732394366
2026-03-25,น่าน,เฉลิมพระเกียรติ,ห้วยโก๋น,76.46333333333334,29.08
2026-03-25,พะเยา,จุน,ห้วยข้าวก่ำ,17.093333333333334,28.405416666666667
2026-03-25,พะเยา,เชียงม่วน,เชียงม่วน,159.28333333333333,29.692916666666665
2026-03-25,ลำปาง,วังเหนือ,วังเหนือ,166.6890909090909,20.59181818181818
2026-03-25,ลำปาง,แม่เมาะ,แม่เมาะ,114.43863636363636,25.74
2026-03-25,ลำพูน,ลี้,ลี้,108.48122222222221,27.108777777777778
2026-03-25,เชียงราย,ป่าแดด,ป่าแดด,76.18954545454545,27.743636363636366
2026-03-25,เชียงราย,เทิง,เวียง,38.61000000000001,22.340454545454545
2026-03-25,เชียงราย,เมือง,รอบเวียง,95.65272727272728,20.606363636363636
2026-03-25,เชียงราย,แม่สาย,เวียงพางคำ,139.08791666666667,25.17125
2026-03-25,เชียงใหม่,ดอยเต่า,ดอยเต่า,58.14357142857143,32.96
2026-03-25,เชียงใหม่,ฝาง,เวียง,80.94125,24.767083333333332
2026-03-25,เชียงใหม่,สันกำแพง,สันกำแพง,100.87509090909091,21.03272727272727
2026-03-25,เชียงใหม่,อมก๋อย,อมก๋อย,101.67181818181817,16.94909090909091
2026-03-25,เชียงใหม่,ฮอด,หางดง,72.78083333333333,28.229166666666668
2026-03-25,เชียงใหม่,เชียงดาว,เชียงดาว,53.98582089552239,27.181044776119403
2026-03-25,เชียงใหม่,แม่วาง,บ้านกาด,116.42125,27.631874999999997
2026-03-25,เชียงใหม่,แม่แจ่ม,ช่างเคิ่ง,54.842954545454546,24.394772727272724
2026-03-25,เชียงใหม่,แม่แตง,สันมหาพน,105.56291666666668,26.06041666666667
2026-03-25,แพร่,วังชิ้น,วังชิ้น,59.354166666666664,29.69333333333333
2026-03-25,แพร่,เด่นชัย,เด่นชัย,45.93833333333333,30.56361111111111
2026-03-25,แม่ฮ่องสอน,ขุนยวม,ขุนยวม,86.59914285714287,22.751142857142856
2026-03-25,แม่ฮ่องสอน,ปาย,เวียงเหนือ,117.6275,24.35083333333333
2026-03-25,แม่ฮ่องสอน,ปาย,เวียงใต้,98.40416666666667,25.829583333333332
2026-03-26,พะเยา,จุน,ห้วยข้าวก่ำ,15.90125,27.447083333333335
2026-03-26,พะเยา,เชียงม่วน,เชียงม่วน,160.86916666666667,28.96375
2026-03-26,ลำปาง,วังเหนือ,วังเหนือ,144.60090909090908,28.390454545454546
2026-03-26,ลำปาง,แม่เมาะ,แม่เมาะ,94.13772727272728,30.62590909090909
2026-03-26,ลำพูน,ลี้,ลี้,102.62155172413793,29.774396551724138
2026-03-26,เชียงราย,ป่าแดด,ป่าแดด,101.71529411764705,27.390588235294118
2026-03-26,เชียงราย,เทิง,เวียง,46.317727272727275,27.39840909090909
2026-03-26,เชียงราย,เมือง,รอบเวียง,120.96272727272726,25.58909090909091
2026-03-26,เชียงราย,แม่สาย,เวียงพางคำ,233.81916666666666,24.180833333333336
2026-03-26,เชียงใหม่,ดอยเต่า,ดอยเต่า,55.638749999999995,28.93958333333333
2026-03-26,เชียงใหม่,ฝาง,เวียง,159.8775,23.982083333333332
2026-03-26,เชียงใหม่,สันกำแพง,สันกำแพง,124.5308256880734,27.311651376146788
2026-03-26,เชียงใหม่,อมก๋อย,อมก๋อย,65.30136363636365,24.465
2026-03-26,เชียงใหม่,ฮอด,หางดง,58.4375,28.328125
2026-03-26,เชียงใหม่,เชียงดาว,เชียงดาว,122.80020833333333,23.894583333333333
2026-03-26,เชียงใหม่,แม่วาง,บ้านกาด,247.62416666666664,27.60625
2026-03-26,เชียงใหม่,แม่แจ่ม,ช่างเคิ่ง,69.86854166666667,23.874166666666667
2026-03-26,เชียงใหม่,แม่แตง,สันมหาพน,157.87083333333334,26.072916666666668
2026-03-26,แพร่,วังชิ้น,วังชิ้น,70.06,29.792083333333334
2026-03-26,แพร่,เด่นชัย,เด่นชัย,52.29521126760564,30.551408450704226
2026-03-26,แม่ฮ่องสอน,ขุนยวม,ขุนยวม,91.17277777777777,23.98888888888889
2026-03-26,แม่ฮ่องสอน,ปาย,เวียงเหนือ,161.91375,24.105
2026-03-26,แม่ฮ่องสอน,ปาย,เวียงใต้,133.75902777777776,25.417916666666667
2026-03-27,พะเยา,จุน,ห้วยข้าวก่ำ,24.744583333333335,27.78125
2026-03-27,พะเยา,เชียงม่วน,เชียงม่วน,190.9908333333333,28.883750000000003
2026-03-27,ลำปาง,วังเหนือ,วังเหนือ,189.65666666666667,27.522916666666664
2026-03-27,ลำปาง,แม่เมาะ,แม่เมาะ,118.49208333333333,30.602500000000003
2026-03-27,ลำพูน,ลี้,ลี้,159.9203125,26.950625
2026-03-27,เชียงราย,ป่าแดด,ป่าแดด,117.87,27.272608695652174
2026-03-27,เชียงราย,เทิง,เวียง,52.685,27.221249999999998
2026-03-27,เชียงราย,เมือง,รอบเวียง,181.7108333333333,26.402083333333334
2026-03-27,เชียงราย,แม่สาย,เวียงพางคำ,310.3379166666667,24.851666666666663
2026-03-27,เชียงใหม่,ดอยเต่า,ดอยเต่า,109.36666666666667,28.064999999999998
2026-03-27,เชียงใหม่,ฝาง,เวียง,185.8083333333333,25.334999999999997
2026-03-27,เชียงใหม่,สันกำแพง,สันกำแพง,130.5805,27.701666666666664
2026-03-27,เชียงใหม่,อมก๋อย,อมก๋อย,119.57208333333334,22.89125
2026-03-27,เชียงใหม่,ฮอด,หางดง,70.06541666666666,28.347708333333333
2026-03-27,เชียงใหม่,เชียงดาว,เชียงดาว,157.07729166666667,24.707083333333333
2026-03-27,เชียงใหม่,แม่วาง,บ้านกาด,208.84583333333333,28.395625
2026-03-27,เชียงใหม่,แม่แจ่ม,ช่างเคิ่ง,85.35791666666667,25.035833333333333
2026-03-27,เชียงใหม่,แม่แตง,สันมหาพน,158.19541666666666,26.762916666666666
2026-03-27,แพร่,วังชิ้น,วังชิ้น,74.66041666666666,30.053749999999997
2026-03-27,แพร่,เด่นชัย,เด่นชัย,50.18449275362319,30.77231884057971
2026-03-27,แม่ฮ่องสอน,ขุนยวม,ขุนยวม,69.52675,28.313
2026-03-27,แม่ฮ่องสอน,ปาย,เวียงเหนือ,215.49,24.927916666666665
2026-03-27,แม่ฮ่องสอน,ปาย,เวียงใต้,191.05,26.3675
2026-03-28,น่าน,เฉลิมพระเกียรติ,ห้วยโก๋น,106.297,28.82
2026-03-28,พะเยา,จุน,ห้วยข้าวก่ำ,28.24416666666667,28.72583333333333
2026-03-28,พะเยา,เชียงม่วน,เชียงม่วน,199.98416666666665,29.198333333333334
2026-03-28,ลำปาง,วังเหนือ,วังเหนือ,173.85875,27.757500000000004
2026-03-28,ลำปาง,แม่เมาะ,แม่เมาะ,155.27958333333333,30.293333333333333
2026-03-28,ลำพูน,ลี้,ลี้,147.74473684210528,28.884473684210526
2026-03-28,เชียงราย,ป่าแดด,ป่าแดด,136.79631578947368,28.527894736842104
2026-03-28,เชียงราย,เทิง,เวียง,58.180416666666666,27.628541666666667
2026-03-28,เชียงราย,เมือง,รอบเวียง,125.28083333333332,26.882499999999997
2026-03-28,เชียงราย,แม่สาย,เวียงพางคำ,225.33041666666668,25.7675
2026-03-28,เชียงใหม่,ดอยเต่า,ดอยเต่า,124.92208333333333,29.11
2026-03-28,เชียงใหม่,ฝาง,เวียง,133.29541666666668,25.57875
2026-03-28,เชียงใหม่,สันกำแพง,สันกำแพง,145.20066666666668,28.427916666666665
2026-03-28,เชียงใหม่,อมก๋อย,อมก๋อย,157.41291666666666,23.797916666666666
2026-03-28,เชียงใหม่,ฮอด,หางดง,101.165,29.142083333333332
2026-03-28,เชียงใหม่,เชียงดาว,เชียงดาว,176.07804347826087,24.713478260869564
2026-03-28,เชียงใหม่,แม่วาง,บ้านกาด,213.84708333333333,28.63854166666667
2026-03-28,เชียงใหม่,แม่แจ่ม,ช่างเคิ่ง,106.45615384615384,25.33205128205128
2026-03-28,เชียงใหม่,แม่แตง,สันมหาพน,178.69708333333335,26.87708333333333
2026-03-28,แพร่,วังชิ้น,วังชิ้น,90.42333333333333,29.926666666666666
2026-03-28,แพร่,เด่นชัย,เด่นชัย,50.92073529411765,31.236911764705884
2026-03-28,แม่ฮ่องสอน,ขุนยวม,ขุนยวม,104.966875,27.365
2026-03-28,แม่ฮ่องสอน,ปาย,เวียงเหนือ,161.19222222222223,24.721111111111114
2026-03-28,แม่ฮ่องสอน,ปาย,เวียงใต้,161.0887323943662,27.03338028169014
2026-03-29,น่าน,เฉลิมพระเกียรติ,ห้วยโก๋น,352.19041666666664,25.980416666666667
2026-03-29,พะเยา,จุน,ห้วยข้าวก่ำ,18.976666666666667,31.106666666666666
2026-03-29,พะเยา,เชียงม่วน,เชียงม่วน,135.01041666666666,31.298333333333332
2026-03-29,ลำปาง,วังเหนือ,วังเหนือ,218.76250000000002,28.462083333333336
2026-03-29,ลำปาง,แม่เมาะ,แม่เมาะ,106.6475,30.734583333333333
2026-03-29,ลำพูน,ลี้,ลี้,121.98,29.231499999999997
2026-03-29,เชียงราย,ป่าแดด,ป่าแดด,156.70545454545456,30.02136363636364
2026-03-29,เชียงราย,เทิง,เวียง,61.899166666666666,29.480416666666667
2026-03-29,เชียงราย,เมือง,รอบเวียง,170.86916666666664,27.814791666666665
2026-03-29,เชียงราย,แม่สาย,เวียงพางคำ,219.4333333333333,26.162499999999998
2026-03-29,เชียงใหม่,ดอยเต่า,ดอยเต่า,91.43124999999999,30.56458333333333
2026-03-29,เชียงใหม่,ฝาง,เวียง,124.6475,26.03625
2026-03-29,เชียงใหม่,สันกำแพง,สันกำแพง,139.57716666666664,29.559583333333332
2026-03-29,เชียงใหม่,อมก๋อย,อมก๋อย,107.61208333333333,24.825416666666666
2026-03-29,เชียงใหม่,ฮอด,หางดง,107.09652173913042,30.571521739130436
2026-03-29,เชียงใหม่,เชียงดาว,เชียงดาว,190.0475,25.64
2026-03-29,เชียงใหม่,แม่วาง,บ้านกาด,287.68,29.702291666666667
2026-03-29,เชียงใหม่,แม่แจ่ม,ช่างเคิ่ง,77.9525,28.30027777777778
2026-03-29,เชียงใหม่,แม่แตง,สันมหาพน,215.3345833333333,27.30541666666667
2026-03-29,แพร่,วังชิ้น,วังชิ้น,57.67791666666667,29.83791666666667
2026-03-29,แพร่,เด่นชัย,เด่นชัย,40.324,32.196333333333335
2026-03-29,แม่ฮ่องสอน,ขุนยวม,ขุนยวม,173.39645833333336,27.38291666666667
2026-03-29,แม่ฮ่องสอน,ปาย,เวียงเหนือ,309.06125000000003,25.350416666666664
2026-03-29,แม่ฮ่องสอน,ปาย,เวียงใต้,216.44083333333333,27.2475
2026-03-30,น่าน,เฉลิมพระเกียรติ,ห้วยโก๋น,663.0,25.074782608695653
2026-03-30,พะเยา,จุน,ห้วยข้าวก่ำ,19.48782608695652,29.681304347826085
2026-03-30,พะเยา,เชียงม่วน,เชียงม่วน,108.29739130434783,30.88434782608696
2026-03-30,ลำปาง,วังเหนือ,วังเหนือ,172.50608695652173,27.141304347826086
2026-03-30,ลำปาง,แม่เมาะ,แม่เมาะ,87.49657142857143,31.26457142857143
2026-03-30,ลำพูน,ลี้,ลี้,118.62333333333333,29.044571428571427
2026-03-30,เชียงราย,ป่าแดด,ป่าแดด,155.60999999999999,29.053529411764707
2026-03-30,เชียงราย,เทิง,เวียง,64.24434782608695,28.40086956521739
2026-03-30,เชียงราย,เมือง,รอบเวียง,189.7013043478261,26.126956521739128
2026-03-30,เชียงราย,แม่สาย,เวียงพางคำ,304.34,25.7175
2026-03-30,เชียงใหม่,ดอยเต่า,ดอยเต่า,104.40782608695653,29.41304347826087
2026-03-30,เชียงใหม่,ฝาง,เวียง,168.86375,26.008750000000003
2026-03-30,เชียงใหม่,สันกำแพง,สันกำแพง,139.80321739130434,28.91
2026-03-30,เชียงใหม่,อมก๋อย,อมก๋อย,114.2595652173913,24.20521739130435
2026-03-30,เชียงใหม่,ฮอด,หางดง,111.99677419354839,30.48741935483871
2026-03-30,เชียงใหม่,เชียงดาว,เชียงดาว,306.3394623655914,24.81763440860215
2026-03-30,เชียงใหม่,แม่วาง,บ้านกาด,331.0495652173913,28.82869565217391
2026-03-30,เชียงใหม่,แม่แจ่ม,ช่างเคิ่ง,109.01923076923077,25.959999999999997
2026-03-30,เชียงใหม่,แม่แตง,สันมหาพน,246.37375,27.145833333333332
2026-03-30,แพร่,วังชิ้น,วังชิ้น,55.839999999999996,29.418260869565216
2026-03-30,แพร่,เด่นชัย,เด่นชัย,46.467368421052626,32.38894736842106
2026-03-30,แม่ฮ่องสอน,ขุนยวม,ขุนยวม,191.5069565217391,26.993913043478262
2026-03-30,แม่ฮ่องสอน,ปาย,เวียงเหนือ,513.088,23.03066666666667
2026-03-30,แม่ฮ่องสอน,ปาย,เวียงใต้,372.30928571428575,26.810000000000002
2026-03-31,น่าน,เฉลิมพระเกียรติ,ห้วยโก๋น,573.1010714285715,25.842142857142857
2026-03-31,พะเยา,จุน,ห้วยข้าวก่ำ,17.059583333333332,30.819999999999997
2026-03-31,พะเยา,เชียงม่วน,เชียงม่วน,115.36,30.949166666666667
2026-03-31,ลำปาง,วังเหนือ,วังเหนือ,179.91458333333333,28.179583333333337
2026-03-31,ลำปาง,แม่เมาะ,แม่เมาะ,101.96403846153846,30.712692307692308
2026-03-31,ลำพูน,ลี้,ลี้,115.44078260869566,28.710434782608694
2026-03-31,เชียงราย,ป่าแดด,ป่าแดด,127.89545454545454,29.435000000000002
2026-03-31,เชียงราย,เทิง,เวียง,54.17333333333334,29.591041666666666
2026-03-31,เชียงราย,เมือง,รอบเวียง,208.5675,27.914583333333336
2026-03-31,เชียงราย,แม่สาย,เวียงพางคำ,338.05083333333334,26.52416666666667
2026-03-31,เชียงใหม่,ดอยเต่า,ดอยเต่า,85.20458333333333,31.19333333333333
2026-03-31,เชียงใหม่,ฝาง,เวียง,195.34,26.813333333333333
2026-03-31,เชียงใหม่,สันกำแพง,สันกำแพง,121.40727272727273,29.444545454545455
2026-03-31,เชียงใหม่,อมก๋อย,อมก๋อย,105.865,26.52208333333333
2026-03-31,เชียงใหม่,ฮอด,หางดง,107.62666666666667,31.109583333333333
2026-03-31,เชียงใหม่,เชียงดาว,เชียงดาว,262.2448888888889,26.491
2026-03-31,เชียงใหม่,แม่วาง,บ้านกาด,255.96416666666667,29.733125
2026-03-31,เชียงใหม่,แม่แจ่ม,ช่างเคิ่ง,85.35166666666667,27.150000000000002
2026-03-31,เชียงใหม่,แม่แตง,สันมหาพน,203.63166666666666,27.998333333333335
2026-03-31,แพร่,วังชิ้น,วังชิ้น,56.58291666666667,29.690416666666668
2026-03-31,แพร่,เด่นชัย,เด่นชัย,55.690000000000005,29.444333333333336
2026-03-31,แม่ฮ่องสอน,ขุนยวม,ขุนยวม,165.74604166666666,28.010416666666668
2026-03-31,แม่ฮ่องสอน,ปาย,เวียงใต้,339.15013888888893,27.783333333333335
2026-04-01,พะเยา,เชียงม่วน,เชียงม่วน,176.20478260869567,30.88869565217391
2026-04-01,ลำปาง,วังเหนือ,วังเหนือ,213.94333333333336,27.609583333333333
2026-04-01,ลำปาง,แม่เมาะ,แม่เมาะ,130.28229166666668,30.837083333333336
2026-04-01,ลำพูน,ลี้,ลี้,129.00940594059406,29.79188118811881
2026-04-01,เชียงราย,ป่าแดด,ป่าแดด,166.1036842105263,27.773157894736844
2026-04-01,เชียงราย,เทิง,เวียง,76.37041666666667,28.528750000000002
2026-04-01,เชียงราย,เมือง,รอบเวียง,255.30875,27.453958333333333
2026-04-01,เชียงราย,แม่สาย,เวียงพางคำ,327.425,26.79125
2026-04-01,เชียงใหม่,ดอยเต่า,ดอยเต่า,77.65739130434783,31.682173913043474
2026-04-01,เชียงใหม่,ฝาง,เวียง,238.79625,26.69125
2026-04-01,เชียงใหม่,สันกำแพง,สันกำแพง,160.82794871794871,29.152564102564103
2026-04-01,เชียงใหม่,อมก๋อย,อมก๋อย,103.63083333333333,26.09166666666667
2026-04-01,เชียงใหม่,ฮอด,หางดง,145.29744680851064,30.603297872340427
2026-04-01,เชียงใหม่,เชียงดาว,เชียงดาว,241.11416666666668,26.294666666666668
2026-04-01,เชียงใหม่,แม่วาง,บ้านกาด,265.1326086956522,30.080652173913045
2026-04-01,เชียงใหม่,แม่แจ่ม,ช่างเคิ่ง,182.19954545454544,27.664772727272727
2026-04-01,เชียงใหม่,แม่แตง,สันมหาพน,240.43375,28.0525
2026-04-01,แพร่,วังชิ้น,วังชิ้น,74.21958333333333,29.916666666666668
2026-04-01,แพร่,เด่นชัย,เด่นชัย,68.65666666666667,30.791944444444443
2026-04-01,แม่ฮ่องสอน,ขุนยวม,ขุนยวม,184.41857142857143,26.813142857142857
2026-04-01,แม่ฮ่องสอน,ปาย,เวียงเหนือ,404.00149999999996,27.685000000000002
2026-04-01,แม่ฮ่องสอน,ปาย,เวียงใต้,342.95902777777775,28.062083333333334
2026-04-02,พะเยา,เชียงม่วน,เชียงม่วน,168.00833333333333,30.663749999999997
2026-04-02,ลำปาง,วังเหนือ,วังเหนือ,204.82625,28.245416666666667
2026-04-02,ลำปาง,แม่เมาะ,แม่เมาะ,141.74333333333334,31.332916666666666
2026-04-02,ลำพูน,ลี้,ลี้,139.97356589147287,28.927674418604653
2026-04-02,เชียงราย,ป่าแดด,ป่าแดด,195.8814285714286,30.003333333333337
2026-04-02,เชียงราย,เทิง,เวียง,85.62166666666667,29.368125000000003
2026-04-02,เชียงราย,เมือง,รอบเวียง,293.91625,27.856666666666666
2026-04-02,เชียงราย,แม่สาย,เวียงพางคำ,324.62166666666667,27.567083333333333
2026-04-02,เชียงใหม่,ดอยเต่า,ดอยเต่า,92.3275,31.724999999999998
2026-04-02,เชียงใหม่,ฝาง,เวียง,229.19875,27.2675
2026-04-02,เชียงใหม่,สันกำแพง,สันกำแพง,174.62808333333334,29.62541666666667
2026-04-02,เชียงใหม่,อมก๋อย,อมก๋อย,91.83333333333333,25.684166666666666
2026-04-02,เชียงใหม่,ฮอด,หางดง,179.65958333333333,30.480416666666667
2026-04-02,เชียงใหม่,เชียงดาว,เชียงดาว,258.07179487179485,22.792051282051283
2026-04-02,เชียงใหม่,แม่วาง,บ้านกาด,197.57916666666665,29.636875
2026-04-02,เชียงใหม่,แม่แจ่ม,ช่างเคิ่ง,235.57562499999997,27.03708333333333
2026-04-02,เชียงใหม่,แม่แตง,สันมหาพน,225.27,28.024583333333336
2026-04-02,แพร่,วังชิ้น,วังชิ้น,78.04,30.254583333333333
2026-04-02,แพร่,เด่นชัย,เด่นชัย,68.52875,31.182916666666667
2026-04-02,แม่ฮ่องสอน,ขุนยวม,ขุนยวม,178.78238095238095,29.705
2026-04-02,แม่ฮ่องสอน,ปาย,เวียงเหนือ,486.3420833333333,26.68958333333333
2026-04-02,แม่ฮ่องสอน,ปาย,เวียงใต้,377.3980555555556,27.815
2026-04-03,พะเยา,เชียงม่วน,เชียงม่วน,138.0845833333333,31.03125
2026-04-03,ลำปาง,วังเหนือ,วังเหนือ,196.83041666666668,28.273333333333337
2026-04-03,ลำปาง,แม่เมาะ,แม่เมาะ,120.63291666666667,31.25375
2026-04-03,ลำพูน,ลี้,ลี้,152.36979310344827,30.63227586206897
2026-04-03,เชียงราย,ป่าแดด,ป่าแดด,152.19304347826088,29.770434782608696
2026-04-03,เชียงราย,เทิง,เวียง,70.12208333333334,29.637916666666666
2026-04-03,เชียงราย,เมือง,รอบเวียง,259.79083333333335,28.604791666666667
2026-04-03,เชียงราย,แม่สาย,เวียงพางคำ,299.7454166666667,27.797083333333333
2026-04-03,เชียงใหม่,ดอยเต่า,ดอยเต่า,91.29761904761905,28.923333333333332
2026-04-03,เชียงใหม่,ฝาง,เวียง,186.37333333333333,27.80541666666667
2026-04-03,เชียงใหม่,สันกำแพง,สันกำแพง,161.183,29.558333333333334
2026-04-03,เชียงใหม่,อมก๋อย,อมก๋อย,63.87083333333334,25.405416666666667
2026-04-03,เชียงใหม่,ฮอด,หางดง,196.33755555555555,29.496
2026-04-03,เชียงใหม่,เชียงดาว,เชียงดาว,227.52954545454543,24.04
2026-04-03,เชียงใหม่,แม่วาง,บ้านกาด,198.255,29.514166666666668
2026-04-03,เชียงใหม่,แม่แจ่ม,ช่างเคิ่ง,257.62916666666666,27.1425
2026-04-03,เชียงใหม่,แม่แตง,สันมหาพน,191.67083333333335,28.106666666666666
2026-04-03,แพร่,วังชิ้น,วังชิ้น,65.03333333333333,30.17916666666667
2026-04-03,แพร่,เด่นชัย,เด่นชัย,59.93772727272727,32.21969696969697
2026-04-03,แม่ฮ่องสอน,ขุนยวม,ขุนยวม,260.663125,28.67625
2026-04-03,แม่ฮ่องสอน,ปาย,เวียงเหนือ,464.2366666666666,25.23
2026-04-03,แม่ฮ่องสอน,ปาย,เวียงใต้,361.15013888888893,28.0325
2026-04-04,พะเยา,เชียงม่วน,เชียงม่วน,156.42208333333335,30.675
2026-04-04,ลำปาง,วังเหนือ,วังเหนือ,226.46124999999998,28.332916666666666
2026-04-04,ลำปาง,แม่เมาะ,แม่เมาะ,155.53291666666667,30.738333333333333
2026-04-04,ลำพูน,ลี้,ลี้,171.96713235294118,28.835
2026-04-04,เชียงราย,ป่าแดด,ป่าแดด,186.65125,29.914375
2026-04-04,เชียงราย,เทิง,เวียง,79.4475,29.75979166666667
2026-04-04,เชียงราย,เมือง,รอบเวียง,293.51916666666665,28.8025
2026-04-04,เชียงราย,แม่สาย,เวียงพางคำ,335.6275,28.519166666666667
2026-04-04,เชียงใหม่,ดอยเต่า,ดอยเต่า,72.2075,31.45125
2026-04-04,เชียงใหม่,ฝาง,เวียง,238.96708333333333,27.91875
2026-04-04,เชียงใหม่,สันกำแพง,สันกำแพง,162.32064220183486,29.52596330275229
2026-04-04,เชียงใหม่,อมก๋อย,อมก๋อย,86.02291666666667,26.064166666666665
2026-04-04,เชียงใหม่,ฮอด,หางดง,124.32916666666667,30.718958333333333
2026-04-04,เชียงใหม่,เชียงดาว,เชียงดาว,283.76779661016946,27.749830508474577
2026-04-04,เชียงใหม่,แม่วาง,บ้านกาด,202.76625,29.896666666666665
2026-04-04,เชียงใหม่,แม่แจ่ม,ช่างเคิ่ง,233.88041666666666,28.153333333333336
2026-04-04,เชียงใหม่,แม่แตง,สันมหาพน,201.0533333333333,28.60375
2026-04-04,แพร่,วังชิ้น,วังชิ้น,73.95916666666666,29.29416666666667
2026-04-04,แพร่,เด่นชัย,เด่นชัย,63.40909090909091,30.82363636363636
2026-04-04,แม่ฮ่องสอน,ขุนยวม,ขุนยวม,244.68625,29.574583333333333
2026-04-04,แม่ฮ่องสอน,ปาย,เวียงเหนือ,453.166,25.73
2026-04-04,แม่ฮ่องสอน,ปาย,เวียงใต้,370.3697222222222,28.459999999999997
2026-04-05,พะเยา,เชียงม่วน,เชียงม่วน,154.27458333333334,31.784583333333334
2026-04-05,ลำปาง,วังเหนือ,วังเหนือ,189.41875000000002,29.43541666666667
2026-04-05,ลำปาง,แม่เมาะ,แม่เมาะ,128.29,31.26625
2026-04-05,ลำพูน,ลี้,ลี้,141.18719298245614,29.345321637426903
2026-04-05,เชียงราย,ป่าแดด,ป่าแดด,175.83095238095237,30.953333333333333
2026-04-05,เชียงราย,เทิง,เวียง,72.04416666666667,31.363958333333333
2026-04-05,เชียงราย,เมือง,รอบเวียง,284.44874999999996,29.92125
2026-04-05,เชียงราย,แม่สาย,เวียงพางคำ,286.8475,28.939999999999998
2026-04-05,เชียงใหม่,ดอยเต่า,ดอยเต่า,90.25125,25.36875
2026-04-05,เชียงใหม่,ฝาง,เวียง,228.01958333333334,29.285
2026-04-05,เชียงใหม่,สันกำแพง,สันกำแพง,139.16936170212767,31.09010638297872
2026-04-05,เชียงใหม่,อมก๋อย,อมก๋อย,104.62916666666666,26.881666666666664
2026-04-05,เชียงใหม่,ฮอด,หางดง,113.533125,30.61171875
2026-04-05,เชียงใหม่,เชียงดาว,เชียงดาว,245.19756756756755,26.46783783783784
2026-04-05,เชียงใหม่,แม่วาง,บ้านกาด,166.41625,30.605416666666667
2026-04-05,เชียงใหม่,แม่แจ่ม,ช่างเคิ่ง,151.54625000000001,28.96375
2026-04-05,เชียงใหม่,แม่แตง,สันมหาพน,154.44166666666666,29.587083333333336
2026-04-05,แพร่,วังชิ้น,วังชิ้น,71.84833333333333,29.972916666666666
2026-04-05,แพร่,เด่นชัย,เด่นชัย,65.15204545454546,30.60431818181818
2026-04-05,แม่ฮ่องสอน,ขุนยวม,ขุนยวม,166.04461538461538,26.589230769230767
2026-04-05,แม่ฮ่องสอน,ปาย,เวียงเหนือ,435.914,26.584666666666667
2026-04-05,แม่ฮ่องสอน,ปาย,เวียงใต้,299.6480555555556,29.018749999999997
2026-04-06,พะเยา,เชียงม่วน,เชียงม่วน,122.77749999999999,32.37083333333333
2026-04-06,ลำปาง,วังเหนือ,วังเหนือ,159.37208333333334,29.90041666666667
2026-04-06,ลำปาง,แม่เมาะ,แม่เมาะ,94.04541666666667,31.847916666666666
2026-04-06,ลำพูน,ลี้,ลี้,107.80046511627907,29.54511627906977
2026-04-06,เชียงราย,ป่าแดด,ป่าแดด,147.85999999999999,32.187
2026-04-06,เชียงราย,เทิง,เวียง,63.7875,31.285
2026-04-06,เชียงราย,เมือง,รอบเวียง,183.63875,29.168333333333333
2026-04-06,เชียงราย,แม่สาย,เวียงพางคำ,156.19666666666666,28.402083333333334
2026-04-06,เชียงใหม่,ดอยเต่า,ดอยเต่า,171.79000000000002,30.966
2026-04-06,เชียงใหม่,ฝาง,เวียง,156.045,27.692916666666665
2026-04-06,เชียงใหม่,สันกำแพง,สันกำแพง,97.12104166666667,31.287499999999998
2026-04-06,เชียงใหม่,อมก๋อย,อมก๋อย,78.26625,26.074583333333333
2026-04-06,เชียงใหม่,ฮอด,หางดง,111.54586206896552,31.634999999999998
2026-04-06,เชียงใหม่,เชียงดาว,เชียงดาว,163.2535294117647,29.40058823529412
2026-04-06,เชียงใหม่,แม่วาง,บ้านกาด,116.02625,30.71875
2026-04-06,เชียงใหม่,แม่แจ่ม,ช่างเคิ่ง,137.29770833333333,29.320833333333336
2026-04-06,เชียงใหม่,แม่แตง,สันมหาพน,115.66624999999999,29.679999999999996
2026-04-06,แพร่,วังชิ้น,วังชิ้น,56.61625,30.919583333333335
2026-04-06,แพร่,เด่นชัย,เด่นชัย,60.26792452830188,33.54188679245283
2026-04-06,แม่ฮ่องสอน,ขุนยวม,ขุนยวม,171.706875,31.44875
2026-04-06,แม่ฮ่องสอน,ปาย,เวียงใต้,244.22166666666666,29.054166666666667
2026-04-07,พะเยา,เชียงม่วน,เชียงม่วน,108.87541666666668,31.953333333333333
2026-04-07,ลำปาง,วังเหนือ,วังเหนือ,131.04916666666665,29.727083333333336
2026-04-07,ลำปาง,แม่เมาะ,แม่เมาะ,99.69895833333334,32.3325
2026-04-07,ลำพูน,ลี้,ลี้,92.62473684210526,29.612894736842104
2026-04-07,เชียงราย,ป่าแดด,ป่าแดด,120.16588235294117,31.19588235294118
2026-04-07,เชียงราย,เทิง,เวียง,49.162083333333335,29.849166666666665
2026-04-07,เชียงราย,เมือง,รอบเวียง,133.60541666666668,29.346041666666665
2026-04-07,เชียงราย,แม่สาย,เวียงพางคำ,110.88416666666667,28.958333333333332
2026-04-07,เชียงใหม่,ดอยเต่า,ดอยเต่า,55.84041666666667,33.33
2026-04-07,เชียงใหม่,ฝาง,เวียง,104.925,26.483333333333334
2026-04-07,เชียงใหม่,สันกำแพง,สันกำแพง,106.046875,30.696250000000003
2026-04-07,เชียงใหม่,อมก๋อย,อมก๋อย,70.24,26.91416666666667
2026-04-07,เชียงใหม่,ฮอด,หางดง,83.378125,31.995208333333334
2026-04-07,เชียงใหม่,เชียงดาว,เชียงดาว,144.45833333333334,28.568749999999998
2026-04-07,เชียงใหม่,แม่วาง,บ้านกาด,144.26833333333335,30.801875
2026-04-07,เชียงใหม่,แม่แจ่ม,ช่างเคิ่ง,161.4425,29.4325
2026-04-07,เชียงใหม่,แม่แตง,สันมหาพน,106.46,28.959166666666665
2026-04-07,แพร่,วังชิ้น,วังชิ้น,51.97666666666667,31.381666666666664
2026-04-07,แพร่,เด่นชัย,เด่นชัย,105.52000000000001,27.89
2026-04-07,แม่ฮ่องสอน,ขุนยวม,ขุนยวม,122.60916666666667,28.655
2026-04-07,แม่ฮ่องสอน,ปาย,เวียงใต้,215.15194444444444,29.178749999999997
2026-04-08,พะเยา,เชียงม่วน,เชียงม่วน,89.39916666666666,32.30708333333333
2026-04-08,ลำปาง,วังเหนือ,วังเหนือ,104.08749999999999,29.41541666666667
2026-04-08,ลำปาง,แม่เมาะ,แม่เมาะ,101.776875,31.819166666666664
2026-04-08,ลำพูน,ลี้,ลี้,101.85567567567567,29.71216216216216
2026-04-08,เชียงราย,ป่าแดด,ป่าแดด,83.78333333333333,30.922666666666668
2026-04-08,เชียงราย,เทิง,เวียง,39.25541666666667,29.045208333333335
2026-04-08,เชียงราย,เมือง,รอบเวียง,106.69958333333334,29.042291666666667
2026-04-08,เชียงราย,แม่สาย,เวียงพางคำ,85.13916666666667,27.867500000000003
2026-04-08,เชียงใหม่,ดอยเต่า,ดอยเต่า,40.094166666666666,31.830416666666665
2026-04-08,เชียงใหม่,ฝาง,เวียง,89.54541666666667,27.617916666666662
2026-04-08,เชียงใหม่,สันกำแพง,สันกำแพง,77.73252525252525,30.169898989898993
2026-04-08,เชียงใหม่,อมก๋อย,อมก๋อย,52.62166666666667,26.071250000000003
2026-04-08,เชียงใหม่,ฮอด,หางดง,77.79125,31.57604166666667
2026-04-08,เชียงใหม่,เชียงดาว,เชียงดาว,122.12800000000001,28.627000000000002
2026-04-08,เชียงใหม่,แม่วาง,บ้านกาด,115.86125,29.83604166666667
2026-04-08,เชียงใหม่,แม่แจ่ม,ช่างเคิ่ง,137.42833333333334,28.445000000000004
2026-04-08,เชียงใหม่,แม่แตง,สันมหาพน,88.54791666666667,29.370833333333334
2026-04-08,แพร่,วังชิ้น,วังชิ้น,69.04291666666667,30.815833333333334
2026-04-08,แพร่,เด่นชัย,เด่นชัย,61.10368421052632,33.28157894736842
2026-04-08,แม่ฮ่องสอน,ขุนยวม,ขุนยวม,145.72770833333334,28.401666666666667
2026-04-08,แม่ฮ่องสอน,ปาย,เวียงใต้,235.95444444444445,28.362916666666663
2026-04-09,พะเยา,เชียงม่วน,เชียงม่วน,113.83375,30.87125
2026-04-09,ลำปาง,วังเหนือ,วังเหนือ,123.72541666666666,28.75791666666667
2026-04-09,ลำปาง,แม่เมาะ,แม่เมาะ,55.397948717948715,33.467948717948715
2026-04-09,ลำพูน,ลี้,ลี้,79.84921052631579,29.950789473684214
2026-04-09,เชียงราย,ป่าแดด,ป่าแดด,91.73949999999999,29.794
2026-04-09,เชียงราย,เทิง,เวียง,42.652499999999996,29.618750000000002
2026-04-09,เชียงราย,เมือง,รอบเวียง,114.00416666666666,28.697916666666668
2026-04-09,เชียงราย,แม่สาย,เวียงพางคำ,80.35375,28.473333333333333
2026-04-09,เชียงใหม่,ดอยเต่า,ดอยเต่า,36.643125,34.8525
2026-04-09,เชียงใหม่,ฝาง,เวียง,112.22583333333334,27.00583333333333
2026-04-09,เชียงใหม่,สันกำแพง,สันกำแพง,69.71149122807017,30.31105263157895
2026-04-09,เชียงใหม่,อมก๋อย,อมก๋อย,34.305625,26.398125
2026-04-09,เชียงใหม่,ฮอด,หางดง,99.24475,31.679125
2026-04-09,เชียงใหม่,เชียงดาว,เชียงดาว,155.72053571428572,29.283035714285713
2026-04-09,เชียงใหม่,แม่วาง,บ้านกาด,114.75583333333333,29.978333333333335
2026-04-09,เชียงใหม่,แม่แจ่ม,ช่างเคิ่ง,128.90854166666665,27.825
2026-04-09,เชียงใหม่,แม่แตง,สันมหาพน,115.02708333333334,28.684583333333332
2026-04-09,แพร่,วังชิ้น,วังชิ้น,46.814166666666665,31.184583333333336
2026-04-09,แพร่,เด่นชัย,เด่นชัย,37.29947368421053,34.02157894736842
2026-04-09,แม่ฮ่องสอน,ขุนยวม,ขุนยวม,160.23708333333335,28.584999999999997
2026-04-09,แม่ฮ่องสอน,ปาย,เวียงใต้,248.57458333333332,27.907083333333333
2026-04-10,พะเยา,เชียงม่วน,เชียงม่วน,85.4175,31.209166666666665
2026-04-10,ลำปาง,วังเหนือ,วังเหนือ,100.06333333333333,29.35375
2026-04-10,ลำปาง,แม่เมาะ,แม่เมาะ,63.77020833333333,32.46333333333333
2026-04-10,ลำพูน,ลี้,ลี้,87.22096774193548,28.646129032258063
2026-04-10,เชียงราย,ป่าแดด,ป่าแดด,88.64315789473685,31.38315789473684
2026-04-10,เชียงราย,เทิง,เวียง,47.581250000000004,29.66416666666667
2026-04-10,เชียงราย,เมือง,รอบเวียง,142.98958333333334,28.907083333333333
2026-04-10,เชียงราย,แม่สาย,เวียงพางคำ,96.61166666666666,28.416666666666668
2026-04-10,เชียงใหม่,ดอยเต่า,ดอยเต่า,37.174705882352946,34.26058823529412
2026-04-10,เชียงใหม่,ฝาง,เวียง,114.59875,27.229166666666668
2026-04-10,เชียงใหม่,สันกำแพง,สันกำแพง,65.77062500000001,30.507499999999997
2026-04-10,เชียงใหม่,ฮอด,หางดง,95.24268292682926,31.833170731707312
2026-04-10,เชียงใหม่,เชียงดาว,เชียงดาว,135.42051724137932,29.559827586206897
2026-04-10,เชียงใหม่,แม่วาง,บ้านกาด,91.43124999999999,30.14625
2026-04-10,เชียงใหม่,แม่แจ่ม,ช่างเคิ่ง,110.58375000000001,28.412916666666664
2026-04-10,เชียงใหม่,แม่แตง,สันมหาพน,108.02958333333333,28.751666666666665
2026-04-10,แพร่,วังชิ้น,วังชิ้น,51.43125,31.313333333333333
2026-04-10,แพร่,เด่นชัย,เด่นชัย,54.52692307692308,28.781794871794872
2026-04-10,แม่ฮ่องสอน,ขุนยวม,ขุนยวม,122.18,29.185833333333335
2026-04-10,แม่ฮ่องสอน,ปาย,เวียงใต้,223.6352777777778,27.807916666666667
2026-04-11,พะเยา,เชียงม่วน,เชียงม่วน,102.63708333333334,31.210416666666664
2026-04-11,ลำปาง,วังเหนือ,วังเหนือ,105.53208333333333,29.537499999999998
2026-04-11,ลำปาง,แม่เมาะ,แม่เมาะ,64.92979166666667,32.01541666666667
2026-04-11,ลำพูน,ลี้,ลี้,99.730078125,28.6134375
2026-04-11,เชียงราย,ป่าแดด,ป่าแดด,89.61357142857142,30.16357142857143
2026-04-11,เชียงราย,เทิง,เวียง,43.215,29.964791666666667
2026-04-11,เชียงราย,เมือง,รอบเวียง,138.24212765957446,29.042978723404254
2026-04-11,เชียงราย,แม่สาย,เวียงพางคำ,124.8175,27.86
2026-04-11,เชียงใหม่,ดอยเต่า,ดอยเต่า,40.66833333333333,31.405416666666667
2026-04-11,เชียงใหม่,ฝาง,เวียง,113.32083333333333,28.0175
2026-04-11,เชียงใหม่,สันกำแพง,สันกำแพง,69.8170642201835,31.281284403669723
2026-04-11,เชียงใหม่,ฮอด,หางดง,94.62416666666667,31.180625000000003
2026-04-11,เชียงใหม่,เชียงดาว,เชียงดาว,182.4788888888889,27.776666666666667
2026-04-11,เชียงใหม่,แม่วาง,บ้านกาด,121.31416666666667,30.332708333333333
2026-04-11,เชียงใหม่,แม่แจ่ม,ช่างเคิ่ง,108.64437500000001,28.25583333333333
2026-04-11,เชียงใหม่,แม่แตง,สันมหาพน,118.74083333333333,29.01
2026-04-11,แพร่,วังชิ้น,วังชิ้น,48.18625,31.09958333333333
2026-04-11,แพร่,เด่นชัย,เด่นชัย,46.78,31.176666666666666
2026-04-11,แม่ฮ่องสอน,ขุนยวม,ขุนยวม,176.563125,29.1525
2026-04-11,แม่ฮ่องสอน,ปาย,เวียงใต้,243.3311111111111,28.12625
2026-04-12,พะเยา,เชียงม่วน,เชียงม่วน,170.23041666666668,31.211250000000003
2026-04-12,ลำปาง,วังเหนือ,วังเหนือ,143.38,29.270416666666666
2026-04-12,ลำปาง,แม่เมาะ,แม่เมาะ,104.54291666666667,31.582083333333333
2026-04-12,ลำพูน,ลี้,ลี้,107.997890625,28.43125
2026-04-12,เชียงราย,ป่าแดด,ป่าแดด,84.08444444444444,30.130000000000003
2026-04-12,เชียงราย,เทิง,เวียง,43.53208333333333,29.924583333333334
2026-04-12,เชียงราย,เมือง,รอบเวียง,134.95291666666665,28.826666666666668
2026-04-12,เชียงราย,แม่สาย,เวียงพางคำ,116.76333333333334,29.01375
2026-04-12,เชียงใหม่,ดอยเต่า,ดอยเต่า,54.40416666666667,30.89625
2026-04-12,เชียงใหม่,ฝาง,เวียง,103.57791666666667,27.982083333333335
2026-04-12,เชียงใหม่,สันกำแพง,สันกำแพง,95.99491666666667,29.710416666666667
2026-04-12,เชียงใหม่,ฮอด,หางดง,95.24583333333334,30.787291666666665
2026-04-12,เชียงใหม่,เชียงดาว,เชียงดาว,195.37541666666667,26.55625
2026-04-12,เชียงใหม่,แม่วาง,บ้านกาด,139.7825,29.859375
2026-04-12,เชียงใหม่,แม่แจ่ม,ช่างเคิ่ง,154.098125,27.612083333333334
2026-04-12,เชียงใหม่,แม่แตง,สันมหาพน,139.80208333333334,28.42125
2026-04-12,แพร่,วังชิ้น,วังชิ้น,61.63999999999999,30.615
2026-04-12,แม่ฮ่องสอน,ขุนยวม,ขุนยวม,235.280625,28.17375
2026-04-12,แม่ฮ่องสอน,ปาย,เวียงใต้,327.0048611111111,27.229583333333334
2026-04-13,พะเยา,เชียงม่วน,เชียงม่วน,203.31083333333333,32.0525
2026-04-13,ลำปาง,วังเหนือ,วังเหนือ,202.80916666666667,29.1725
2026-04-13,ลำปาง,แม่เมาะ,แม่เมาะ,88.289375,32.343333333333334
2026-04-13,ลำพูน,ลี้,ลี้,84.9532142857143,29.36171428571429
2026-04-13,เชียงราย,ป่าแดด,ป่าแดด,151.47066666666666,29.512666666666668
2026-04-13,เชียงราย,เทิง,เวียง,61.70708333333334,29.47083333333333
2026-04-13,เชียงราย,เมือง,รอบเวียง,221.44291666666666,28.135625
2026-04-13,เชียงราย,แม่สาย,เวียงพางคำ,256.7495833333333,27.733333333333334
2026-04-13,เชียงใหม่,ดอยเต่า,ดอยเต่า,42.03541666666667,32.56125
2026-04-13,เชียงใหม่,ฝาง,เวียง,179.35416666666666,27.514166666666668
2026-04-13,เชียงใหม่,สันกำแพง,สันกำแพง,82.55575,30.61916666666667
2026-04-13,เชียงใหม่,ฮอด,หางดง,89.86125,31.671666666666667
2026-04-13,เชียงใหม่,เชียงดาว,เชียงดาว,233.76152777777776,27.203333333333333
2026-04-13,เชียงใหม่,แม่วาง,บ้านกาด,117.3125,30.625
2026-04-13,เชียงใหม่,แม่แจ่ม,ช่างเคิ่ง,132.30374999999998,27.314749999999997
2026-04-13,เชียงใหม่,แม่แตง,สันมหาพน,161.04666666666665,28.808333333333334
2026-04-13,แพร่,วังชิ้น,วังชิ้น,55.67124999999999,31.32375
2026-04-13,แพร่,เด่นชัย,เด่นชัย,49.458,31.186
2026-04-13,แม่ฮ่องสอน,ขุนยวม,ขุนยวม,152.88145833333334,29.764166666666668
2026-04-13,แม่ฮ่องสอน,ปาย,เวียงใต้,302.80805555555554,28.487916666666667
2026-04-14,พะเยา,เชียงม่วน,เชียงม่วน,109.01166666666666,32.50666666666667
2026-04-14,ลำปาง,วังเหนือ,วังเหนือ,154.11875,29.827083333333334
2026-04-14,ลำปาง,แม่เมาะ,แม่เมาะ,76.05645833333334,32.63583333333333
2026-04-14,ลำพูน,ลี้,ลี้,76.5477027027027,28.718378378378375
2026-04-14,เชียงราย,ป่าแดด,ป่าแดด,133.841,30.129
2026-04-14,เชียงราย,เทิง,เวียง,54.27375,30.70958333333333
2026-04-14,เชียงราย,เมือง,รอบเวียง,244.10541666666666,28.940208333333334
2026-04-14,เชียงราย,แม่สาย,เวียงพางคำ,296.42583333333334,28.42125
2026-04-14,เชียงใหม่,ดอยเต่า,ดอยเต่า,43.263,34.768
2026-04-14,เชียงใหม่,ฝาง,เวียง,165.79875,28.405833333333334
2026-04-14,เชียงใหม่,สันกำแพง,สันกำแพง,73.30866666666667,31.295833333333334
2026-04-14,เชียงใหม่,ฮอด,หางดง,101.7,32.445
2026-04-14,เชียงใหม่,เชียงดาว,เชียงดาว,169.2184375,28.85796875
2026-04-14,เชียงใหม่,แม่วาง,บ้านกาด,95.91041666666666,31.049583333333334
2026-04-14,เชียงใหม่,แม่แจ่ม,ช่างเคิ่ง,119.60645833333332,28.974999999999998
2026-04-14,เชียงใหม่,แม่แตง,สันมหาพน,164.6375,29.422083333333333
2026-04-14,แพร่,วังชิ้น,วังชิ้น,48.10833333333333,31.819166666666664
2026-04-14,แพร่,เด่นชัย,เด่นชัย,48.72857142857143,35.22238095238095
2026-04-14,แม่ฮ่องสอน,ขุนยวม,ขุนยวม,121.99104166666666,30.265833333333333
2026-04-14,แม่ฮ่องสอน,ปาย,เวียงใต้,247.95458333333332,28.323333333333334
2026-04-15,พะเยา,เชียงม่วน,เชียงม่วน,98.44666666666666,32.18833333333333
2026-04-15,ลำปาง,วังเหนือ,วังเหนือ,126.33625,29.532083333333333
2026-04-15,ลำปาง,แม่เมาะ,แม่เมาะ,67.60208333333334,32.483333333333334
2026-04-15,ลำพูน,ลี้,ลี้,70.65273809523809,29.679285714285715
2026-04-15,เชียงราย,ป่าแดด,ป่าแดด,107.54199999999999,30.566
2026-04-15,เชียงราย,เทิง,เวียง,48.04333333333333,30.431875
2026-04-15,เชียงราย,เมือง,รอบเวียง,208.59416666666667,29.378958333333333
2026-04-15,เชียงราย,แม่สาย,เวียงพางคำ,268.82875,28.184166666666666
2026-04-15,เชียงใหม่,ดอยเต่า,ดอยเต่า,38.10260869565217,31.256521739130434
2026-04-15,เชียงใหม่,ฝาง,เวียง,139.15375,28.6825
2026-04-15,เชียงใหม่,สันกำแพง,สันกำแพง,62.48302521008404,31.33344537815126
2026-04-15,เชียงใหม่,ฮอด,หางดง,102.49085106382978,31.486489361702127
2026-04-15,เชียงใหม่,เชียงดาว,เชียงดาว,140.81485714285714,27.81257142857143
2026-04-15,เชียงใหม่,แม่วาง,บ้านกาด,97.99916666666667,31.34645833333333
2026-04-15,เชียงใหม่,แม่แจ่ม,ช่างเคิ่ง,115.13229166666667,29.3
2026-04-15,เชียงใหม่,แม่แตง,สันมหาพน,118.75916666666666,29.411666666666665
2026-04-15,แพร่,วังชิ้น,วังชิ้น,43.52375,31.275833333333335
2026-04-15,แพร่,เด่นชัย,เด่นชัย,50.032000000000004,31.205333333333332
2026-04-15,แม่ฮ่องสอน,ขุนยวม,ขุนยวม,109.12604166666667,30.27416666666667
2026-04-15,แม่ฮ่องสอน,ปาย,เวียงใต้,214.1075,28.696250000000003
2026-04-16,พะเยา,เชียงม่วน,เชียงม่วน,123.27499999999999,31.170416666666668
2026-04-16,ลำปาง,วังเหนือ,วังเหนือ,182.51583333333335,28.8625
2026-04-16,ลำปาง,แม่เมาะ,แม่เมาะ,65.99875,31.424583333333334
2026-04-16,ลำพูน,ลี้,ลี้,70.7815,29.728500000000004
2026-04-16,เชียงราย,ป่าแดด,ป่าแดด,133.41736842105263,30.75
2026-04-16,เชียงราย,เทิง,เวียง,56.03208333333333,30.39854166666667
2026-04-16,เชียงราย,เมือง,รอบเวียง,216.88666666666666,29.24208333333333
2026-04-16,เชียงราย,แม่สาย,เวียงพางคำ,205.51416666666668,28.63083333333333
2026-04-16,เชียงใหม่,ดอยเต่า,ดอยเต่า,58.53666666666667,29.95958333333333
2026-04-16,เชียงใหม่,ฝาง,เวียง,131.02458333333334,29.24208333333333
2026-04-16,เชียงใหม่,สันกำแพง,สันกำแพง,77.52600000000001,30.790833333333335
2026-04-16,เชียงใหม่,ฮอด,หางดง,109.35354166666667,31.38083333333333
2026-04-16,เชียงใหม่,เชียงดาว,เชียงดาว,165.91944444444445,28.35
2026-04-16,เชียงใหม่,แม่วาง,บ้านกาด,98.5775,30.878541666666667
2026-04-16,เชียงใหม่,แม่แจ่ม,ช่างเคิ่ง,125.24854166666667,29.157916666666665
2026-04-16,เชียงใหม่,แม่แตง,สันมหาพน,113.64583333333333,29.319999999999997
2026-04-16,แพร่,วังชิ้น,วังชิ้น,41.5075,30.267083333333332
2026-04-16,แพร่,เด่นชัย,เด่นชัย,43.83714285714286,37.86190476190476
2026-04-16,แม่ฮ่องสอน,ขุนยวม,ขุนยวม,79.87479166666667,30.4875
2026-04-16,แม่ฮ่องสอน,ปาย,เวียงใต้,189.7373611111111,29.46458333333333
2026-04-17,พะเยา,เชียงม่วน,เชียงม่วน,226.01083333333335,30.405
2026-04-17,ลำปาง,วังเหนือ,วังเหนือ,168.96791666666667,30.82375
2026-04-17,ลำปาง,แม่เมาะ,แม่เมาะ,112.864375,32.309583333333336
2026-04-17,ลำพูน,ลี้,ลี้,98.70732558139535,30.585813953488373
2026-04-17,เชียงราย,ป่าแดด,ป่าแดด,121.74529411764706,32.21176470588235
2026-04-17,เชียงราย,เทิง,เวียง,53.71125,31.22083333333333
2026-04-17,เชียงราย,เมือง,รอบเวียง,162.12702127659574,29.806595744680852
2026-04-17,เชียงราย,แม่สาย,เวียงพางคำ,132.44166666666666,29.455833333333334
2026-04-17,เชียงใหม่,ดอยเต่า,ดอยเต่า,66.39227272727273,31.656818181818185
2026-04-17,เชียงใหม่,ฝาง,เวียง,103.24374999999999,29.32375
2026-04-17,เชียงใหม่,สันกำแพง,สันกำแพง,101.03283333333334,31.165000000000003
2026-04-17,เชียงใหม่,ฮอด,หางดง,111.68083333333334,29.605833333333333
2026-04-17,เชียงใหม่,เชียงดาว,เชียงดาว,190.145,29.301176470588235
2026-04-17,เชียงใหม่,แม่วาง,บ้านกาด,127.24833333333333,31.36916666666667
2026-04-17,เชียงใหม่,แม่แจ่ม,ช่างเคิ่ง,139.79916666666665,28.13875
2026-04-17,เชียงใหม่,แม่แตง,สันมหาพน,149.90291666666667,30.907916666666665
2026-04-17,แพร่,วังชิ้น,วังชิ้น,60.768750000000004,30.382916666666663
2026-04-17,แม่ฮ่องสอน,ขุนยวม,ขุนยวม,107.18541666666665,29.647499999999997
2026-04-17,แม่ฮ่องสอน,ปาย,เวียงใต้,254.1126388888889,29.137500000000003
2026-04-18,พะเยา,เชียงม่วน,เชียงม่วน,175.97708333333333,31.272916666666664
2026-04-18,ลำปาง,วังเหนือ,วังเหนือ,165.36291666666668,30.739166666666666
2026-04-18,ลำปาง,แม่เมาะ,แม่เมาะ,122.10166666666667,32.80833333333333
2026-04-18,ลำพูน,ลี้,ลี้,116.10427419354839,30.61967741935484
2026-04-18,เชียงราย,ป่าแดด,ป่าแดด,141.94444444444446,31.21722222222222
2026-04-18,เชียงราย,เทิง,เวียง,70.50875,29.79125
2026-04-18,เชียงราย,เมือง,รอบเวียง,210.0404166666667,28.291875
2026-04-18,เชียงราย,แม่สาย,เวียงพางคำ,214.37875,28.20375
2026-04-18,เชียงใหม่,ดอยเต่า,ดอยเต่า,53.959583333333335,32.80166666666667
2026-04-18,เชียงใหม่,ฝาง,เวียง,129.32750000000001,28.20625
2026-04-18,เชียงใหม่,สันกำแพง,สันกำแพง,81.95458333333333,31.594583333333333
2026-04-18,เชียงใหม่,ฮอด,หางดง,90.9430303030303,33.24090909090909
2026-04-18,เชียงใหม่,เชียงดาว,เชียงดาว,170.36553846153848,27.928923076923077
2026-04-18,เชียงใหม่,แม่วาง,บ้านกาด,114.91416666666667,31.811666666666667
2026-04-18,เชียงใหม่,แม่แจ่ม,ช่างเคิ่ง,121.28687500000001,29.410833333333333
2026-04-18,เชียงใหม่,แม่แตง,สันมหาพน,116.41166666666668,29.98
2026-04-18,แพร่,วังชิ้น,วังชิ้น,73.56958333333334,31.123333333333335
2026-04-18,แพร่,เด่นชัย,เด่นชัย,45.13,40.22666666666667
2026-04-18,แม่ฮ่องสอน,ขุนยวม,ขุนยวม,94.71,30.16416666666667
2026-04-18,แม่ฮ่องสอน,ปาย,เวียงใต้,252.37430555555557,28.632083333333338
2026-04-19,พะเยา,เชียงม่วน,เชียงม่วน,156.28666666666666,32.114583333333336
2026-04-19,ลำปาง,วังเหนือ,วังเหนือ,109.78333333333335,30.648333333333337
2026-04-19,ลำปาง,แม่เมาะ,แม่เมาะ,113.85479166666666,32.52041666666667
2026-04-19,ลำพูน,ลี้,ลี้,101.6159090909091,30.275227272727275
2026-04-19,เชียงราย,ป่าแดด,ป่าแดด,110.68071428571429,29.282142857142855
2026-04-19,เชียงราย,เทิง,เวียง,62.487500000000004,30.61375
2026-04-19,เชียงราย,เมือง,รอบเวียง,116.35958333333333,29.500208333333333
2026-04-19,เชียงราย,แม่สาย,เวียงพางคำ,98.38958333333333,27.580833333333334
2026-04-19,เชียงใหม่,ดอยเต่า,ดอยเต่า,64.93583333333333,31.674583333333334
2026-04-19,เชียงใหม่,ฝาง,เวียง,88.75291666666668,27.955
2026-04-19,เชียงใหม่,สันกำแพง,สันกำแพง,72.43327731092437,31.53235294117647
2026-04-19,เชียงใหม่,ฮอด,หางดง,104.87416666666667,31.566041666666667
2026-04-19,เชียงใหม่,เชียงดาว,เชียงดาว,109.38528301886792,28.433962264150942
2026-04-19,เชียงใหม่,แม่วาง,บ้านกาด,135.23208333333335,31.304374999999997
2026-04-19,เชียงใหม่,แม่แจ่ม,ช่างเคิ่ง,148.51520833333333,29.36125
2026-04-19,เชียงใหม่,แม่แตง,สันมหาพน,86.62958333333334,30.059583333333332
2026-04-19,แพร่,วังชิ้น,วังชิ้น,76.49666666666667,30.831249999999997
2026-04-19,แพร่,เด่นชัย,เด่นชัย,81.70166666666667,30.734444444444446
2026-04-19,แม่ฮ่องสอน,ขุนยวม,ขุนยวม,78.55854166666667,30.41625
2026-04-19,แม่ฮ่องสอน,ปาย,เวียงใต้,121.09875000000001,28.64875
2026-04-20,พะเยา,เชียงม่วน,เชียงม่วน,120.43666666666667,31.737916666666667
2026-04-20,ลำปาง,วังเหนือ,วังเหนือ,129.2825,30.01375
2026-04-20,ลำปาง,แม่เมาะ,แม่เมาะ,92.935,32.27583333333333
2026-04-20,ลำพูน,ลี้,ลี้,73.83205882352941,30.84647058823529
2026-04-20,เชียงราย,ป่าแดด,ป่าแดด,84.78285714285714,29.93857142857143
2026-04-20,เชียงราย,เทิง,เวียง,47.385,29.369583333333335
2026-04-20,เชียงราย,เมือง,รอบเวียง,78.22875,27.465833333333332
2026-04-20,เชียงราย,แม่สาย,เวียงพางคำ,77.21083333333333,24.920833333333334
2026-04-20,เชียงใหม่,ดอยเต่า,ดอยเต่า,48.05041666666667,32.5225
2026-04-20,เชียงใหม่,ฝาง,เวียง,86.51458333333333,27.1875
2026-04-20,เชียงใหม่,สันกำแพง,สันกำแพง,59.09683333333333,31.725833333333334
2026-04-20,เชียงใหม่,ฮอด,หางดง,77.52229166666667,32.18958333333333
2026-04-20,เชียงใหม่,เชียงดาว,เชียงดาว,93.03569444444445,28.84791666666667
2026-04-20,เชียงใหม่,แม่วาง,บ้านกาด,142.58708333333334,30.712708333333335
2026-04-20,เชียงใหม่,แม่แจ่ม,ช่างเคิ่ง,144.30854166666668,29.5
2026-04-20,เชียงใหม่,แม่แตง,สันมหาพน,78.40583333333333,29.992916666666662
2026-04-20,แพร่,วังชิ้น,วังชิ้น,63.43625,30.842916666666667
2026-04-20,แพร่,เด่นชัย,เด่นชัย,52.845625000000005,34.15833333333333
2026-04-20,แม่ฮ่องสอน,ขุนยวม,ขุนยวม,69.38583333333334,30.553749999999997
2026-04-20,แม่ฮ่องสอน,ปาย,เวียงใต้,127.49430555555556,29.270833333333332
2026-04-21,พะเยา,เชียงม่วน,เชียงม่วน,93.76083333333334,32.18416666666666
2026-04-21,ลำปาง,วังเหนือ,วังเหนือ,102.53583333333334,30.39375
2026-04-21,ลำปาง,แม่เมาะ,แม่เมาะ,81.71083333333333,32.57125
2026-04-21,ลำพูน,ลี้,ลี้,77.58775,30.214
2026-04-21,เชียงราย,ป่าแดด,ป่าแดด,90.57761904761905,31.522857142857145
2026-04-21,เชียงราย,เทิง,เวียง,47.887499999999996,30.500833333333333
2026-04-21,เชียงราย,เมือง,รอบเวียง,112.99291666666666,29.755416666666665
2026-04-21,เชียงราย,แม่สาย,เวียงพางคำ,93.01958333333333,27.88291666666667
2026-04-21,เชียงใหม่,ดอยเต่า,ดอยเต่า,46.54545454545455,31.922727272727272
2026-04-21,เชียงใหม่,ฝาง,เวียง,91.08458333333334,29.692083333333333
2026-04-21,เชียงใหม่,สันกำแพง,สันกำแพง,56.41389380530974,31.336017699115043
2026-04-21,เชียงใหม่,ฮอด,หางดง,66.41170212765957,30.54329787234043
2026-04-21,เชียงใหม่,เชียงดาว,เชียงดาว,98.97971014492754,28.620289855072464
2026-04-21,เชียงใหม่,แม่วาง,บ้านกาด,154.27125,31.249791666666667
2026-04-21,เชียงใหม่,แม่แจ่ม,ช่างเคิ่ง,110.7836170212766,29.95212765957447
2026-04-21,เชียงใหม่,แม่แตง,สันมหาพน,84.5925,29.687083333333334
2026-04-21,แพร่,วังชิ้น,วังชิ้น,60.88375,31.632499999999997
2026-04-21,แพร่,เด่นชัย,เด่นชัย,48.699473684210524,32.312894736842104
2026-04-21,แม่ฮ่องสอน,ขุนยวม,ขุนยวม,62.07354166666667,30.233333333333334
2026-04-21,แม่ฮ่องสอน,ปาย,เวียงใต้,148.4398611111111,29.084166666666665
2026-04-22,พะเยา,เชียงม่วน,เชียงม่วน,88.68916666666667,33.49208333333333
2026-04-22,ลำปาง,วังเหนือ,วังเหนือ,86.46041666666667,31.902083333333334
2026-04-22,ลำปาง,แม่เมาะ,แม่เมาะ,75.94854166666667,32.70291666666667
2026-04-22,ลำพูน,ลี้,ลี้,69.00818181818181,28.63330578512397
2026-04-22,เชียงราย,ป่าแดด,ป่าแดด,81.8157142857143,26.245714285714286
2026-04-22,เชียงราย,เทิง,เวียง,44.99333333333333,32.424375000000005
2026-04-22,เชียงราย,เมือง,รอบเวียง,119.17833333333333,31.3475
2026-04-22,เชียงราย,แม่สาย,เวียงพางคำ,112.23857142857142,24.155714285714286
2026-04-22,เชียงใหม่,ดอยเต่า,ดอยเต่า,44.703809523809525,32.63095238095238
2026-04-22,เชียงใหม่,ฝาง,เวียง,110.25142857142858,22.632857142857144
2026-04-22,เชียงใหม่,สันกำแพง,สันกำแพง,54.424224137931034,32.73051724137931
2026-04-22,เชียงใหม่,ฮอด,หางดง,57.54866666666667,31.865666666666666
2026-04-22,เชียงใหม่,เชียงดาว,เชียงดาว,93.6308163265306,29.03224489795918
2026-04-22,เชียงใหม่,แม่วาง,บ้านกาด,95.73333333333333,32.292291666666664
2026-04-22,เชียงใหม่,แม่แจ่ม,ช่างเคิ่ง,104.403125,29.15375
2026-04-22,เชียงใหม่,แม่แตง,สันมหาพน,83.80428571428571,24.942857142857143
2026-04-22,แพร่,วังชิ้น,วังชิ้น,50.594166666666666,31.985833333333332
2026-04-22,แม่ฮ่องสอน,ขุนยวม,ขุนยวม,54.443125,30.79041666666667
2026-04-22,แม่ฮ่องสอน,ปาย,เวียงใต้,184.08927272727271,29.268545454545453
2026-04-23,พะเยา,เชียงม่วน,เชียงม่วน,71.8775,29.820833333333336
2026-04-23,ลำปาง,วังเหนือ,วังเหนือ,78.52333333333333,30.855416666666667
2026-04-23,ลำปาง,แม่เมาะ,แม่เมาะ,82.76270833333334,31.554166666666664
2026-04-23,ลำพูน,ลี้,ลี้,54.180186915887845,29.767009345794396
2026-04-23,เชียงราย,เทิง,เวียง,36.895833333333336,29.246875
2026-04-23,เชียงราย,เมือง,รอบเวียง,76.02666666666667,30.012708333333336
2026-04-23,เชียงใหม่,ดอยเต่า,ดอยเต่า,41.23708333333334,30.139583333333334
2026-04-23,เชียงใหม่,สันกำแพง,สันกำแพง,46.40108333333333,31.519166666666667
2026-04-23,เชียงใหม่,ฮอด,หางดง,57.315625000000004,30.700625000000002
2026-04-23,เชียงใหม่,เชียงดาว,เชียงดาว,100.79166666666667,30.068749999999998
2026-04-23,เชียงใหม่,แม่วาง,บ้านกาด,91.13666666666666,29.036666666666665
2026-04-23,เชียงใหม่,แม่แจ่ม,ช่างเคิ่ง,142.3216666666667,30.25375
2026-04-23,แพร่,วังชิ้น,วังชิ้น,49.901250000000005,32.26333333333333
2026-04-23,แม่ฮ่องสอน,ขุนยวม,ขุนยวม,45.6225,29.14375
2026-04-23,แม่ฮ่องสอน,ปาย,เวียงใต้,98.83291666666666,28.884583333333335
2026-04-24,พะเยา,เชียงม่วน,เชียงม่วน,51.30791666666667,30.435833333333335
2026-04-24,ลำปาง,วังเหนือ,วังเหนือ,73.90375,31.504583333333333
2026-04-24,ลำปาง,แม่เมาะ,แม่เมาะ,51.679375,31.09375
2026-04-24,ลำพูน,ลี้,ลี้,52.58583333333333,29.95
2026-04-24,เชียงราย,เทิง,เวียง,34.30041666666667,29.97083333333333
2026-04-24,เชียงราย,เมือง,รอบเวียง,74.13208333333334,28.920416666666668
2026-04-24,เชียงใหม่,ดอยเต่า,ดอยเต่า,38.1625,30.952083333333334
2026-04-24,เชียงใหม่,สันกำแพง,สันกำแพง,43.09791666666667,31.890416666666667
2026-04-24,เชียงใหม่,ฮอด,หางดง,48.18979166666667,31.114583333333332
2026-04-24,เชียงใหม่,เชียงดาว,เชียงดาว,95.955625,30.161666666666665
2026-04-24,เชียงใหม่,แม่วาง,บ้านกาด,75.50333333333333,30.092916666666667
2026-04-24,เชียงใหม่,แม่แจ่ม,ช่างเคิ่ง,118.04875,29.583333333333332
2026-04-24,แพร่,วังชิ้น,วังชิ้น,34.288333333333334,31.879166666666666
2026-04-24,แม่ฮ่องสอน,ขุนยวม,ขุนยวม,45.571666666666665,29.56
2026-04-24,แม่ฮ่องสอน,ปาย,เวียงใต้,114.4475,30.129583333333333
2026-04-25,พะเยา,เชียงม่วน,เชียงม่วน,42.61958333333333,26.57375
2026-04-25,ลำปาง,วังเหนือ,วังเหนือ,58.180416666666666,25.941666666666666
2026-04-25,ลำปาง,แม่เมาะ,แม่เมาะ,42.41291666666667,28.590833333333332
2026-04-25,ลำพูน,ลี้,ลี้,41.35343137254902,25.803137254901962
2026-04-25,เชียงราย,เทิง,เวียง,26.571250000000003,25.979166666666668
2026-04-25,เชียงราย,เมือง,รอบเวียง,63.07416666666666,26.738958333333333
2026-04-25,เชียงใหม่,ดอยเต่า,ดอยเต่า,35.985,26.362083333333334
2026-04-25,เชียงใหม่,สันกำแพง,สันกำแพง,30.625533980582524,28.058446601941746
2026-04-25,เชียงใหม่,ฮอด,หางดง,50.37562500000001,27.274375000000003
2026-04-25,เชียงใหม่,เชียงดาว,เชียงดาว,64.66125,27.676666666666666
2026-04-25,เชียงใหม่,แม่วาง,บ้านกาด,55.739583333333336,27.13479166666667
2026-04-25,เชียงใหม่,แม่แจ่ม,ช่างเคิ่ง,86.71695652173914,26.257391304347824
2026-04-25,แพร่,วังชิ้น,วังชิ้น,29.826666666666668,28.9675
2026-04-25,แม่ฮ่องสอน,ขุนยวม,ขุนยวม,52.868125,28.093333333333334
2026-04-25,แม่ฮ่องสอน,ปาย,เวียงใต้,121.33729166666666,25.22
2026-04-26,น่าน,เฉลิมพระเกียรติ,ห้วยโก๋น,24.084166666666665,23.186666666666667
2026-04-26,พะเยา,เชียงม่วน,เชียงม่วน,39.09227272727273,28.249545454545455
2026-04-26,ลำปาง,วังเหนือ,วังเหนือ,43.74227272727273,26.42954545454546
2026-04-26,ลำปาง,แม่เมาะ,แม่เมาะ,40.56767441860465,28.921860465116282
2026-04-26,ลำพูน,ลี้,ลี้,31.003307086614175,25.13496062992126
2026-04-26,เชียงราย,เทิง,เวียง,23.45,26.462045454545454
2026-04-26,เชียงราย,เมือง,รอบเวียง,46.692727272727275,26.94454545454545
2026-04-26,เชียงใหม่,ดอยเต่า,ดอยเต่า,25.56952380952381,25.355238095238096
2026-04-26,เชียงใหม่,สันกำแพง,สันกำแพง,27.744719101123593,28.470898876404494
2026-04-26,เชียงใหม่,อมก๋อย,อมก๋อย,33.128461538461536,22.962307692307693
2026-04-26,เชียงใหม่,ฮอด,หางดง,37.1275,26.992727272727276
2026-04-26,เชียงใหม่,เชียงดาว,เชียงดาว,44.14666666666667,26.970416666666665
2026-04-26,เชียงใหม่,แม่วาง,บ้านกาด,44.75863636363636,27.879545454545454
2026-04-26,เชียงใหม่,แม่แจ่ม,ช่างเคิ่ง,56.61,27.47869565217391
2026-04-26,แพร่,วังชิ้น,วังชิ้น,26.14,29.23318181818182
2026-04-26,แม่ฮ่องสอน,ขุนยวม,ขุนยวม,36.236744186046515,26.836279069767443
2026-04-26,แม่ฮ่องสอน,ปาย,เวียงใต้,57.3609090909091,25.402272727272727
2026-04-27,น่าน,เฉลิมพระเกียรติ,ห้วยโก๋น,31.269375,26.12125
2026-04-27,พะเยา,จุน,ห้วยข้าวก่ำ,29.12181818181818,32.42454545454546
2026-04-27,พะเยา,เชียงม่วน,เชียงม่วน,35.23416666666667,30.66875
2026-04-27,ลำปาง,วังเหนือ,วังเหนือ,39.76958333333334,29.259583333333335
2026-04-27,ลำปาง,แม่เมาะ,แม่เมาะ,36.005,31.567916666666665
2026-04-27,ลำพูน,ลี้,ลี้,27.82625,29.110416666666666
2026-04-27,เชียงราย,เทิง,เวียง,17.32125,28.39270833333333
2026-04-27,เชียงราย,เมือง,รอบเวียง,44.01291666666666,28.16479166666667
2026-04-27,เชียงใหม่,ดอยเต่า,ดอยเต่า,23.83,29.7625
2026-04-27,เชียงใหม่,สันกำแพง,สันกำแพง,26.034646464646464,31.333939393939392
2026-04-27,เชียงใหม่,อมก๋อย,อมก๋อย,30.879166666666666,24.8925
2026-04-27,เชียงใหม่,ฮอด,หางดง,35.458333333333336,30.279375
2026-04-27,เชียงใหม่,เชียงดาว,เชียงดาว,35.53333333333333,28.797083333333333
2026-04-27,เชียงใหม่,แม่วาง,บ้านกาด,43.39333333333334,29.60020833333333
2026-04-27,เชียงใหม่,แม่แจ่ม,ช่างเคิ่ง,58.612500000000004,29.399583333333336
2026-04-27,แพร่,วังชิ้น,วังชิ้น,23.0925,31.244583333333335
2026-04-27,แม่ฮ่องสอน,ขุนยวม,ขุนยวม,41.104791666666664,29.632499999999997
2026-04-27,แม่ฮ่องสอน,ปาย,เวียงใต้,46.79833333333334,27.06833333333333
2026-04-28,น่าน,เฉลิมพระเกียรติ,ห้วยโก๋น,18.2525,25.039583333333336
2026-04-28,พะเยา,จุน,ห้วยข้าวก่ำ,29.84,28.708666666666666
2026-04-28,พะเยา,เชียงม่วน,เชียงม่วน,29.981666666666666,30.185833333333335
2026-04-28,ลำปาง,วังเหนือ,วังเหนือ,36.79625,28.817083333333333
2026-04-28,ลำปาง,แม่เมาะ,แม่เมาะ,36.31047619047619,31.215238095238096
2026-04-28,ลำพูน,ลี้,ลี้,31.867455621301776,29.36544378698225
2026-04-28,เชียงราย,ป่าแดด,ป่าแดด,29.084285714285716,28.69142857142857
2026-04-28,เชียงราย,เทิง,เวียง,9.599583333333333,25.736666666666665
2026-04-28,เชียงราย,เมือง,รอบเวียง,32.964999999999996,24.815416666666668
2026-04-28,เชียงราย,แม่สาย,เวียงพางคำ,36.68714285714286,26.990714285714287
2026-04-28,เชียงใหม่,ดอยเต่า,ดอยเต่า,21.24478260869565,29.28217391304348
2026-04-28,เชียงใหม่,ฝาง,เวียง,39.915,25.759285714285713
2026-04-28,เชียงใหม่,สันกำแพง,สันกำแพง,29.5715625,31.270416666666666
2026-04-28,เชียงใหม่,อมก๋อย,อมก๋อย,28.31375,24.300416666666667
2026-04-28,เชียงใหม่,ฮอด,หางดง,33.92404255319149,29.74968085106383
2026-04-28,เชียงใหม่,เชียงดาว,เชียงดาว,37.43633333333333,27.806166666666666
2026-04-28,เชียงใหม่,แม่วาง,บ้านกาด,44.52625,30.016875
2026-04-28,เชียงใหม่,แม่แจ่ม,ช่างเคิ่ง,51.69103448275862,28.78344827586207
2026-04-28,เชียงใหม่,แม่แตง,สันมหาพน,32.64214285714286,31.245
2026-04-28,แพร่,วังชิ้น,วังชิ้น,24.705416666666665,31.917916666666667
2026-04-28,แม่ฮ่องสอน,ขุนยวม,ขุนยวม,38.75395833333334,29.15125
2026-04-28,แม่ฮ่องสอน,ปาย,เวียงใต้,51.19306451612903,28.995322580645162
2026-04-29,น่าน,เฉลิมพระเกียรติ,ห้วยโก๋น,18.965625,25.052916666666665
2026-04-29,พะเยา,จุน,ห้วยข้าวก่ำ,22.816666666666663,23.653333333333336
2026-04-29,พะเยา,เชียงม่วน,เชียงม่วน,23.767916666666668,29.099166666666665
2026-04-29,ลำปาง,วังเหนือ,วังเหนือ,33.26166666666666,26.686666666666667
2026-04-29,ลำปาง,แม่เมาะ,แม่เมาะ,38.76375,30.28833333333333
2026-04-29,ลำพูน,ลี้,ลี้,35.847977528089885,27.784044943820227
2026-04-29,เชียงราย,ป่าแดด,ป่าแดด,33.746521739130436,25.42478260869565
2026-04-29,เชียงราย,เทิง,เวียง,10.877083333333333,24.648124999999997
2026-04-29,เชียงราย,เมือง,รอบเวียง,41.00208333333333,23.554583333333337
2026-04-29,เชียงราย,แม่สาย,เวียงพางคำ,41.418749999999996,23.852500000000003
2026-04-29,เชียงใหม่,ดอยเต่า,ดอยเต่า,18.882916666666667,29.23625
2026-04-29,เชียงใหม่,ฝาง,เวียง,41.11875,21.990416666666665
2026-04-29,เชียงใหม่,สันกำแพง,สันกำแพง,25.737872340425533,28.52840425531915
2026-04-29,เชียงใหม่,อมก๋อย,อมก๋อย,29.733333333333334,25.426666666666666
2026-04-29,เชียงใหม่,ฮอด,หางดง,30.027708333333333,29.627916666666664
2026-04-29,เชียงใหม่,เชียงดาว,เชียงดาว,30.94083333333333,23.973750000000003
2026-04-29,เชียงใหม่,แม่วาง,บ้านกาด,37.02333333333333,28.580416666666665
2026-04-29,เชียงใหม่,แม่แจ่ม,ช่างเคิ่ง,47.06948717948718,29.37666666666667
2026-04-29,เชียงใหม่,แม่แตง,สันมหาพน,31.83791666666667,26.205416666666668
2026-04-29,แพร่,วังชิ้น,วังชิ้น,25.555833333333336,31.819166666666664
2026-04-29,แพร่,เด่นชัย,เด่นชัย,22.09111111111111,37.12407407407407
2026-04-29,แม่ฮ่องสอน,ขุนยวม,ขุนยวม,34.05291666666667,26.694166666666664
2026-04-29,แม่ฮ่องสอน,ปาย,เวียงเหนือ,45.88,27.5075
2026-04-29,แม่ฮ่องสอน,ปาย,เวียงใต้,42.43375,24.732916666666668
2026-04-30,น่าน,เฉลิมพระเกียรติ,ห้วยโก๋น,29.221458333333334,26.267916666666668
2026-04-30,พะเยา,เชียงม่วน,เชียงม่วน,37.00416666666667,30.30875
2026-04-30,ลำปาง,วังเหนือ,วังเหนือ,40.59625,27.549166666666665
2026-04-30,ลำปาง,แม่เมาะ,แม่เมาะ,42.80916666666667,29.00125
2026-04-30,ลำพูน,ลี้,ลี้,34.729058823529414,26.490588235294116
2026-04-30,เชียงราย,ป่าแดด,ป่าแดด,40.29318181818182,27.05454545454546
2026-04-30,เชียงราย,เทิง,เวียง,17.58458333333333,27.319166666666664
2026-04-30,เชียงราย,เมือง,รอบเวียง,44.32083333333333,26.62708333333333
2026-04-30,เชียงราย,แม่สาย,เวียงพางคำ,40.85958333333333,26.001666666666665
2026-04-30,เชียงใหม่,ดอยเต่า,ดอยเต่า,26.067083333333333,26.865416666666665
2026-04-30,เชียงใหม่,ฝาง,เวียง,45.26,25.542916666666667
2026-04-30,เชียงใหม่,สันกำแพง,สันกำแพง,29.570625,28.578482142857144
2026-04-30,เชียงใหม่,อมก๋อย,อมก๋อย,36.83083333333334,24.865416666666665
2026-04-30,เชียงใหม่,ฮอด,หางดง,37.567083333333336,27.058333333333334
2026-04-30,เชียงใหม่,เชียงดาว,เชียงดาว,37.06194444444444,27.2925
2026-04-30,เชียงใหม่,แม่วาง,บ้านกาด,48.53666666666666,28.961875000000003
2026-04-30,เชียงใหม่,แม่แจ่ม,ช่างเคิ่ง,53.64041666666666,25.925416666666667
2026-04-30,เชียงใหม่,แม่แตง,สันมหาพน,36.847500000000004,27.29375
2026-04-30,แพร่,วังชิ้น,วังชิ้น,29.800833333333333,29.114166666666666
2026-04-30,แพร่,เด่นชัย,เด่นชัย,25.392340425531916,29.71851063829787
2026-04-30,แม่ฮ่องสอน,ขุนยวม,ขุนยวม,31.653125000000003,25.956666666666667
2026-04-30,แม่ฮ่องสอน,ปาย,เวียงเหนือ,41.2815,26.482999999999997
2026-04-30,แม่ฮ่องสอน,ปาย,เวียงใต้,40.705555555555556,25.353333333333335
2026-05-01,น่าน,เฉลิมพระเกียรติ,ห้วยโก๋น,15.92057142857143,25.485857142857142
2026-05-01,พะเยา,จุน,ห้วยข้าวก่ำ,2.05625,29.277916666666666
2026-05-01,พะเยา,เชียงม่วน,เชียงม่วน,31.400000000000002,31.240416666666665
2026-05-01,ลำปาง,วังเหนือ,วังเหนือ,36.33416666666667,29.0475
2026-05-01,ลำปาง,แม่เมาะ,แม่เมาะ,32.96,29.34041666666667
2026-05-01,ลำพูน,ลี้,ลี้,25.625833333333333,28.106458333333332
2026-05-01,เชียงราย,ป่าแดด,ป่าแดด,38.286521739130436,28.741304347826084
2026-05-01,เชียงราย,เทิง,เวียง,15.262500000000001,28.640208333333334
2026-05-01,เชียงราย,เมือง,รอบเวียง,37.2875,28.715833333333332
2026-05-01,เชียงราย,แม่สาย,เวียงพางคำ,39.96541666666666,28.187083333333334
2026-05-01,เชียงใหม่,ดอยเต่า,ดอยเต่า,25.335555555555555,22.39888888888889
2026-05-01,เชียงใหม่,ฝาง,เวียง,41.005833333333335,28.233333333333334
2026-05-01,เชียงใหม่,สันกำแพง,สันกำแพง,23.355078125,29.103749999999998
2026-05-01,เชียงใหม่,อมก๋อย,อมก๋อย,34.39625,25.311666666666667
2026-05-01,เชียงใหม่,ฮอด,หางดง,31.26304347826087,29.453152173913043
2026-05-01,เชียงใหม่,เชียงดาว,เชียงดาว,32.035869565217396,28.243913043478262
2026-05-01,เชียงใหม่,แม่วาง,บ้านกาด,40.07458333333333,29.584999999999997
2026-05-01,เชียงใหม่,แม่แจ่ม,ช่างเคิ่ง,44.89958333333333,27.702083333333334
2026-05-01,เชียงใหม่,แม่แตง,สันมหาพน,32.79416666666667,28.40416666666667
2026-05-01,แพร่,วังชิ้น,วังชิ้น,16.535416666666666,29.16541666666667
2026-05-01,แพร่,เด่นชัย,เด่นชัย,24.71625,29.58986111111111
2026-05-01,แม่ฮ่องสอน,ขุนยวม,ขุนยวม,33.84645833333334,27.42833333333333
2026-05-01,แม่ฮ่องสอน,ปาย,เวียงเหนือ,37.854166666666664,28.432916666666667
2026-05-01,แม่ฮ่องสอน,ปาย,เวียงใต้,35.07944444444444,27.612916666666667
2026-05-02,น่าน,เฉลิมพระเกียรติ,ห้วยโก๋น,30.320555555555554,25.545
2026-05-02,พะเยา,จุน,ห้วยข้าวก่ำ,3.7687500000000003,30.881666666666664
2026-05-02,พะเยา,เชียงม่วน,เชียงม่วน,43.41833333333333,31.72875
2026-05-02,ลำปาง,วังเหนือ,วังเหนือ,45.72416666666666,29.745833333333334
2026-05-02,ลำปาง,แม่เมาะ,แม่เมาะ,41.45541666666667,31.14
2026-05-02,ลำพูน,ลี้,ลี้,29.964791666666667,28.986666666666665
2026-05-02,เชียงราย,ป่าแดด,ป่าแดด,49.65761904761904,30.16
2026-05-02,เชียงราย,เทิง,เวียง,25.39375,29.8125
2026-05-02,เชียงราย,เมือง,รอบเวียง,39.96583333333333,29.214166666666667
2026-05-02,เชียงราย,แม่สาย,เวียงพางคำ,39.46375,28.476666666666663
2026-05-02,เชียงใหม่,ดอยเต่า,ดอยเต่า,22.18625,31.04041666666667
2026-05-02,เชียงใหม่,ฝาง,เวียง,41.123333333333335,28.269166666666667
2026-05-02,เชียงใหม่,สันกำแพง,สันกำแพง,23.292539682539683,30.767380952380954
2026-05-02,เชียงใหม่,อมก๋อย,อมก๋อย,27.918235294117647,25.900000000000002
2026-05-02,เชียงใหม่,ฮอด,หางดง,30.82104166666667,30.664166666666663
2026-05-02,เชียงใหม่,เชียงดาว,เชียงดาว,28.928020833333335,28.529583333333335
2026-05-02,เชียงใหม่,แม่วาง,บ้านกาด,36.6675,31.08583333333333
2026-05-02,เชียงใหม่,แม่แจ่ม,ช่างเคิ่ง,42.68617021276596,28.208723404255316
2026-05-02,เชียงใหม่,แม่แตง,สันมหาพน,38.24125,29.360416666666666
2026-05-02,แพร่,วังชิ้น,วังชิ้น,33.12291666666667,30.615
2026-05-02,แพร่,เด่นชัย,เด่นชัย,30.969038461538464,31.12423076923077
2026-05-02,แม่ฮ่องสอน,ขุนยวม,ขุนยวม,26.714166666666667,28.607916666666668
2026-05-02,แม่ฮ่องสอน,ปาย,เวียงเหนือ,39.98166666666666,27.745416666666667
2026-05-02,แม่ฮ่องสอน,ปาย,เวียงใต้,34.44263888888889,27.99375
2026-05-03,น่าน,เฉลิมพระเกียรติ,ห้วยโก๋น,36.53177419354839,26.026290322580646
2026-05-03,พะเยา,จุน,ห้วยข้าวก่ำ,2.174583333333333,30.340833333333336
2026-05-03,พะเยา,เชียงม่วน,เชียงม่วน,44.965833333333336,33.36
2026-05-03,ลำปาง,วังเหนือ,วังเหนือ,43.81166666666667,31.14916666666667
2026-05-03,ลำปาง,แม่เมาะ,แม่เมาะ,33.66770833333333,31.918333333333333
2026-05-03,ลำพูน,ลี้,ลี้,26.090520833333333,29.332708333333333
2026-05-03,เชียงราย,ป่าแดด,ป่าแดด,35.78052631578947,29.3978947368421
2026-05-03,เชียงราย,เทิง,เวียง,11.496250000000002,29.11125
2026-05-03,เชียงราย,เมือง,รอบเวียง,34.00416666666667,27.72583333333333
2026-05-03,เชียงราย,แม่สาย,เวียงพางคำ,32.130833333333335,27.210416666666664
2026-05-03,เชียงใหม่,ดอยเต่า,ดอยเต่า,13.877,32.124
2026-05-03,เชียงใหม่,ฝาง,เวียง,34.57833333333333,26.73708333333333
2026-05-03,เชียงใหม่,สันกำแพง,สันกำแพง,22.054916666666667,31.638583333333333
2026-05-03,เชียงใหม่,อมก๋อย,อมก๋อย,17.837083333333336,27.45
2026-05-03,เชียงใหม่,ฮอด,หางดง,23.534545454545455,31.8625
2026-05-03,เชียงใหม่,เชียงดาว,เชียงดาว,35.58477272727273,28.973181818181818
2026-05-03,เชียงใหม่,แม่วาง,บ้านกาด,41.553333333333335,31.495
2026-05-03,เชียงใหม่,แม่แจ่ม,ช่างเคิ่ง,38.02875,28.555833333333336
2026-05-03,เชียงใหม่,แม่แตง,สันมหาพน,43.01916666666667,29.709166666666665
2026-05-03,แพร่,วังชิ้น,วังชิ้น,46.442499999999995,31.550416666666667
2026-05-03,แพร่,เด่นชัย,เด่นชัย,28.714000000000002,32.9532
2026-05-03,แม่ฮ่องสอน,ขุนยวม,ขุนยวม,26.727083333333336,28.431250000000002
2026-05-03,แม่ฮ่องสอน,ปาย,เวียงเหนือ,45.3475,27.507916666666663
2026-05-03,แม่ฮ่องสอน,ปาย,เวียงใต้,46.305277777777775,27.435
2026-05-04,น่าน,เฉลิมพระเกียรติ,ห้วยโก๋น,36.615,26.83375
2026-05-04,พะเยา,จุน,ห้วยข้าวก่ำ,2.0070833333333336,30.803749999999997
2026-05-04,พะเยา,เชียงม่วน,เชียงม่วน,47.490833333333335,31.404583333333335
2026-05-04,ลำปาง,วังเหนือ,วังเหนือ,42.598333333333336,30.790833333333335
2026-05-04,ลำปาง,แม่เมาะ,แม่เมาะ,58.40020833333333,31.436666666666667
2026-05-04,ลำพูน,ลี้,ลี้,34.41105263157895,30.142210526315793
2026-05-04,เชียงราย,ป่าแดด,ป่าแดด,32.34142857142857,28.699047619047622
2026-05-04,เชียงราย,เทิง,เวียง,10.641666666666667,29.351249999999997
2026-05-04,เชียงราย,เมือง,รอบเวียง,30.38291666666667,28.469791666666666
2026-05-04,เชียงราย,แม่สาย,เวียงพางคำ,30.246666666666666,28.36375
2026-05-04,เชียงใหม่,ดอยเต่า,ดอยเต่า,18.573500000000003,34.527
2026-05-04,เชียงใหม่,ฝาง,เวียง,28.6525,27.559583333333332
2026-05-04,เชียงใหม่,สันกำแพง,สันกำแพง,27.879837398373986,31.468048780487806
2026-05-04,เชียงใหม่,อมก๋อย,อมก๋อย,27.927916666666665,28.19666666666667
2026-05-04,เชียงใหม่,ฮอด,หางดง,27.995348837209303,31.995116279069766
2026-05-04,เชียงใหม่,เชียงดาว,เชียงดาว,34.117613636363636,29.27227272727273
2026-05-04,เชียงใหม่,แม่วาง,บ้านกาด,48.076249999999995,30.555208333333336
2026-05-04,เชียงใหม่,แม่แจ่ม,ช่างเคิ่ง,34.99875,28.232916666666668
2026-05-04,เชียงใหม่,แม่แตง,สันมหาพน,73.0475,29.796666666666667
2026-05-04,แพร่,วังชิ้น,วังชิ้น,37.494166666666665,32.28791666666667
2026-05-04,แพร่,เด่นชัย,เด่นชัย,29.444374999999997,32.799375
2026-05-04,แม่ฮ่องสอน,ขุนยวม,ขุนยวม,32.195625,29.075416666666666
2026-05-04,แม่ฮ่องสอน,ปาย,เวียงเหนือ,43.88458333333333,27.128333333333334
2026-05-04,แม่ฮ่องสอน,ปาย,เวียงใต้,39.74166666666667,26.140416666666667
2026-05-05,น่าน,เฉลิมพระเกียรติ,ห้วยโก๋น,17.231875,24.20375
2026-05-05,พะเยา,จุน,ห้วยข้าวก่ำ,1.3229166666666667,27.39833333333333
2026-05-05,พะเยา,เชียงม่วน,เชียงม่วน,30.433333333333334,28.961249999999996
2026-05-05,ลำปาง,วังเหนือ,วังเหนือ,33.16791666666666,26.404583333333335
2026-05-05,ลำปาง,แม่เมาะ,แม่เมาะ,32.615833333333335,27.03708333333333
2026-05-05,ลำพูน,ลี้,ลี้,29.6371875,26.933958333333333
2026-05-05,เชียงราย,ป่าแดด,ป่าแดด,28.81681818181818,27.27318181818182
2026-05-05,เชียงราย,เทิง,เวียง,6.690416666666667,26.799166666666665
2026-05-05,เชียงราย,เมือง,รอบเวียง,30.39833333333333,26.045625
2026-05-05,เชียงราย,แม่สาย,เวียงพางคำ,26.309583333333332,26.190833333333334
2026-05-05,เชียงใหม่,ดอยเต่า,ดอยเต่า,20.572499999999998,31.109999999999996
2026-05-05,เชียงใหม่,ฝาง,เวียง,32.93333333333333,26.280833333333334
2026-05-05,เชียงใหม่,สันกำแพง,สันกำแพง,21.101666666666667,30.0625
2026-05-05,เชียงใหม่,อมก๋อย,อมก๋อย,31.244583333333335,25.014166666666668
2026-05-05,เชียงใหม่,ฮอด,หางดง,32.234545454545454,29.71863636363636
2026-05-05,เชียงใหม่,เชียงดาว,เชียงดาว,33.283750000000005,27.170909090909092
2026-05-05,เชียงใหม่,แม่วาง,บ้านกาด,37.259166666666665,28.286458333333332
2026-05-05,เชียงใหม่,แม่แจ่ม,ช่างเคิ่ง,47.67520833333333,26.98375
2026-05-05,เชียงใหม่,แม่แตง,สันมหาพน,36.27625,28.2675
2026-05-05,แพร่,วังชิ้น,วังชิ้น,14.144166666666665,27.647916666666664
2026-05-05,แพร่,เด่นชัย,เด่นชัย,16.577058823529413,29.82549019607843
2026-05-05,แม่ฮ่องสอน,ขุนยวม,ขุนยวม,42.03541666666667,29.969583333333333
2026-05-05,แม่ฮ่องสอน,ปาย,เวียงเหนือ,41.905833333333334,27.71875
2026-05-05,แม่ฮ่องสอน,ปาย,เวียงใต้,38.57527777777778,26.297083333333333
2026-05-06,น่าน,เฉลิมพระเกียรติ,ห้วยโก๋น,13.231250000000001,26.077083333333334
2026-05-06,พะเยา,จุน,ห้วยข้าวก่ำ,1.2004347826086956,28.42304347826087
2026-05-06,พะเยา,เชียงม่วน,เชียงม่วน,23.174166666666668,29.17833333333333
2026-05-06,ลำปาง,วังเหนือ,วังเหนือ,29.395,28.15125
2026-05-06,ลำปาง,แม่เมาะ,แม่เมาะ,34.276041666666664,30.794166666666666
2026-05-06,ลำพูน,ลี้,ลี้,26.806354166666665,30.021666666666665
2026-05-06,เชียงราย,ป่าแดด,ป่าแดด,24.22681818181818,28.471363636363638
2026-05-06,เชียงราย,เทิง,เวียง,8.0465,29.284750000000003
2026-05-06,เชียงราย,เมือง,รอบเวียง,24.455416666666668,28.334999999999997
2026-05-06,เชียงราย,แม่สาย,เวียงพางคำ,32.35875,28.10375
2026-05-06,เชียงใหม่,ดอยเต่า,ดอยเต่า,15.452083333333334,30.624583333333334
2026-05-06,เชียงใหม่,ฝาง,เวียง,26.383750000000003,28.367500000000003
2026-05-06,เชียงใหม่,สันกำแพง,สันกำแพง,22.9918487394958,31.48764705882353
2026-05-06,เชียงใหม่,อมก๋อย,อมก๋อย,22.86208333333333,26.032083333333333
2026-05-06,เชียงใหม่,ฮอด,หางดง,26.6675,30.640208333333334
2026-05-06,เชียงใหม่,เชียงดาว,เชียงดาว,25.179479166666667,28.083333333333332
2026-05-06,เชียงใหม่,แม่วาง,บ้านกาด,40.57458333333333,30.45875
2026-05-06,เชียงใหม่,แม่แจ่ม,ช่างเคิ่ง,32.676808510638296,29.872340425531913
2026-05-06,เชียงใหม่,แม่แตง,สันมหาพน,28.208333333333332,29.070833333333336
2026-05-06,แพร่,วังชิ้น,วังชิ้น,22.9825,31.78625
2026-05-06,แพร่,เด่นชัย,เด่นชัย,22.358999999999998,32.536833333333334
2026-05-06,แม่ฮ่องสอน,ขุนยวม,ขุนยวม,32.09583333333333,30.3425
2026-05-06,แม่ฮ่องสอน,ปาย,เวียงเหนือ,31.094782608695656,28.176956521739132
2026-05-06,แม่ฮ่องสอน,ปาย,เวียงใต้,31.723750000000003,26.85125
2026-05-07,น่าน,เฉลิมพระเกียรติ,ห้วยโก๋น,21.03375,27.085416666666664
2026-05-07,พะเยา,จุน,ห้วยข้าวก่ำ,1.30875,30.510833333333334
2026-05-07,พะเยา,เชียงม่วน,เชียงม่วน,23.114166666666666,30.494583333333335
2026-05-07,ลำปาง,วังเหนือ,วังเหนือ,23.524782608695656,29.39782608695652
2026-05-07,ลำปาง,แม่เมาะ,แม่เมาะ,29.737291666666664,30.403750000000002
2026-05-07,ลำพูน,ลี้,ลี้,27.02851063829787,29.889148936170212
2026-05-07,เชียงราย,ป่าแดด,ป่าแดด,26.507272727272724,29.768181818181816
2026-05-07,เชียงราย,เทิง,เวียง,8.61375,30.19604166666667
2026-05-07,เชียงราย,เมือง,รอบเวียง,30.18375,29.609583333333333
2026-05-07,เชียงราย,แม่สาย,เวียงพางคำ,32.906666666666666,29.778750000000002
2026-05-07,เชียงใหม่,ดอยเต่า,ดอยเต่า,15.264583333333333,29.82041666666667
2026-05-07,เชียงใหม่,ฝาง,เวียง,31.834166666666665,29.089583333333334
2026-05-07,เชียงใหม่,สันกำแพง,สันกำแพง,25.449134615384615,31.130865384615387
2026-05-07,เชียงใหม่,อมก๋อย,อมก๋อย,25.0425,25.38
2026-05-07,เชียงใหม่,ฮอด,หางดง,25.093333333333334,29.043333333333333
2026-05-07,เชียงใหม่,เชียงดาว,เชียงดาว,23.519784946236562,29.31225806451613
2026-05-07,เชียงใหม่,แม่วาง,บ้านกาด,45.30708333333333,29.674583333333334
2026-05-07,เชียงใหม่,แม่แจ่ม,ช่างเคิ่ง,31.81375,30.492916666666662
2026-05-07,เชียงใหม่,แม่แตง,สันมหาพน,24.99083333333333,29.7675
2026-05-07,แพร่,วังชิ้น,วังชิ้น,17.302916666666665,30.032916666666665
2026-05-07,แพร่,เด่นชัย,เด่นชัย,25.496268656716417,30.563880597014926
2026-05-07,แม่ฮ่องสอน,ขุนยวม,ขุนยวม,35.263333333333335,30.239166666666666
2026-05-07,แม่ฮ่องสอน,ปาย,เวียงเหนือ,38.62,30.45958333333333
2026-05-07,แม่ฮ่องสอน,ปาย,เวียงใต้,35.65555555555555,29.47291666666667
2026-05-08,น่าน,เฉลิมพระเกียรติ,ห้วยโก๋น,4.402142857142858,23.282380952380954
2026-05-08,พะเยา,จุน,ห้วยข้าวก่ำ,1.0,26.72
2026-05-08,พะเยา,เชียงม่วน,เชียงม่วน,6.601666666666667,28.66875
2026-05-08,ลำปาง,วังเหนือ,วังเหนือ,15.917499999999999,27.967916666666667
2026-05-08,ลำปาง,แม่เมาะ,แม่เมาะ,20.455833333333334,29.991666666666664
2026-05-08,ลำพูน,ลี้,ลี้,18.840797872340428,28.006382978723405
2026-05-08,เชียงราย,ป่าแดด,ป่าแดด,12.1525,27.843125
2026-05-08,เชียงราย,เทิง,เวียง,1.4675,25.76875
2026-05-08,เชียงราย,เมือง,รอบเวียง,7.52625,27.807083333333335
2026-05-08,เชียงราย,แม่สาย,เวียงพางคำ,13.012083333333335,27.35875
2026-05-08,เชียงใหม่,ดอยเต่า,ดอยเต่า,9.352083333333333,29.20958333333333
2026-05-08,เชียงใหม่,ฝาง,เวียง,18.620416666666667,27.436666666666667
2026-05-08,เชียงใหม่,สันกำแพง,สันกำแพง,17.95941176470588,27.98549019607843
2026-05-08,เชียงใหม่,อมก๋อย,อมก๋อย,17.607499999999998,23.828333333333333
2026-05-08,เชียงใหม่,ฮอด,หางดง,18.505000000000003,27.770476190476188
2026-05-08,เชียงใหม่,เชียงดาว,เชียงดาว,14.758541666666666,28.19666666666667
2026-05-08,เชียงใหม่,แม่วาง,บ้านกาด,22.663750000000004,27.629791666666666
2026-05-08,เชียงใหม่,แม่แจ่ม,ช่างเคิ่ง,25.881874999999997,26.6675
2026-05-08,เชียงใหม่,แม่แตง,สันมหาพน,15.606666666666667,28.434166666666666
2026-05-08,แพร่,วังชิ้น,วังชิ้น,15.290833333333333,30.48166666666667
2026-05-08,แพร่,เด่นชัย,เด่นชัย,17.127000000000002,28.763428571428573
2026-05-08,แม่ฮ่องสอน,ขุนยวม,ขุนยวม,30.20104166666667,28.264166666666668
2026-05-08,แม่ฮ่องสอน,ปาย,เวียงเหนือ,23.133043478260866,25.44782608695652
2026-05-08,แม่ฮ่องสอน,ปาย,เวียงใต้,22.892916666666665,24.555416666666666
2026-05-09,น่าน,เฉลิมพระเกียรติ,ห้วยโก๋น,4.021607142857143,24.622678571428573
2026-05-09,พะเยา,จุน,ห้วยข้าวก่ำ,1.0156521739130435,27.27173913043478
2026-05-09,พะเยา,เชียงม่วน,เชียงม่วน,14.234583333333333,27.245
2026-05-09,ลำปาง,วังเหนือ,วังเหนือ,24.77208333333333,27.16208333333333
2026-05-09,ลำปาง,แม่เมาะ,แม่เมาะ,23.981521739130436,27.558695652173913
2026-05-09,ลำพูน,ลี้,ลี้,16.079627659574466,27.047659574468085
2026-05-09,เชียงราย,ป่าแดด,ป่าแดด,22.052105263157895,27.95631578947368
2026-05-09,เชียงราย,เทิง,เวียง,2.965263157894737,28.01763157894737
2026-05-09,เชียงราย,เมือง,รอบเวียง,22.8275,26.764583333333334
2026-05-09,เชียงราย,แม่สาย,เวียงพางคำ,18.734583333333333,27.167916666666667
2026-05-09,เชียงใหม่,ดอยเต่า,ดอยเต่า,5.260416666666667,28.01291666666667
2026-05-09,เชียงใหม่,ฝาง,เวียง,18.753333333333334,25.842916666666667
2026-05-09,เชียงใหม่,สันกำแพง,สันกำแพง,10.841546391752578,26.241958762886597
2026-05-09,เชียงใหม่,อมก๋อย,อมก๋อย,6.5280000000000005,23.779
2026-05-09,เชียงใหม่,ฮอด,หางดง,8.752978723404254,26.969042553191493
2026-05-09,เชียงใหม่,เชียงดาว,เชียงดาว,9.758958333333334,25.656666666666666
2026-05-09,เชียงใหม่,แม่วาง,บ้านกาด,11.1075,26.71375
2026-05-09,เชียงใหม่,แม่แจ่ม,ช่างเคิ่ง,15.158958333333333,26.413750000000004
2026-05-09,เชียงใหม่,แม่แตง,สันมหาพน,14.436666666666667,25.57375
2026-05-09,แพร่,วังชิ้น,วังชิ้น,13.184166666666668,28.349999999999998
2026-05-09,แพร่,เด่นชัย,เด่นชัย,16.91578947368421,28.520526315789475
2026-05-09,แม่ฮ่องสอน,ขุนยวม,ขุนยวม,6.75891304347826,25.155
2026-05-09,แม่ฮ่องสอน,ปาย,เวียงเหนือ,21.857916666666668,24.62
2026-05-09,แม่ฮ่องสอน,ปาย,เวียงใต้,7.782500000000001,23.2425
2026-05-10,น่าน,เฉลิมพระเกียรติ,ห้วยโก๋น,2.5175,24.46409090909091
2026-05-10,พะเยา,จุน,ห้วยข้าวก่ำ,1.0,26.593
2026-05-10,พะเยา,เชียงม่วน,เชียงม่วน,9.415000000000001,26.7825
2026-05-10,ลำปาง,วังเหนือ,วังเหนือ,11.98625,25.917083333333334
2026-05-10,ลำปาง,แม่เมาะ,แม่เมาะ,11.707659574468085,27.20021276595745
2026-05-10,ลำพูน,ลี้,ลี้,17.680729166666666,27.25979166666667
2026-05-10,เชียงราย,ป่าแดด,ป่าแดด,8.77,25.847368421052632
2026-05-10,เชียงราย,เทิง,เวียง,1.1500000000000001,28.8425
2026-05-10,เชียงราย,เมือง,รอบเวียง,13.898333333333333,25.33729166666667
2026-05-10,เชียงราย,แม่สาย,เวียงพางคำ,7.62,24.615
2026-05-10,เชียงใหม่,ดอยเต่า,ดอยเต่า,7.224583333333334,28.34583333333333
2026-05-10,เชียงใหม่,ฝาง,เวียง,12.292083333333332,25.08
2026-05-10,เชียงใหม่,สันกำแพง,สันกำแพง,11.620898876404494,27.40494382022472
2026-05-10,เชียงใหม่,อมก๋อย,อมก๋อย,9.464583333333334,24.606666666666666
2026-05-10,เชียงใหม่,ฮอด,หางดง,10.736666666666666,27.480208333333334
2026-05-10,เชียงใหม่,เชียงดาว,เชียงดาว,7.701666666666667,26.205833333333334
2026-05-10,เชียงใหม่,แม่วาง,บ้านกาด,10.89,26.873541666666668
2026-05-10,เชียงใหม่,แม่แจ่ม,ช่างเคิ่ง,17.08791666666667,26.211249999999996
2026-05-10,เชียงใหม่,แม่แตง,สันมหาพน,10.751666666666667,26.91208333333333
2026-05-10,แพร่,วังชิ้น,วังชิ้น,5.170416666666667,26.866666666666664
2026-05-10,แพร่,เด่นชัย,เด่นชัย,9.779056603773585,27.69018867924528
2026-05-10,แม่ฮ่องสอน,ขุนยวม,ขุนยวม,6.2179166666666665,25.16208333333333
2026-05-10,แม่ฮ่องสอน,ปาย,เวียงเหนือ,12.292499999999999,24.590416666666666
2026-05-10,แม่ฮ่องสอน,ปาย,เวียงใต้,8.700694444444444,23.1775
2026-05-11,น่าน,เฉลิมพระเกียรติ,ห้วยโก๋น,4.786271186440678,24.34220338983051
2026-05-11,พะเยา,จุน,ห้วยข้าวก่ำ,1.0,25.16333333333333
2026-05-11,พะเยา,เชียงม่วน,เชียงม่วน,5.566363636363636,27.157727272727275
2026-05-11,ลำปาง,วังเหนือ,วังเหนือ,13.149545454545455,26.10272727272727
2026-05-11,ลำปาง,แม่เมาะ,แม่เมาะ,18.349999999999998,27.35181818181818
2026-05-11,ลำพูน,ลี้,ลี้,12.060357142857143,27.044047619047618
2026-05-11,เชียงราย,ป่าแดด,ป่าแดด,12.356842105263159,25.915263157894735
2026-05-11,เชียงราย,เทิง,เวียง,1.5536363636363637,26.070909090909094
2026-05-11,เชียงราย,เมือง,รอบเวียง,10.781052631578948,26.150526315789474
2026-05-11,เชียงราย,แม่สาย,เวียงพางคำ,3.47,22.665
2026-05-11,เชียงใหม่,ดอยเต่า,ดอยเต่า,4.559090909090909,26.548636363636366
2026-05-11,เชียงใหม่,ฝาง,เวียง,8.570454545454545,25.333636363636366
2026-05-11,เชียงใหม่,สันกำแพง,สันกำแพง,9.543882352941177,26.474352941176473
2026-05-11,เชียงใหม่,อมก๋อย,อมก๋อย,21.38090909090909,23.846363636363638
2026-05-11,เชียงใหม่,ฮอด,หางดง,7.176046511627907,26.82209302325581
2026-05-11,เชียงใหม่,เชียงดาว,เชียงดาว,6.353804347826086,26.186956521739127
2026-05-11,เชียงใหม่,แม่วาง,บ้านกาด,9.969545454545456,26.231818181818184
2026-05-11,เชียงใหม่,แม่แจ่ม,ช่างเคิ่ง,13.864772727272726,25.23136363636364
2026-05-11,เชียงใหม่,แม่แตง,สันมหาพน,9.65318181818182,25.326818181818183
2026-05-11,แพร่,วังชิ้น,วังชิ้น,7.405454545454546,27.618636363636366
2026-05-11,แพร่,เด่นชัย,เด่นชัย,12.84125,29.3203125
2026-05-11,แม่ฮ่องสอน,ขุนยวม,ขุนยวม,7.462272727272727,25.158636363636365
2026-05-11,แม่ฮ่องสอน,ปาย,เวียงเหนือ,14.269545454545455,24.701818181818183
2026-05-11,แม่ฮ่องสอน,ปาย,เวียงใต้,12.832272727272727,23.41909090909091
2026-05-12,น่าน,เฉลิมพระเกียรติ,ห้วยโก๋น,2.872105263157895,24.10140350877193
2026-05-12,พะเยา,จุน,ห้วยข้าวก่ำ,1.0,24.8425
2026-05-12,พะเยา,เชียงม่วน,เชียงม่วน,5.974166666666666,27.954166666666666
2026-05-12,ลำปาง,วังเหนือ,วังเหนือ,8.238333333333333,25.800833333333333
2026-05-12,ลำปาง,แม่เมาะ,แม่เมาะ,6.921428571428571,27.124761904761904
2026-05-12,ลำพูน,ลี้,ลี้,8.945625,25.938333333333333
2026-05-12,เชียงราย,ป่าแดด,ป่าแดด,5.714545454545455,26.387272727272727
2026-05-12,เชียงราย,เทิง,เวียง,1.4011764705882352,26.67823529411765
2026-05-12,เชียงราย,เมือง,รอบเวียง,3.844583333333333,24.75208333333333
2026-05-12,เชียงใหม่,ดอยเต่า,ดอยเต่า,4.909583333333333,26.655
2026-05-12,เชียงใหม่,ฝาง,เวียง,6.200833333333333,23.9825
2026-05-12,เชียงใหม่,สันกำแพง,สันกำแพง,7.2749999999999995,27.976630434782606
2026-05-12,เชียงใหม่,อมก๋อย,อมก๋อย,10.136666666666667,24.820416666666663
2026-05-12,เชียงใหม่,ฮอด,หางดง,11.269791666666668,26.575833333333332
2026-05-12,เชียงใหม่,เชียงดาว,เชียงดาว,5.511979166666666,25.36583333333333
2026-05-12,เชียงใหม่,แม่วาง,บ้านกาด,10.751666666666667,27.452291666666667
2026-05-12,เชียงใหม่,แม่แจ่ม,ช่างเคิ่ง,15.386249999999999,26.175833333333333
2026-05-12,เชียงใหม่,แม่แตง,สันมหาพน,6.866666666666667,26.256249999999998
2026-05-12,แพร่,วังชิ้น,วังชิ้น,3.3537500000000002,27.807916666666667
2026-05-12,แพร่,เด่นชัย,เด่นชัย,6.493404255319149,28.343191489361704
2026-05-12,แม่ฮ่องสอน,ขุนยวม,ขุนยวม,5.978409090909091,24.83090909090909
2026-05-12,แม่ฮ่องสอน,ปาย,เวียงเหนือ,13.856250000000001,26.076666666666668
2026-05-12,แม่ฮ่องสอน,ปาย,เวียงใต้,13.437083333333334,24.436666666666667
2026-05-13,น่าน,เฉลิมพระเกียรติ,ห้วยโก๋น,2.165428571428571,25.218571428571426
2026-05-13,พะเยา,จุน,ห้วยข้าวก่ำ,1.0,23.5
2026-05-13,พะเยา,เชียงม่วน,เชียงม่วน,3.575416666666667,27.490416666666665
2026-05-13,ลำปาง,วังเหนือ,วังเหนือ,7.076666666666667,26.168333333333333
2026-05-13,ลำปาง,แม่เมาะ,แม่เมาะ,11.36875,27.9525
2026-05-13,ลำพูน,ลี้,ลี้,9.03877659574468,27.1831914893617
2026-05-13,เชียงราย,ป่าแดด,ป่าแดด,5.7319047619047625,25.8252380952381
2026-05-13,เชียงราย,เทิง,เวียง,1.605,25.0275
2026-05-13,เชียงราย,เมือง,รอบเวียง,5.9624999999999995,25.96875
2026-05-13,เชียงใหม่,ดอยเต่า,ดอยเต่า,3.8233333333333337,27.780416666666667
2026-05-13,เชียงใหม่,ฝาง,เวียง,9.640416666666667,25.358333333333334
2026-05-13,เชียงใหม่,สันกำแพง,สันกำแพง,3.2532967032967033,27.928791208791207
2026-05-13,เชียงใหม่,อมก๋อย,อมก๋อย,4.820416666666667,25.137916666666666
2026-05-13,เชียงใหม่,ฮอด,หางดง,6.068513513513514,27.174864864864865
2026-05-13,เชียงใหม่,เชียงดาว,เชียงดาว,2.3178125,25.271666666666665
2026-05-13,เชียงใหม่,แม่วาง,บ้านกาด,4.044583333333333,27.015625
2026-05-13,เชียงใหม่,แม่แจ่ม,ช่างเคิ่ง,8.522499999999999,26.705833333333334
2026-05-13,เชียงใหม่,แม่แตง,สันมหาพน,2.975,25.862916666666667
2026-05-13,แพร่,วังชิ้น,วังชิ้น,5.712083333333333,28.63875
2026-05-13,แพร่,เด่นชัย,เด่นชัย,7.057021276595745,28.087021276595742
2026-05-13,แม่ฮ่องสอน,ขุนยวม,ขุนยวม,3.6526190476190474,25.57880952380952
2026-05-13,แม่ฮ่องสอน,ปาย,เวียงเหนือ,10.85875,25.74416666666667
2026-05-13,แม่ฮ่องสอน,ปาย,เวียงใต้,5.5311111111111115,23.967916666666667
2026-05-14,น่าน,เฉลิมพระเกียรติ,ห้วยโก๋น,2.832340425531915,26.10255319148936
2026-05-14,พะเยา,จุน,ห้วยข้าวก่ำ,1.0,27.065
2026-05-14,พะเยา,เชียงม่วน,เชียงม่วน,3.0033333333333334,27.27541666666667
2026-05-14,ลำปาง,วังเหนือ,วังเหนือ,6.676666666666667,26.39708333333333
2026-05-14,ลำปาง,แม่เมาะ,แม่เมาะ,2.855945945945946,28.28756756756757
2026-05-14,ลำพูน,ลี้,ลี้,5.48184,26.89904
2026-05-14,เชียงราย,ป่าแดด,ป่าแดด,7.908333333333334,26.682916666666667
2026-05-14,เชียงราย,เทิง,เวียง,2.345,27.048125
2026-05-14,เชียงราย,เมือง,รอบเวียง,11.279583333333333,26.09875
2026-05-14,เชียงใหม่,ดอยเต่า,ดอยเต่า,3.448571428571429,27.004285714285714
2026-05-14,เชียงใหม่,ฝาง,เวียง,14.715833333333334,26.105833333333333
2026-05-14,เชียงใหม่,สันกำแพง,สันกำแพง,3.942247191011236,28.416629213483144
2026-05-14,เชียงใหม่,อมก๋อย,อมก๋อย,3.0275,22.485833333333332
2026-05-14,เชียงใหม่,ฮอด,หางดง,4.45125,27.627
2026-05-14,เชียงใหม่,เชียงดาว,เชียงดาว,4.991458333333333,26.655833333333334
2026-05-14,เชียงใหม่,แม่วาง,บ้านกาด,1.5979166666666667,27.149375000000003
2026-05-14,เชียงใหม่,แม่แจ่ม,ช่างเคิ่ง,8.221874999999999,26.004583333333333
2026-05-14,เชียงใหม่,แม่แตง,สันมหาพน,8.0425,26.931250000000002
2026-05-14,แพร่,วังชิ้น,วังชิ้น,4.432083333333334,28.561666666666667
2026-05-14,แพร่,เด่นชัย,เด่นชัย,6.534583333333334,29.013333333333335
2026-05-14,แม่ฮ่องสอน,ขุนยวม,ขุนยวม,6.90404761904762,26.03047619047619
2026-05-14,แม่ฮ่องสอน,ปาย,เวียงเหนือ,10.560833333333333,26.805833333333336
2026-05-14,แม่ฮ่องสอน,ปาย,เวียงใต้,7.758333333333334,25.035
2026-05-15,น่าน,เฉลิมพระเกียรติ,ห้วยโก๋น,1.7064285714285714,24.365357142857142
2026-05-15,พะเยา,จุน,ห้วยข้าวก่ำ,1.0,25.38
2026-05-15,พะเยา,เชียงม่วน,เชียงม่วน,2.6395833333333334,28.915833333333335
2026-05-15,ลำปาง,วังเหนือ,วังเหนือ,6.3691666666666675,27.692083333333333
2026-05-15,ลำปาง,แม่เมาะ,แม่เมาะ,1.5708333333333335,28.02
2026-05-15,ลำพูน,ลี้,ลี้,3.7708196721311475,26.742622950819673
2026-05-15,เชียงราย,ป่าแดด,ป่าแดด,6.798095238095238,28.152857142857144
2026-05-15,เชียงราย,เทิง,เวียง,1.42,25.744
2026-05-15,เชียงราย,เมือง,รอบเวียง,6.076666666666666,25.76380952380952
2026-05-15,เชียงใหม่,ดอยเต่า,ดอยเต่า,1.5414285714285716,26.19928571428571
2026-05-15,เชียงใหม่,ฝาง,เวียง,9.231666666666667,26.004583333333333
2026-05-15,เชียงใหม่,สันกำแพง,สันกำแพง,2.7961290322580648,27.692903225806454
2026-05-15,เชียงใหม่,อมก๋อย,อมก๋อย,1.06625,22.4175
2026-05-15,เชียงใหม่,ฮอด,หางดง,1.8616666666666668,27.482333333333333
2026-05-15,เชียงใหม่,เชียงดาว,เชียงดาว,2.0311578947368423,25.287684210526315
2026-05-15,เชียงใหม่,แม่วาง,บ้านกาด,1.1133333333333333,27.075208333333332
2026-05-15,เชียงใหม่,แม่แจ่ม,ช่างเคิ่ง,2.6445454545454545,25.680000000000003
2026-05-15,เชียงใหม่,แม่แตง,สันมหาพน,3.192083333333333,26.424166666666665
2026-05-15,แพร่,วังชิ้น,วังชิ้น,2.2566666666666664,27.040000000000003
2026-05-15,แพร่,เด่นชัย,เด่นชัย,5.819999999999999,28.609347826086957
2026-05-15,แม่ฮ่องสอน,ขุนยวม,ขุนยวม,5.2615,25.4605
2026-05-15,แม่ฮ่องสอน,ปาย,เวียงเหนือ,5.692083333333334,25.544166666666666
2026-05-15,แม่ฮ่องสอน,ปาย,เวียงใต้,2.61984126984127,24.167460317460318
2026-05-16,น่าน,เฉลิมพระเกียรติ,ห้วยโก๋น,3.3689285714285715,25.498214285714287
2026-05-16,พะเยา,จุน,ห้วยข้าวก่ำ,1.0,26.32
2026-05-16,พะเยา,เชียงม่วน,เชียงม่วน,1.72625,30.2025
2026-05-16,ลำปาง,วังเหนือ,วังเหนือ,7.915,28.780833333333334
2026-05-16,ลำปาง,แม่เมาะ,แม่เมาะ,6.5205,30.732499999999998
2026-05-16,ลำพูน,ลี้,ลี้,3.215208333333333,28.058333333333334
2026-05-16,เชียงราย,ป่าแดด,ป่าแดด,4.1378260869565215,28.547826086956523
2026-05-16,เชียงราย,เมือง,รอบเวียง,5.956,29.08575
2026-05-16,เชียงใหม่,ดอยเต่า,ดอยเต่า,1.9666666666666666,26.790000000000003
2026-05-16,เชียงใหม่,ฝาง,เวียง,6.717391304347826,28.93826086956522
2026-05-16,เชียงใหม่,สันกำแพง,สันกำแพง,4.7376811594202906,29.59449275362319
2026-05-16,เชียงใหม่,ฮอด,หางดง,1.2730769230769232,26.946923076923078
2026-05-16,เชียงใหม่,เชียงดาว,เชียงดาว,2.487604166666667,28.112916666666667
2026-05-16,เชียงใหม่,แม่วาง,บ้านกาด,1.2520833333333334,29.692916666666665
2026-05-16,เชียงใหม่,แม่แจ่ม,ช่างเคิ่ง,3.424255319148936,26.579148936170213
2026-05-16,เชียงใหม่,แม่แตง,สันมหาพน,2.9920833333333334,28.53833333333333
2026-05-16,แพร่,วังชิ้น,วังชิ้น,1.2316666666666667,29.27875
2026-05-16,แพร่,เด่นชัย,เด่นชัย,4.236666666666667,30.325
2026-05-16,แม่ฮ่องสอน,ขุนยวม,ขุนยวม,1.0,29.75
2026-05-16,แม่ฮ่องสอน,ปาย,เวียงเหนือ,11.428333333333335,28.208333333333332
2026-05-16,แม่ฮ่องสอน,ปาย,เวียงใต้,4.196911764705882,26.27235294117647
2026-05-17,น่าน,เฉลิมพระเกียรติ,ห้วยโก๋น,2.635882352941177,28.036176470588234
2026-05-17,พะเยา,จุน,ห้วยข้าวก่ำ,1.0,28.47
2026-05-17,พะเยา,เชียงม่วน,เชียงม่วน,3.8554166666666667,32.40125
2026-05-17,ลำปาง,วังเหนือ,วังเหนือ,11.862083333333333,30.92
2026-05-17,ลำปาง,แม่เมาะ,แม่เมาะ,5.555405405405405,31.98189189189189
2026-05-17,ลำพูน,ลี้,ลี้,4.347534246575343,27.910958904109588
2026-05-17,เชียงราย,ป่าแดด,ป่าแดด,9.25695652173913,31.007391304347824
2026-05-17,เชียงราย,เทิง,เวียง,4.128181818181818,31.463636363636365
2026-05-17,เชียงราย,เมือง,รอบเวียง,14.354999999999999,30.465416666666666
2026-05-17,เชียงใหม่,ดอยเต่า,ดอยเต่า,1.2966666666666666,25.176666666666666
2026-05-17,เชียงใหม่,ฝาง,เวียง,11.72625,30.511666666666667
2026-05-17,เชียงใหม่,สันกำแพง,สันกำแพง,6.36625,30.817638888888887
2026-05-17,เชียงใหม่,อมก๋อย,อมก๋อย,1.2257142857142858,22.967142857142857
2026-05-17,เชียงใหม่,ฮอด,หางดง,1.4404347826086958,29.901739130434784
2026-05-17,เชียงใหม่,เชียงดาว,เชียงดาว,3.225731707317073,29.644146341463415
2026-05-17,เชียงใหม่,แม่วาง,บ้านกาด,1.4416666666666667,30.79104166666667
2026-05-17,เชียงใหม่,แม่แจ่ม,ช่างเคิ่ง,4.6345833333333335,29.452916666666667
2026-05-17,เชียงใหม่,แม่แตง,สันมหาพน,4.327083333333333,30.564166666666665
2026-05-17,แพร่,วังชิ้น,วังชิ้น,2.5050000000000003,30.988333333333333
2026-05-17,แพร่,เด่นชัย,เด่นชัย,4.925,31.717708333333334
2026-05-17,แม่ฮ่องสอน,ขุนยวม,ขุนยวม,1.8844444444444446,30.07222222222222
2026-05-17,แม่ฮ่องสอน,ปาย,เวียงเหนือ,11.002083333333333,29.400833333333335
2026-05-17,แม่ฮ่องสอน,ปาย,เวียงใต้,10.297638888888889,28.147916666666667
2026-05-18,น่าน,เฉลิมพระเกียรติ,ห้วยโก๋น,5.6243661971830985,26.715352112676054
2026-05-18,พะเยา,จุน,ห้วยข้าวก่ำ,1.0416666666666667,28.80333333333333
2026-05-18,พะเยา,เชียงม่วน,เชียงม่วน,6.5616666666666665,30.52875
2026-05-18,ลำปาง,วังเหนือ,วังเหนือ,9.015,28.786666666666665
2026-05-18,ลำปาง,แม่เมาะ,แม่เมาะ,6.471666666666667,30.488333333333333
2026-05-18,ลำพูน,ลี้,ลี้,4.972784810126583,31.234177215189874
2026-05-18,เชียงราย,ป่าแดด,ป่าแดด,12.579444444444444,29.13111111111111
2026-05-18,เชียงราย,เทิง,เวียง,1.365,30.061666666666667
2026-05-18,เชียงราย,เมือง,รอบเวียง,19.662499999999998,28.063541666666666
2026-05-18,เชียงใหม่,ดอยเต่า,ดอยเต่า,2.378095238095238,30.951428571428572
2026-05-18,เชียงใหม่,ฝาง,เวียง,14.614583333333334,29.13083333333333
2026-05-18,เชียงใหม่,สันกำแพง,สันกำแพง,4.461860465116279,31.877441860465115
2026-05-18,เชียงใหม่,อมก๋อย,อมก๋อย,2.536086956521739,26.39260869565217
2026-05-18,เชียงใหม่,ฮอด,หางดง,5.171956521739131,30.873260869565218
2026-05-18,เชียงใหม่,เชียงดาว,เชียงดาว,7.8190425531914896,27.59244680851064
2026-05-18,เชียงใหม่,แม่วาง,บ้านกาด,5.910416666666666,30.85354166666667
2026-05-18,เชียงใหม่,แม่แจ่ม,ช่างเคิ่ง,15.902291666666668,28.577083333333334
2026-05-18,เชียงใหม่,แม่แตง,สันมหาพน,8.635,29.84875
2026-05-18,แพร่,วังชิ้น,วังชิ้น,5.060833333333334,30.3575
2026-05-18,แพร่,เด่นชัย,เด่นชัย,6.762127659574468,31.07063829787234
2026-05-18,แม่ฮ่องสอน,ขุนยวม,ขุนยวม,4.54,28.96625
2026-05-18,แม่ฮ่องสอน,ปาย,เวียงเหนือ,14.852500000000001,28.24416666666667
2026-05-18,แม่ฮ่องสอน,ปาย,เวียงใต้,15.03013888888889,26.750416666666666
2026-05-19,น่าน,เฉลิมพระเกียรติ,ห้วยโก๋น,5.6092957746478875,27.008028169014082
2026-05-19,พะเยา,จุน,ห้วยข้าวก่ำ,1.0744444444444445,31.57222222222222
2026-05-19,พะเยา,เชียงม่วน,เชียงม่วน,4.21625,29.653333333333332
2026-05-19,ลำปาง,วังเหนือ,วังเหนือ,20.756249999999998,29.97208333333333
2026-05-19,ลำปาง,แม่เมาะ,แม่เมาะ,11.513541666666667,29.360416666666666
2026-05-19,ลำพูน,ลี้,ลี้,6.313898305084745,30.15423728813559
2026-05-19,เชียงราย,ป่าแดด,ป่าแดด,13.933157894736842,31.057368421052633
2026-05-19,เชียงราย,เทิง,เวียง,2.5105,30.464
2026-05-19,เชียงราย,เมือง,รอบเวียง,33.300000000000004,30.677291666666665
2026-05-19,เชียงใหม่,ดอยเต่า,ดอยเต่า,4.6895454545454545,30.343181818181815
2026-05-19,เชียงใหม่,ฝาง,เวียง,32.062083333333334,29.992500000000003
2026-05-19,เชียงใหม่,สันกำแพง,สันกำแพง,8.132608695652175,30.7025
2026-05-19,เชียงใหม่,อมก๋อย,อมก๋อย,9.849583333333333,24.85875
2026-05-19,เชียงใหม่,ฮอด,หางดง,8.120444444444445,30.233555555555554
2026-05-19,เชียงใหม่,เชียงดาว,เชียงดาว,17.398541666666667,28.928749999999997
2026-05-19,เชียงใหม่,แม่วาง,บ้านกาด,12.059583333333334,29.745625
2026-05-19,เชียงใหม่,แม่แจ่ม,ช่างเคิ่ง,25.897916666666664,28.382500000000004
2026-05-19,เชียงใหม่,แม่แตง,สันมหาพน,17.00875,30.480416666666667
2026-05-19,แพร่,วังชิ้น,วังชิ้น,4.564583333333333,28.678749999999997
2026-05-19,แพร่,เด่นชัย,เด่นชัย,5.304090909090909,28.461363636363636
2026-05-19,แม่ฮ่องสอน,ขุนยวม,ขุนยวม,6.667727272727273,28.57136363636364
2026-05-19,แม่ฮ่องสอน,ปาย,เวียงเหนือ,22.105416666666667,29.357083333333335
2026-05-19,แม่ฮ่องสอน,ปาย,เวียงใต้,23.87125,27.509583333333335
2026-05-20,น่าน,เฉลิมพระเกียรติ,ห้วยโก๋น,6.956,25.650142857142857
2026-05-20,พะเยา,จุน,ห้วยข้าวก่ำ,1.0,29.876923076923074
2026-05-20,พะเยา,เชียงม่วน,เชียงม่วน,7.390416666666667,29.639166666666668
2026-05-20,ลำปาง,วังเหนือ,วังเหนือ,23.3425,29.13
2026-05-20,ลำปาง,แม่เมาะ,แม่เมาะ,17.876458333333336,28.0175
2026-05-20,ลำพูน,ลี้,ลี้,12.037916666666668,29.75
2026-05-20,เชียงราย,ป่าแดด,ป่าแดด,16.638947368421054,29.79947368421053
2026-05-20,เชียงราย,เทิง,เวียง,2.3704545454545456,29.287045454545453
2026-05-20,เชียงราย,เมือง,รอบเวียง,31.787916666666664,29.87875
2026-05-20,เชียงใหม่,ดอยเต่า,ดอยเต่า,10.85590909090909,28.30272727272727
2026-05-20,เชียงใหม่,ฝาง,เวียง,37.41291666666667,30.300833333333333
2026-05-20,เชียงใหม่,สันกำแพง,สันกำแพง,13.170961538461539,27.667211538461537
2026-05-20,เชียงใหม่,อมก๋อย,อมก๋อย,16.109583333333333,23.968333333333334
2026-05-20,เชียงใหม่,ฮอด,หางดง,16.770652173913046,28.195434782608697
2026-05-20,เชียงใหม่,เชียงดาว,เชียงดาว,18.304565217391303,28.729130434782608
2026-05-20,เชียงใหม่,แม่วาง,บ้านกาด,14.433750000000002,28.548541666666665
2026-05-20,เชียงใหม่,แม่แจ่ม,ช่างเคิ่ง,30.426458333333333,27.33666666666667
2026-05-20,เชียงใหม่,แม่แตง,สันมหาพน,14.458333333333334,28.96166666666667
2026-05-20,แพร่,วังชิ้น,วังชิ้น,4.370833333333334,27.898333333333337
2026-05-20,แพร่,เด่นชัย,เด่นชัย,6.94595744680851,28.086382978723403
2026-05-20,แม่ฮ่องสอน,ขุนยวม,ขุนยวม,16.354166666666668,28.429999999999996
2026-05-20,แม่ฮ่องสอน,ปาย,เวียงเหนือ,24.60291666666667,28.84375
2026-05-20,แม่ฮ่องสอน,ปาย,เวียงใต้,27.294305555555557,27.358333333333334
2026-05-21,น่าน,เฉลิมพระเกียรติ,ห้วยโก๋น,5.181875,25.42109375
2026-05-21,พะเยา,จุน,ห้วยข้าวก่ำ,1.0318749999999999,31.1325
2026-05-21,พะเยา,เชียงม่วน,เชียงม่วน,6.483333333333333,29.391666666666666
2026-05-21,ลำปาง,วังเหนือ,วังเหนือ,25.27541666666667,29.00125
2026-05-21,ลำปาง,แม่เมาะ,แม่เมาะ,13.381458333333333,27.767916666666665
2026-05-21,ลำพูน,ลี้,ลี้,23.141428571428573,34.07142857142857
2026-05-21,เชียงราย,ป่าแดด,ป่าแดด,14.358500000000001,29.528
2026-05-21,เชียงราย,เทิง,เวียง,3.035,30.435
2026-05-21,เชียงราย,เมือง,รอบเวียง,29.154583333333335,29.59166666666667
2026-05-21,เชียงใหม่,ดอยเต่า,ดอยเต่า,12.768571428571429,27.613809523809522
2026-05-21,เชียงใหม่,ฝาง,เวียง,30.546666666666667,29.0575
2026-05-21,เชียงใหม่,สันกำแพง,สันกำแพง,17.780825688073396,29.058348623853213
2026-05-21,เชียงใหม่,อมก๋อย,อมก๋อย,18.68375,26.436666666666667
2026-05-21,เชียงใหม่,ฮอด,หางดง,19.811555555555554,27.765333333333334
2026-05-21,เชียงใหม่,เชียงดาว,เชียงดาว,19.043736263736264,28.15967032967033
2026-05-21,เชียงใหม่,แม่วาง,บ้านกาด,22.26833333333333,28.557083333333335
2026-05-21,เชียงใหม่,แม่แจ่ม,ช่างเคิ่ง,24.219166666666666,27.410833333333333
2026-05-21,เชียงใหม่,แม่แตง,สันมหาพน,19.5825,28.999583333333334
2026-05-21,แพร่,วังชิ้น,วังชิ้น,4.21125,27.13
2026-05-21,แพร่,เด่นชัย,เด่นชัย,5.874888888888889,27.374888888888886
2026-05-21,แม่ฮ่องสอน,ขุนยวม,ขุนยวม,17.270416666666666,28.44333333333333
2026-05-21,แม่ฮ่องสอน,ปาย,เวียงเหนือ,21.8075,27.47583333333333
2026-05-21,แม่ฮ่องสอน,ปาย,เวียงใต้,22.818472222222223,25.8225
2026-05-22,น่าน,เฉลิมพระเกียรติ,ห้วยโก๋น,7.628615384615385,26.455538461538463
2026-05-22,พะเยา,จุน,ห้วยข้าวก่ำ,1.1629166666666666,27.994583333333335
2026-05-22,พะเยา,เชียงม่วน,เชียงม่วน,8.5,32.17
2026-05-22,ลำปาง,วังเหนือ,วังเหนือ,20.26125,28.035833333333333
2026-05-22,ลำปาง,แม่เมาะ,แม่เมาะ,14.885208333333333,28.5125
2026-05-22,ลำพูน,ลี้,ลี้,10.46953488372093,27.941860465116278
2026-05-22,เชียงราย,ป่าแดด,ป่าแดด,14.061176470588235,28.495882352941177
2026-05-22,เชียงราย,เทิง,เวียง,2.4075,28.352777777777778
2026-05-22,เชียงราย,เมือง,รอบเวียง,27.33875,28.76833333333333
2026-05-22,เชียงใหม่,ดอยเต่า,ดอยเต่า,8.62875,28.072083333333335
2026-05-22,เชียงใหม่,ฝาง,เวียง,22.2885,26.029000000000003
2026-05-22,เชียงใหม่,สันกำแพง,สันกำแพง,14.634653465346533,28.864059405940594
2026-05-22,เชียงใหม่,อมก๋อย,อมก๋อย,8.94875,25.673333333333332
2026-05-22,เชียงใหม่,ฮอด,หางดง,12.296808510638298,27.444468085106386
2026-05-22,เชียงใหม่,เชียงดาว,เชียงดาว,12.167291666666666,27.529583333333335
2026-05-22,เชียงใหม่,แม่วาง,บ้านกาด,12.8245,28.55075
2026-05-22,เชียงใหม่,แม่แจ่ม,ช่างเคิ่ง,6.7942857142857145,23.077142857142857
2026-05-22,เชียงใหม่,แม่แตง,สันมหาพน,14.183749999999998,28.452916666666667
2026-05-22,แพร่,วังชิ้น,วังชิ้น,5.8675,28.047083333333333
2026-05-22,แพร่,เด่นชัย,เด่นชัย,9.534166666666666,28.951458333333335
2026-05-22,แม่ฮ่องสอน,ขุนยวม,ขุนยวม,6.430416666666667,26.758333333333336
2026-05-22,แม่ฮ่องสอน,ปาย,เวียงเหนือ,13.354166666666666,26.202916666666667
2026-05-22,แม่ฮ่องสอน,ปาย,เวียงใต้,13.963194444444445,24.89
2026-05-23,น่าน,เฉลิมพระเกียรติ,ห้วยโก๋น,3.6283098591549297,26.012816901408453
2026-05-23,พะเยา,จุน,ห้วยข้าวก่ำ,1.129,29.619
2026-05-23,ลำปาง,วังเหนือ,วังเหนือ,10.540833333333333,27.795833333333334
2026-05-23,ลำปาง,แม่เมาะ,แม่เมาะ,4.471063829787234,28.214468085106382
2026-05-23,ลำพูน,ลี้,ลี้,4.485277777777778,27.4
2026-05-23,เชียงราย,ป่าแดด,ป่าแดด,8.187692307692307,27.765384615384615
2026-05-23,เชียงราย,เทิง,เวียง,1.3927272727272728,29.75090909090909
2026-05-23,เชียงราย,เมือง,รอบเวียง,11.863750000000001,28.651666666666667
2026-05-23,เชียงใหม่,ดอยเต่า,ดอยเต่า,5.9004166666666675,29.184583333333336
2026-05-23,เชียงใหม่,ฝาง,เวียง,11.011249999999999,27.700833333333335
2026-05-23,เชียงใหม่,สันกำแพง,สันกำแพง,5.059213483146067,29.44516853932584
2026-05-23,เชียงใหม่,อมก๋อย,อมก๋อย,2.7199999999999998,23.82923076923077
2026-05-23,เชียงใหม่,ฮอด,หางดง,5.534042553191489,27.382765957446807
2026-05-23,เชียงใหม่,เชียงดาว,เชียงดาว,5.381770833333333,26.158749999999998
2026-05-23,เชียงใหม่,แม่วาง,บ้านกาด,5.039583333333334,28.182916666666667
2026-05-23,เชียงใหม่,แม่แตง,สันมหาพน,7.746666666666666,27.46166666666667
2026-05-23,แพร่,วังชิ้น,วังชิ้น,2.2254166666666664,26.76375
2026-05-23,แพร่,เด่นชัย,เด่นชัย,5.2739393939393935,27.844242424242424
2026-05-23,แม่ฮ่องสอน,ขุนยวม,ขุนยวม,2.785555555555556,26.67833333333333
2026-05-23,แม่ฮ่องสอน,ปาย,เวียงเหนือ,10.655,27.16916666666667
2026-05-23,แม่ฮ่องสอน,ปาย,เวียงใต้,9.383611111111112,25.165000000000003
2026-05-24,น่าน,เฉลิมพระเกียรติ,ห้วยโก๋น,3.473818181818182,25.75072727272727
2026-05-24,พะเยา,จุน,ห้วยข้าวก่ำ,1.7555555555555555,31.241111111111113
2026-05-24,ลำปาง,วังเหนือ,วังเหนือ,7.072916666666667,28.400000000000002
2026-05-24,ลำปาง,แม่เมาะ,แม่เมาะ,6.515609756097561,29.663658536585366
2026-05-24,ลำพูน,ลี้,ลี้,4.275833333333334,26.474999999999998
2026-05-24,เชียงราย,ป่าแดด,ป่าแดด,11.366666666666667,28.701666666666668
2026-05-24,เชียงราย,เทิง,เวียง,1.6009999999999998,29.912
2026-05-24,เชียงราย,เมือง,รอบเวียง,4.413636363636363,28.217499999999998
2026-05-24,เชียงใหม่,ดอยเต่า,ดอยเต่า,4.619375,28.063125
2026-05-24,เชียงใหม่,ฝาง,เวียง,5.2175,27.293750000000003
2026-05-24,เชียงใหม่,สันกำแพง,สันกำแพง,6.424285714285714,29.996190476190478
2026-05-24,เชียงใหม่,อมก๋อย,อมก๋อย,2.79,22.57
2026-05-24,เชียงใหม่,ฮอด,หางดง,2.247333333333333,27.909333333333333
2026-05-24,เชียงใหม่,เชียงดาว,เชียงดาว,2.4022916666666667,26.790833333333335
2026-05-24,เชียงใหม่,แม่วาง,บ้านกาด,1.17125,29.865
2026-05-24,เชียงใหม่,แม่แตง,สันมหาพน,3.7383333333333333,29.063333333333333
2026-05-24,แพร่,วังชิ้น,วังชิ้น,2.853913043478261,28.84391304347826
2026-05-24,แพร่,เด่นชัย,เด่นชัย,5.816857142857143,29.322
2026-05-24,แม่ฮ่องสอน,ขุนยวม,ขุนยวม,1.1666666666666667,24.106666666666666
2026-05-24,แม่ฮ่องสอน,ปาย,เวียงเหนือ,11.188749999999999,26.689166666666665
2026-05-24,แม่ฮ่องสอน,ปาย,เวียงใต้,6.5363380281690135,24.999295774647887
2026-05-25,น่าน,เฉลิมพระเกียรติ,ห้วยโก๋น,2.5375,27.169999999999998
2026-05-25,พะเยา,จุน,ห้วยข้าวก่ำ,1.12,27.66333333333333
2026-05-25,พะเยา,เชียงม่วน,เชียงม่วน,1.0,25.99
2026-05-25,ลำปาง,วังเหนือ,วังเหนือ,12.222083333333332,28.18375
2026-05-25,ลำปาง,แม่เมาะ,แม่เมาะ,4.597659574468085,30.70255319148936
2026-05-25,ลำพูน,ลี้,ลี้,2.731666666666667,28.004166666666666
2026-05-25,เชียงราย,ป่าแดด,ป่าแดด,7.487619047619048,29.111904761904764
2026-05-25,เชียงราย,เทิง,เวียง,3.71,28.69875
2026-05-25,เชียงราย,เมือง,รอบเวียง,7.354166666666667,28.06895833333333
2026-05-25,เชียงใหม่,ดอยเต่า,ดอยเต่า,2.620833333333333,30.889583333333334
2026-05-25,เชียงใหม่,ฝาง,เวียง,9.056666666666667,28.3625
2026-05-25,เชียงใหม่,สันกำแพง,สันกำแพง,6.909294117647058,29.931882352941177
2026-05-25,เชียงใหม่,อมก๋อย,อมก๋อย,3.817222222222222,27.41444444444444
2026-05-25,เชียงใหม่,ฮอด,หางดง,2.7486046511627906,30.577674418604648
2026-05-25,เชียงใหม่,เชียงดาว,เชียงดาว,3.8421875,27.484166666666667
2026-05-25,เชียงใหม่,แม่วาง,บ้านกาด,1.8345833333333335,29.726249999999997
2026-05-25,เชียงใหม่,แม่แตง,สันมหาพน,3.9258333333333333,28.089166666666667
2026-05-25,แพร่,วังชิ้น,วังชิ้น,2.5716666666666668,29.324583333333333
2026-05-25,แพร่,เด่นชัย,เด่นชัย,4.3566666666666665,29.53625
2026-05-25,แม่ฮ่องสอน,ขุนยวม,ขุนยวม,1.6585714285714286,29.66857142857143
2026-05-25,แม่ฮ่องสอน,ปาย,เวียงเหนือ,8.056666666666667,27.82875
2026-05-25,แม่ฮ่องสอน,ปาย,เวียงใต้,6.81375,26.070416666666667
2026-05-26,น่าน,เฉลิมพระเกียรติ,ห้วยโก๋น,2.641,29.0944
2026-05-26,พะเยา,จุน,ห้วยข้าวก่ำ,1.474,32.397000000000006
2026-05-26,ลำปาง,วังเหนือ,วังเหนือ,8.769166666666667,28.72
2026-05-26,ลำปาง,แม่เมาะ,แม่เมาะ,5.085208333333333,28.045
2026-05-26,ลำพูน,ลี้,ลี้,3.8545945945945945,26.44324324324324
2026-05-26,เชียงราย,ป่าแดด,ป่าแดด,5.924,29.810000000000002
2026-05-26,เชียงราย,เทิง,เวียง,1.2650000000000001,31.944
2026-05-26,เชียงราย,เมือง,รอบเวียง,10.679166666666667,29.515
2026-05-26,เชียงใหม่,ดอยเต่า,ดอยเต่า,3.623181818181818,28.28681818181818
2026-05-26,เชียงใหม่,ฝาง,เวียง,14.8775,30.317083333333333
2026-05-26,เชียงใหม่,สันกำแพง,สันกำแพง,8.495102040816326,27.82418367346939
2026-05-26,เชียงใหม่,อมก๋อย,อมก๋อย,2.8256521739130434,24.754347826086956
2026-05-26,เชียงใหม่,ฮอด,หางดง,2.9691666666666667,27.135833333333334
2026-05-26,เชียงใหม่,เชียงดาว,เชียงดาว,5.179791666666667,27.784166666666664
2026-05-26,เชียงใหม่,แม่วาง,บ้านกาด,2.6170833333333334,28.232083333333335
2026-05-26,เชียงใหม่,แม่แตง,สันมหาพน,6.134583333333333,27.359583333333333
2026-05-26,แพร่,วังชิ้น,วังชิ้น,3.5895833333333336,27.875833333333333
2026-05-26,แพร่,เด่นชัย,เด่นชัย,3.65,29.111041666666665
2026-05-26,แม่ฮ่องสอน,ขุนยวม,ขุนยวม,1.965263157894737,26.006315789473685
2026-05-26,แม่ฮ่องสอน,ปาย,เวียงเหนือ,11.005833333333333,27.964166666666667
2026-05-26,แม่ฮ่องสอน,ปาย,เวียงใต้,8.525,25.851714285714284
2026-05-27,น่าน,เฉลิมพระเกียรติ,ห้วยโก๋น,7.02280701754386,28.602456140350874
2026-05-27,พะเยา,จุน,ห้วยข้าวก่ำ,1.0275,28.299166666666665
2026-05-27,ลำปาง,วังเหนือ,วังเหนือ,13.430833333333332,28.098333333333333
2026-05-27,ลำปาง,แม่เมาะ,แม่เมาะ,10.176041666666666,30.233333333333334
2026-05-27,ลำพูน,ลี้,ลี้,8.26127659574468,26.810638297872337
2026-05-27,เชียงราย,ป่าแดด,ป่าแดด,8.4135,27.758
2026-05-27,เชียงราย,เทิง,เวียง,3.8628571428571425,29.55785714285714
2026-05-27,เชียงราย,เมือง,รอบเวียง,18.320833333333333,28.326458333333335
2026-05-27,เชียงใหม่,ดอยเต่า,ดอยเต่า,7.3933333333333335,29.0775
2026-05-27,เชียงใหม่,ฝาง,เวียง,19.891666666666666,27.107083333333335
2026-05-27,เชียงใหม่,สันกำแพง,สันกำแพง,9.103977272727272,28.89909090909091
2026-05-27,เชียงใหม่,อมก๋อย,อมก๋อย,8.814583333333333,26.811666666666667
2026-05-27,เชียงใหม่,ฮอด,หางดง,5.809166666666666,28.9975
2026-05-27,เชียงใหม่,เชียงดาว,เชียงดาว,11.485208333333333,27.648750000000003
2026-05-27,เชียงใหม่,แม่วาง,บ้านกาด,8.16,28.80541666666667
2026-05-27,เชียงใหม่,แม่แตง,สันมหาพน,11.508333333333333,27.55333333333333
2026-05-27,แพร่,วังชิ้น,วังชิ้น,4.649166666666667,29.33875
2026-05-27,แพร่,เด่นชัย,เด่นชัย,6.5425,30.006874999999997
2026-05-27,แม่ฮ่องสอน,ขุนยวม,ขุนยวม,10.4065,28.7385
2026-05-27,แม่ฮ่องสอน,ปาย,เวียงเหนือ,16.877916666666668,27.872500000000002
2026-05-27,แม่ฮ่องสอน,ปาย,เวียงใต้,18.078194444444446,25.941666666666666
2026-05-28,น่าน,เฉลิมพระเกียรติ,ห้วยโก๋น,10.586973684210527,27.65394736842105
2026-05-28,พะเยา,จุน,ห้วยข้าวก่ำ,1.3077272727272726,28.09
2026-05-28,ลำปาง,วังเหนือ,วังเหนือ,19.37,26.756666666666664
2026-05-28,ลำปาง,แม่เมาะ,แม่เมาะ,11.394888888888888,30.76422222222222
2026-05-28,ลำพูน,ลี้,ลี้,9.783225806451613,26.98709677419355
2026-05-28,เชียงราย,ป่าแดด,ป่าแดด,20.095294117647057,29.38705882352941
2026-05-28,เชียงราย,เทิง,เวียง,2.94375,29.239166666666666
2026-05-28,เชียงราย,เมือง,รอบเวียง,33.03208333333333,29.338333333333335
2026-05-28,เชียงใหม่,ดอยเต่า,ดอยเต่า,5.448571428571428,30.291428571428572
2026-05-28,เชียงใหม่,ฝาง,เวียง,29.499583333333334,28.23125
2026-05-28,เชียงใหม่,สันกำแพง,สันกำแพง,8.472631578947368,29.70926315789474
2026-05-28,เชียงใหม่,อมก๋อย,อมก๋อย,1.9433333333333334,23.43166666666667
2026-05-28,เชียงใหม่,ฮอด,หางดง,5.5082978723404254,28.113829787234042
2026-05-28,เชียงใหม่,เชียงดาว,เชียงดาว,12.902500000000002,28.159166666666668
2026-05-28,เชียงใหม่,แม่วาง,บ้านกาด,6.095833333333334,28.34875
2026-05-28,เชียงใหม่,แม่แตง,สันมหาพน,11.878333333333332,28.282083333333333
2026-05-28,แพร่,วังชิ้น,วังชิ้น,3.617391304347826,30.926086956521736
2026-05-28,แพร่,เด่นชัย,เด่นชัย,9.06711111111111,30.86711111111111
2026-05-28,แม่ฮ่องสอน,ขุนยวม,ขุนยวม,2.965625,25.798125
2026-05-28,แม่ฮ่องสอน,ปาย,เวียงเหนือ,15.512916666666667,27.469166666666666
2026-05-28,แม่ฮ่องสอน,ปาย,เวียงใต้,15.920972222222222,25.84875
2026-05-29,น่าน,เฉลิมพระเกียรติ,ห้วยโก๋น,7.598958333333333,26.931250000000002
2026-05-29,พะเยา,จุน,ห้วยข้าวก่ำ,1.151,28.844
2026-05-29,ลำปาง,แม่เมาะ,แม่เมาะ,4.953720930232558,30.260232558139535
2026-05-29,ลำพูน,ลี้,ลี้,4.937777777777778,29.08888888888889
2026-05-29,เชียงราย,ป่าแดด,ป่าแดด,15.514999999999997,30.087
2026-05-29,เชียงราย,เทิง,เวียง,2.263571428571429,29.3
2026-05-29,เชียงราย,เมือง,รอบเวียง,11.54590909090909,29.116818181818186
2026-05-29,เชียงใหม่,ดอยเต่า,ดอยเต่า,1.846818181818182,28.601363636363637
2026-05-29,เชียงใหม่,ฝาง,เวียง,6.80125,28.993750000000002
2026-05-29,เชียงใหม่,สันกำแพง,สันกำแพง,5.529076923076923,30.380923076923075
2026-05-29,เชียงใหม่,อมก๋อย,อมก๋อย,1.6316666666666668,26.86888888888889
2026-05-29,เชียงใหม่,ฮอด,หางดง,2.7386486486486485,27.241891891891893
2026-05-29,เชียงใหม่,เชียงดาว,เชียงดาว,2.9542105263157894,27.327684210526318
2026-05-29,เชียงใหม่,แม่วาง,บ้านกาด,2.9433333333333334,28.211249999999996
2026-05-29,เชียงใหม่,แม่แตง,สันมหาพน,2.1891666666666665,26.829166666666666
2026-05-29,แพร่,วังชิ้น,วังชิ้น,2.9,29.762272727272727
2026-05-29,แพร่,เด่นชัย,เด่นชัย,3.7790909090909093,29.896818181818183
2026-05-29,แม่ฮ่องสอน,ขุนยวม,ขุนยวม,2.132307692307692,26.20307692307692
2026-05-29,แม่ฮ่องสอน,ปาย,เวียงเหนือ,10.64375,27.73125
2026-05-29,แม่ฮ่องสอน,ปาย,เวียงใต้,8.815416666666668,26.062083333333334
2026-05-30,น่าน,เฉลิมพระเกียรติ,ห้วยโก๋น,3.045223880597015,25.97910447761194
2026-05-30,ลำปาง,แม่เมาะ,แม่เมาะ,6.129777777777777,29.484444444444442
2026-05-30,ลำพูน,ลี้,ลี้,4.360666666666666,27.56
2026-05-30,เชียงราย,ป่าแดด,ป่าแดด,9.277333333333333,27.523333333333333
2026-05-30,เชียงราย,เทิง,เวียง,1.2,27.535
2026-05-30,เชียงราย,เมือง,รอบเวียง,5.1414285714285715,27.796666666666667
2026-05-30,เชียงใหม่,ดอยเต่า,ดอยเต่า,2.5208695652173914,28.227826086956522
2026-05-30,เชียงใหม่,ฝาง,เวียง,11.065,27.148333333333337
2026-05-30,เชียงใหม่,สันกำแพง,สันกำแพง,5.605631067961165,28.284271844660196
2026-05-30,เชียงใหม่,อมก๋อย,อมก๋อย,2.447142857142857,23.291428571428572
2026-05-30,เชียงใหม่,ฮอด,หางดง,3.3045454545454547,27.88
2026-05-30,เชียงใหม่,เชียงดาว,เชียงดาว,4.4624999999999995,27.36208333333333
2026-05-30,เชียงใหม่,แม่วาง,บ้านกาด,3.3329166666666663,28.00375
2026-05-30,เชียงใหม่,แม่แตง,สันมหาพน,5.1825,27.93958333333333
2026-05-30,แพร่,วังชิ้น,วังชิ้น,3.1191666666666666,28.339583333333334
2026-05-30,แพร่,เด่นชัย,เด่นชัย,4.333846153846154,28.512307692307694
2026-05-30,แม่ฮ่องสอน,ขุนยวม,ขุนยวม,1.3708333333333333,26.329166666666666
2026-05-30,แม่ฮ่องสอน,ปาย,เวียงเหนือ,24.467083333333335,26.926666666666666
2026-05-30,แม่ฮ่องสอน,ปาย,เวียงใต้,13.784166666666668,25.614166666666666
2026-05-31,น่าน,เฉลิมพระเกียรติ,ห้วยโก๋น,4.56406976744186,28.748837209302327
2026-05-31,พะเยา,จุน,ห้วยข้าวก่ำ,1.0366666666666666,30.035555555555554
2026-05-31,ลำปาง,แม่เมาะ,แม่เมาะ,11.385625,30.254166666666666
2026-05-31,ลำพูน,ลี้,ลี้,5.017,25.09
2026-05-31,เชียงราย,ป่าแดด,ป่าแดด,10.034615384615384,30.404615384615383
2026-05-31,เชียงราย,เทิง,เวียง,1.1927272727272726,30.76090909090909
2026-05-31,เชียงราย,เมือง,รอบเวียง,11.627916666666666,27.75854166666667
2026-05-31,เชียงใหม่,ดอยเต่า,ดอยเต่า,3.1420833333333333,28.670416666666668
2026-05-31,เชียงใหม่,ฝาง,เวียง,20.3425,27.508750000000003
2026-05-31,เชียงใหม่,สันกำแพง,สันกำแพง,7.827833333333333,28.978749999999998
2026-05-31,เชียงใหม่,อมก๋อย,อมก๋อย,3.7849999999999997,25.252272727272725
2026-05-31,เชียงใหม่,ฮอด,หางดง,4.06125,28.536666666666665
2026-05-31,เชียงใหม่,เชียงดาว,เชียงดาว,7.419888888888888,28.043666666666663
2026-05-31,เชียงใหม่,แม่วาง,บ้านกาด,2.1041666666666665,28.757499999999997
2026-05-31,เชียงใหม่,แม่แตง,สันมหาพน,11.264166666666668,28.495833333333334
2026-05-31,แพร่,วังชิ้น,วังชิ้น,5.5441666666666665,29.584166666666665
2026-05-31,แพร่,เด่นชัย,เด่นชัย,7.5755319148936175,29.799148936170212
2026-05-31,แม่ฮ่องสอน,ขุนยวม,ขุนยวม,3.17375,28.084999999999997
2026-05-31,แม่ฮ่องสอน,ปาย,เวียงเหนือ,8.128260869565217,26.605217391304347
2026-05-31,แม่ฮ่องสอน,ปาย,เวียงใต้,6.174444444444444,25.410416666666666
2026-06-01,น่าน,เฉลิมพระเกียรติ,ห้วยโก๋น,8.505483870967742,29.08978494623656
2026-06-01,พะเยา,จุน,ห้วยข้าวก่ำ,1.136,30.303500000000003
2026-06-01,ลำปาง,แม่เมาะ,แม่เมาะ,15.372916666666667,30.89333333333333
2026-06-01,ลำพูน,ลี้,ลี้,8.243947368421052,29.60263157894737
2026-06-01,เชียงราย,ป่าแดด,ป่าแดด,19.290714285714284,30.432142857142857
2026-06-01,เชียงราย,เทิง,เวียง,2.6670833333333337,28.922916666666666
2026-06-01,เชียงราย,เมือง,รอบเวียง,19.15041666666667,29.59375
2026-06-01,เชียงใหม่,ดอยเต่า,ดอยเต่า,8.900416666666667,29.569999999999997
2026-06-01,เชียงใหม่,ฝาง,เวียง,34.67166666666667,28.514166666666668
2026-06-01,เชียงใหม่,สันกำแพง,สันกำแพง,14.593636363636364,30.248842975206614
2026-06-01,เชียงใหม่,อมก๋อย,อมก๋อย,3.0629166666666667,26.65625
2026-06-01,เชียงใหม่,ฮอด,หางดง,8.573333333333332,28.118750000000002
2026-06-01,เชียงใหม่,เชียงดาว,เชียงดาว,16.055121951219512,29.05878048780488
2026-06-01,เชียงใหม่,แม่วาง,บ้านกาด,10.374166666666667,30.26
2026-06-01,เชียงใหม่,แม่แตง,สันมหาพน,17.137916666666666,29.364583333333332
2026-06-01,แพร่,วังชิ้น,วังชิ้น,8.263333333333334,30.644166666666667
2026-06-01,แพร่,เด่นชัย,เด่นชัย,8.408695652173913,31.101956521739133
2026-06-01,แม่ฮ่องสอน,ขุนยวม,ขุนยวม,3.5416666666666665,27.30875
2026-06-01,แม่ฮ่องสอน,ปาย,เวียงเหนือ,12.705833333333333,28.43166666666667
2026-06-01,แม่ฮ่องสอน,ปาย,เวียงใต้,9.310833333333333,26.877083333333335
2026-06-02,น่าน,เฉลิมพระเกียรติ,ห้วยโก๋น,12.669166666666667,29.930000000000003
2026-06-02,พะเยา,จุน,ห้วยข้าวก่ำ,1.183529411764706,28.539411764705882
2026-06-02,ลำปาง,แม่เมาะ,แม่เมาะ,19.904166666666665,31.586250000000003
2026-06-02,ลำพูน,ลี้,ลี้,14.332954545454545,27.863636363636363
2026-06-02,เชียงราย,ป่าแดด,ป่าแดด,22.051904761904762,31.15904761904762
2026-06-02,เชียงราย,เทิง,เวียง,4.439166666666667,30.130416666666665
2026-06-02,เชียงราย,เมือง,รอบเวียง,25.5325,30.699583333333333
2026-06-02,เชียงใหม่,ดอยเต่า,ดอยเต่า,12.362499999999999,30.655
2026-06-02,เชียงใหม่,ฝาง,เวียง,40.18333333333333,29.50583333333333
2026-06-02,เชียงใหม่,สันกำแพง,สันกำแพง,19.303916666666666,31.136666666666667
2026-06-02,เชียงใหม่,อมก๋อย,อมก๋อย,5.553333333333334,27.11583333333333
2026-06-02,เชียงใหม่,ฮอด,หางดง,8.415833333333333,29.614166666666666
2026-06-02,เชียงใหม่,เชียงดาว,เชียงดาว,21.465104166666666,28.904583333333335
2026-06-02,เชียงใหม่,แม่วาง,บ้านกาด,14.116666666666667,30.79125
2026-06-02,เชียงใหม่,แม่แตง,สันมหาพน,18.8275,30.034166666666668
2026-06-02,แพร่,วังชิ้น,วังชิ้น,10.545,30.704583333333332
2026-06-02,แพร่,เด่นชัย,เด่นชัย,18.378888888888888,27.727222222222224
2026-06-02,แม่ฮ่องสอน,ขุนยวม,ขุนยวม,3.253913043478261,29.176086956521736
2026-06-02,แม่ฮ่องสอน,ปาย,เวียงเหนือ,13.102083333333333,28.358333333333334
2026-06-02,แม่ฮ่องสอน,ปาย,เวียงใต้,14.027222222222223,26.363333333333333
2026-06-03,น่าน,เฉลิมพระเกียรติ,ห้วยโก๋น,15.506354166666668,30.43166666666667
2026-06-03,พะเยา,จุน,ห้วยข้าวก่ำ,1.0716666666666665,30.411666666666665
2026-06-03,ลำปาง,แม่เมาะ,แม่เมาะ,21.67958333333333,31.812916666666666
2026-06-03,ลำพูน,ลี้,ลี้,20.91575,26.689999999999998
2026-06-03,เชียงราย,ป่าแดด,ป่าแดด,20.551052631578948,29.958947368421054
2026-06-03,เชียงราย,เทิง,เวียง,4.849583333333333,30.161666666666665
2026-06-03,เชียงราย,เมือง,รอบเวียง,25.679166666666664,30.025833333333335
2026-06-03,เชียงใหม่,ดอยเต่า,ดอยเต่า,12.312083333333334,30.880416666666665
2026-06-03,เชียงใหม่,ฝาง,เวียง,34.00541666666667,28.55333333333333
2026-06-03,เชียงใหม่,สันกำแพง,สันกำแพง,14.746974789915967,29.97151260504202
2026-06-03,เชียงใหม่,อมก๋อย,อมก๋อย,5.62125,26.135833333333334
2026-06-03,เชียงใหม่,ฮอด,หางดง,10.574583333333333,29.94666666666667
2026-06-03,เชียงใหม่,เชียงดาว,เชียงดาว,19.111250000000002,28.592083333333335
2026-06-03,เชียงใหม่,แม่วาง,บ้านกาด,13.019583333333335,30.290833333333335
2026-06-03,เชียงใหม่,แม่แตง,สันมหาพน,22.75208333333333,29.578333333333333
2026-06-03,แพร่,วังชิ้น,วังชิ้น,12.402916666666668,30.94875
2026-06-03,แพร่,เด่นชัย,เด่นชัย,17.290434782608695,32.034130434782604
2026-06-03,แม่ฮ่องสอน,ขุนยวม,ขุนยวม,3.3345833333333332,27.507499999999997
2026-06-03,แม่ฮ่องสอน,ปาย,เวียงเหนือ,14.2875,27.519166666666667
2026-06-03,แม่ฮ่องสอน,ปาย,เวียงใต้,19.524807692307693,24.95307692307692
2026-06-04,น่าน,เฉลิมพระเกียรติ,ห้วยโก๋น,15.042528735632185,28.805287356321838
2026-06-04,พะเยา,จุน,ห้วยข้าวก่ำ,1.2436842105263157,30.036315789473687
2026-06-04,ลำปาง,แม่เมาะ,แม่เมาะ,11.663333333333334,30.58791666666667
2026-06-04,ลำพูน,ลี้,ลี้,7.540833333333333,35.266666666666666
2026-06-04,เชียงราย,ป่าแดด,ป่าแดด,20.413999999999998,31.173333333333336
2026-06-04,เชียงราย,เทิง,เวียง,5.283478260869565,28.598695652173912
2026-06-04,เชียงราย,เมือง,รอบเวียง,23.02541666666667,29.51125
2026-06-04,เชียงใหม่,ดอยเต่า,ดอยเต่า,9.177333333333333,29.872666666666667
2026-06-04,เชียงใหม่,ฝาง,เวียง,34.942083333333336,28.737083333333334
2026-06-04,เชียงใหม่,สันกำแพง,สันกำแพง,8.183831775700934,29.980280373831775
2026-06-04,เชียงใหม่,อมก๋อย,อมก๋อย,4.32,27.419999999999998
2026-06-04,เชียงใหม่,ฮอด,หางดง,10.219583333333334,29.83375
2026-06-04,เชียงใหม่,เชียงดาว,เชียงดาว,12.349615384615385,28.205384615384617
2026-06-04,เชียงใหม่,แม่วาง,บ้านกาด,16.68375,29.625
2026-06-04,เชียงใหม่,แม่แตง,สันมหาพน,17.837083333333336,29.34375
2026-06-04,แพร่,วังชิ้น,วังชิ้น,8.661666666666667,30.91625
2026-06-04,แพร่,เด่นชัย,เด่นชัย,18.491666666666667,27.785833333333333
2026-06-04,แม่ฮ่องสอน,ขุนยวม,ขุนยวม,3.689583333333333,26.285833333333333
2026-06-04,แม่ฮ่องสอน,ปาย,เวียงเหนือ,12.445,27.056250000000002
2026-06-04,แม่ฮ่องสอน,ปาย,เวียงใต้,12.086458333333333,25.950416666666666
2026-06-05,น่าน,เฉลิมพระเกียรติ,ห้วยโก๋น,9.859555555555556,27.58422222222222
2026-06-05,พะเยา,จุน,ห้วยข้าวก่ำ,1.27,29.14833333333333
2026-06-05,ลำปาง,แม่เมาะ,แม่เมาะ,6.300222222222222,28.23777777777778
2026-06-05,ลำพูน,ลี้,ลี้,2.593928571428571,30.585714285714285
2026-06-05,เชียงราย,ป่าแดด,ป่าแดด,5.366842105263157,28.223157894736843
2026-06-05,เชียงราย,เทิง,เวียง,1.0,30.295555555555552
2026-06-05,เชียงราย,เมือง,รอบเวียง,10.617916666666666,28.873333333333335
2026-06-05,เชียงใหม่,ดอยเต่า,ดอยเต่า,6.470833333333334,26.07541666666667
2026-06-05,เชียงใหม่,ฝาง,เวียง,21.052083333333332,28.682916666666667
2026-06-05,เชียงใหม่,สันกำแพง,สันกำแพง,6.584300000000001,27.015500000000003
2026-06-05,เชียงใหม่,อมก๋อย,อมก๋อย,2.463636363636364,24.94454545454545
2026-06-05,เชียงใหม่,ฮอด,หางดง,9.429166666666667,26.780833333333334
2026-06-05,เชียงใหม่,เชียงดาว,เชียงดาว,8.419583333333334,27.78333333333333
2026-06-05,เชียงใหม่,แม่วาง,บ้านกาด,5.035416666666667,27.607916666666668
2026-06-05,เชียงใหม่,แม่แตง,สันมหาพน,8.700833333333334,28.132499999999997
2026-06-05,แพร่,วังชิ้น,วังชิ้น,3.489130434782609,27.313043478260873
2026-06-05,แพร่,เด่นชัย,เด่นชัย,5.455882352941177,29.05970588235294
2026-06-05,แม่ฮ่องสอน,ขุนยวม,ขุนยวม,2.420909090909091,25.83090909090909
2026-06-05,แม่ฮ่องสอน,ปาย,เวียงเหนือ,12.43125,27.42125
2026-06-05,แม่ฮ่องสอน,ปาย,เวียงใต้,11.712916666666667,26.5625
2026-06-06,น่าน,เฉลิมพระเกียรติ,ห้วยโก๋น,1.5527083333333334,26.555208333333336
2026-06-06,ลำปาง,แม่เมาะ,แม่เมาะ,3.752619047619048,26.67809523809524
2026-06-06,ลำพูน,ลี้,ลี้,2.786428571428572,26.835714285714285
2026-06-06,เชียงราย,ป่าแดด,ป่าแดด,3.8592307692307695,28.755384615384614
2026-06-06,เชียงราย,เทิง,เวียง,1.925,26.185
2026-06-06,เชียงราย,เมือง,รอบเวียง,6.182083333333334,27.02416666666667
2026-06-06,เชียงใหม่,ดอยเต่า,ดอยเต่า,4.399375,27.3425
2026-06-06,เชียงใหม่,ฝาง,เวียง,13.717916666666667,25.389166666666668
2026-06-06,เชียงใหม่,สันกำแพง,สันกำแพง,4.443943661971831,27.205915492957747
2026-06-06,เชียงใหม่,อมก๋อย,อมก๋อย,1.022,22.913999999999998
2026-06-06,เชียงใหม่,ฮอด,หางดง,2.247,27.434500000000003
2026-06-06,เชียงใหม่,เชียงดาว,เชียงดาว,2.630121951219512,25.629024390243902
2026-06-06,เชียงใหม่,แม่วาง,บ้านกาด,2.485,26.784583333333334
2026-06-06,เชียงใหม่,แม่แตง,สันมหาพน,2.1734782608695653,26.409999999999997
2026-06-06,แพร่,วังชิ้น,วังชิ้น,3.4308333333333336,26.72666666666667
2026-06-06,แพร่,เด่นชัย,เด่นชัย,2.170909090909091,26.527272727272727
2026-06-06,แม่ฮ่องสอน,ขุนยวม,ขุนยวม,1.0550000000000002,24.96
2026-06-06,แม่ฮ่องสอน,ปาย,เวียงเหนือ,7.202916666666667,25.349999999999998
2026-06-06,แม่ฮ่องสอน,ปาย,เวียงใต้,7.424042553191489,24.162340425531912
2026-06-07,น่าน,เฉลิมพระเกียรติ,ห้วยโก๋น,2.7479104477611944,27.267910447761196
2026-06-07,พะเยา,จุน,ห้วยข้าวก่ำ,1.0,26.82
2026-06-07,ลำปาง,แม่เมาะ,แม่เมาะ,2.4560416666666667,28.385416666666668
2026-06-07,ลำพูน,ลี้,ลี้,7.729615384615385,27.776923076923076
2026-06-07,เชียงราย,ป่าแดด,ป่าแดด,4.908421052631579,28.322105263157894
2026-06-07,เชียงราย,เทิง,เวียง,1.0,26.619999999999997
2026-06-07,เชียงราย,เมือง,รอบเวียง,5.43625,26.97458333333333
2026-06-07,เชียงใหม่,ดอยเต่า,ดอยเต่า,4.1120833333333335,28.232916666666668
2026-06-07,เชียงใหม่,ฝาง,เวียง,7.400833333333334,25.950833333333335
2026-06-07,เชียงใหม่,สันกำแพง,สันกำแพง,4.663617021276596,28.28085106382979
2026-06-07,เชียงใหม่,อมก๋อย,อมก๋อย,1.722,24.797
2026-06-07,เชียงใหม่,ฮอด,หางดง,4.369,28.551
2026-06-07,เชียงใหม่,เชียงดาว,เชียงดาว,5.614166666666667,26.24416666666667
2026-06-07,เชียงใหม่,แม่วาง,บ้านกาด,5.5879166666666675,27.928749999999997
2026-06-07,เชียงใหม่,แม่แตง,สันมหาพน,7.1375,26.72
2026-06-07,แพร่,วังชิ้น,วังชิ้น,3.47125,28.644583333333333
2026-06-07,แพร่,เด่นชัย,เด่นชัย,3.6,28.300625
2026-06-07,แม่ฮ่องสอน,ขุนยวม,ขุนยวม,3.421875,24.267500000000002
2026-06-07,แม่ฮ่องสอน,ปาย,เวียงเหนือ,7.5375000000000005,25.58125
2026-06-07,แม่ฮ่องสอน,ปาย,เวียงใต้,6.282916666666666,24.798333333333332
2026-06-08,น่าน,เฉลิมพระเกียรติ,ห้วยโก๋น,2.5406,26.707200000000004
2026-06-08,พะเยา,จุน,ห้วยข้าวก่ำ,1.085,32.665
2026-06-08,ลำปาง,แม่เมาะ,แม่เมาะ,2.1108333333333333,28.800833333333333
2026-06-08,ลำพูน,ลี้,ลี้,6.5125,30.5
2026-06-08,เชียงราย,ป่าแดด,ป่าแดด,3.720952380952381,29.425238095238093
2026-06-08,เชียงราย,เทิง,เวียง,1.0,29.416666666666668
2026-06-08,เชียงราย,เมือง,รอบเวียง,7.321666666666666,28.967916666666667
2026-06-08,เชียงใหม่,ดอยเต่า,ดอยเต่า,4.730833333333334,28.107083333333335
2026-06-08,เชียงใหม่,ฝาง,เวียง,9.827916666666667,28.811666666666667
2026-06-08,เชียงใหม่,สันกำแพง,สันกำแพง,5.900752688172043,27.91505376344086
2026-06-08,เชียงใหม่,อมก๋อย,อมก๋อย,1.8107142857142857,23.56714285714286
2026-06-08,เชียงใหม่,ฮอด,หางดง,9.56875,27.75375
2026-06-08,เชียงใหม่,เชียงดาว,เชียงดาว,6.166458333333334,26.723333333333333
2026-06-08,เชียงใหม่,แม่วาง,บ้านกาด,3.6841666666666666,27.6975
2026-06-08,เชียงใหม่,แม่แตง,สันมหาพน,7.742083333333333,26.967083333333335
2026-06-08,แพร่,วังชิ้น,วังชิ้น,2.6704166666666667,29.569999999999997
2026-06-08,แพร่,เด่นชัย,เด่นชัย,3.964782608695652,29.46673913043478
2026-06-08,แม่ฮ่องสอน,ขุนยวม,ขุนยวม,1.5055555555555555,23.75888888888889
2026-06-08,แม่ฮ่องสอน,ปาย,เวียงเหนือ,9.128333333333332,26.144166666666667
2026-06-08,แม่ฮ่องสอน,ปาย,เวียงใต้,8.523541666666667,24.760416666666668
2026-06-09,น่าน,เฉลิมพระเกียรติ,ห้วยโก๋น,3.9443478260869567,27.908840579710144
2026-06-09,พะเยา,จุน,ห้วยข้าวก่ำ,1.33,31.326249999999998
2026-06-09,ลำปาง,แม่เมาะ,แม่เมาะ,2.3785714285714286,29.29190476190476
2026-06-09,ลำพูน,ลี้,ลี้,2.836153846153846,31.146153846153844
2026-06-09,เชียงราย,ป่าแดด,ป่าแดด,6.300454545454545,29.23136363636364
2026-06-09,เชียงราย,เทิง,เวียง,1.4085714285714286,30.122857142857146
2026-06-09,เชียงราย,เมือง,รอบเวียง,10.369166666666667,29.410833333333333
2026-06-09,เชียงใหม่,ดอยเต่า,ดอยเต่า,3.962727272727273,28.504545454545454
2026-06-09,เชียงใหม่,ฝาง,เวียง,16.58125,28.1825
2026-06-09,เชียงใหม่,สันกำแพง,สันกำแพง,6.9817073170731705,29.425853658536585
2026-06-09,เชียงใหม่,อมก๋อย,อมก๋อย,1.1257142857142857,21.849999999999998
2026-06-09,เชียงใหม่,ฮอด,หางดง,6.044482758620689,27.590344827586208
2026-06-09,เชียงใหม่,เชียงดาว,เชียงดาว,7.315416666666667,26.56125
2026-06-09,เชียงใหม่,แม่วาง,บ้านกาด,5.78125,28.08
2026-06-09,เชียงใหม่,แม่แตง,สันมหาพน,7.945833333333333,26.9325
2026-06-09,แพร่,วังชิ้น,วังชิ้น,2.0029166666666667,28.121666666666666
2026-06-09,แพร่,เด่นชัย,เด่นชัย,4.265333333333333,29.420222222222225
2026-06-09,แม่ฮ่องสอน,ขุนยวม,ขุนยวม,3.106666666666667,26.953333333333333
2026-06-09,แม่ฮ่องสอน,ปาย,เวียงเหนือ,11.180416666666666,26.04958333333333
2026-06-09,แม่ฮ่องสอน,ปาย,เวียงใต้,11.660425531914893,24.630425531914895
2026-06-10,น่าน,เฉลิมพระเกียรติ,ห้วยโก๋น,2.3806410256410255,27.689358974358974
2026-06-10,พะเยา,จุน,ห้วยข้าวก่ำ,1.045,31.802500000000002
2026-06-10,ลำปาง,แม่เมาะ,แม่เมาะ,1.985862068965517,28.933103448275862
2026-06-10,ลำพูน,ลี้,ลี้,6.092222222222222,24.844444444444445
2026-06-10,เชียงราย,ป่าแดด,ป่าแดด,2.9690000000000003,28.756999999999998
2026-06-10,เชียงราย,เมือง,รอบเวียง,7.613684210526316,29.90157894736842
2026-06-10,เชียงใหม่,ดอยเต่า,ดอยเต่า,1.6264705882352941,28.00235294117647
2026-06-10,เชียงใหม่,ฝาง,เวียง,9.7775,29.700416666666666
2026-06-10,เชียงใหม่,สันกำแพง,สันกำแพง,7.67958904109589,28.003698630136984
2026-06-10,เชียงใหม่,อมก๋อย,อมก๋อย,1.0,22.330000000000002
2026-06-10,เชียงใหม่,ฮอด,หางดง,3.955813953488372,27.279767441860464
2026-06-10,เชียงใหม่,เชียงดาว,เชียงดาว,3.834457831325301,25.772168674698797
2026-06-10,เชียงใหม่,แม่วาง,บ้านกาด,2.1579166666666665,27.077916666666667
2026-06-10,เชียงใหม่,แม่แตง,สันมหาพน,3.9716666666666662,25.781666666666666
2026-06-10,แพร่,วังชิ้น,วังชิ้น,1.7154166666666668,26.89125
2026-06-10,แพร่,เด่นชัย,เด่นชัย,3.808947368421053,26.881315789473685
2026-06-10,แม่ฮ่องสอน,ขุนยวม,ขุนยวม,1.57375,24.87375
2026-06-10,แม่ฮ่องสอน,ปาย,เวียงเหนือ,10.580434782608695,25.834782608695654
2026-06-10,แม่ฮ่องสอน,ปาย,เวียงใต้,9.283125,24.892916666666665
2026-06-11,น่าน,เฉลิมพระเกียรติ,ห้วยโก๋น,1.1953846153846153,25.646923076923073
2026-06-11,พะเยา,จุน,ห้วยข้าวก่ำ,1.0,24.83
2026-06-11,ลำปาง,แม่เมาะ,แม่เมาะ,1.5010000000000001,28.081000000000003
2026-06-11,ลำพูน,ลี้,ลี้,2.5949999999999998,30.1
2026-06-11,เชียงราย,ป่าแดด,ป่าแดด,2.2954999999999997,28.278
2026-06-11,เชียงราย,เทิง,เวียง,2.223333333333333,25.11
2026-06-11,เชียงราย,เมือง,รอบเวียง,4.9975,27.672916666666666
2026-06-11,เชียงใหม่,ดอยเต่า,ดอยเต่า,2.324,28.645333333333333
2026-06-11,เชียงใหม่,ฝาง,เวียง,8.755,27.628333333333334
2026-06-11,เชียงใหม่,สันกำแพง,สันกำแพง,7.2944,27.322666666666663
2026-06-11,เชียงใหม่,อมก๋อย,อมก๋อย,3.826666666666666,24.19222222222222
2026-06-11,เชียงใหม่,ฮอด,หางดง,4.604411764705882,27.699411764705882
2026-06-11,เชียงใหม่,เชียงดาว,เชียงดาว,1.8741935483870968,26.34048387096774
2026-06-11,เชียงใหม่,แม่วาง,บ้านกาด,1.3266666666666667,27.0625
2026-06-11,เชียงใหม่,แม่แตง,สันมหาพน,3.7066666666666666,26.607083333333335
2026-06-11,แพร่,วังชิ้น,วังชิ้น,2.1437500000000003,26.523333333333337
2026-06-11,แพร่,เด่นชัย,เด่นชัย,2.672222222222222,27.757777777777775
2026-06-11,แม่ฮ่องสอน,ขุนยวม,ขุนยวม,1.83,26.52
2026-06-11,แม่ฮ่องสอน,ปาย,เวียงเหนือ,8.625,25.979583333333334
2026-06-11,แม่ฮ่องสอน,ปาย,เวียงใต้,5.5129166666666665,24.415000000000003
2026-06-12,น่าน,เฉลิมพระเกียรติ,ห้วยโก๋น,7.152222222222223,27.077777777777776
2026-06-12,พะเยา,จุน,ห้วยข้าวก่ำ,1.31,32.825
2026-06-12,พะเยา,เชียงม่วน,เชียงม่วน,1.0,34.49
2026-06-12,ลำปาง,แม่เมาะ,แม่เมาะ,3.256896551724138,29.188275862068966
2026-06-12,ลำพูน,ลี้,ลี้,2.04,30.849999999999998
2026-06-12,เชียงราย,ป่าแดด,ป่าแดด,2.3663636363636367,28.259545454545457
2026-06-12,เชียงราย,เทิง,เวียง,1.0,29.509999999999998
2026-06-12,เชียงราย,เมือง,รอบเวียง,4.909583333333333,27.890416666666667
2026-06-12,เชียงใหม่,ดอยเต่า,ดอยเต่า,4.045384615384616,29.70846153846154
2026-06-12,เชียงใหม่,ฝาง,เวียง,7.004583333333334,26.415833333333335
2026-06-12,เชียงใหม่,สันกำแพง,สันกำแพง,5.171449275362319,27.95608695652174
2026-06-12,เชียงใหม่,อมก๋อย,อมก๋อย,1.0,24.94
2026-06-12,เชียงใหม่,ฮอด,หางดง,3.4436842105263152,27.57894736842105
2026-06-12,เชียงใหม่,เชียงดาว,เชียงดาว,1.6031944444444444,26.189583333333335
2026-06-12,เชียงใหม่,แม่วาง,บ้านกาด,1.3295833333333333,27.93166666666667
2026-06-12,เชียงใหม่,แม่แตง,สันมหาพน,3.5275,27.10166666666667
2026-06-12,แพร่,วังชิ้น,วังชิ้น,2.9470833333333335,26.721666666666668
2026-06-12,แพร่,เด่นชัย,เด่นชัย,3.8441666666666667,28.141458333333333
2026-06-12,แม่ฮ่องสอน,ขุนยวม,ขุนยวม,1.57,24.22
2026-06-12,แม่ฮ่องสอน,ปาย,เวียงเหนือ,7.320833333333333,26.209166666666665
2026-06-12,แม่ฮ่องสอน,ปาย,เวียงใต้,2.975531914893617,24.910425531914893
2026-06-13,น่าน,เฉลิมพระเกียรติ,ห้วยโก๋น,1.6495238095238096,26.63142857142857
2026-06-13,ลำปาง,แม่เมาะ,แม่เมาะ,1.3736363636363635,27.829090909090908
2026-06-13,ลำพูน,ลี้,ลี้,1.1275,29.025
2026-06-13,เชียงราย,ป่าแดด,ป่าแดด,2.6366666666666663,27.014
2026-06-13,เชียงราย,เมือง,รอบเวียง,4.090909090909091,26.88272727272727
2026-06-13,เชียงใหม่,ดอยเต่า,ดอยเต่า,10.928999999999998,30.006999999999998
2026-06-13,เชียงใหม่,ฝาง,เวียง,5.914583333333333,26.732083333333335
2026-06-13,เชียงใหม่,สันกำแพง,สันกำแพง,5.4637931034482765,28.949827586206894
2026-06-13,เชียงใหม่,อมก๋อย,อมก๋อย,1.0,29.11
2026-06-13,เชียงใหม่,ฮอด,หางดง,4.2853125,28.361250000000002
2026-06-13,เชียงใหม่,เชียงดาว,เชียงดาว,1.8735483870967742,25.931612903225805
2026-06-13,เชียงใหม่,แม่วาง,บ้านกาด,1.22625,27.555833333333336
2026-06-13,เชียงใหม่,แม่แตง,สันมหาพน,3.9645833333333336,26.91208333333333
2026-06-13,แพร่,วังชิ้น,วังชิ้น,1.2720833333333335,27.096666666666664
2026-06-13,แพร่,เด่นชัย,เด่นชัย,2.3742105263157893,27.493157894736843
2026-06-13,แม่ฮ่องสอน,ขุนยวม,ขุนยวม,1.75,25.828333333333333
2026-06-13,แม่ฮ่องสอน,ปาย,เวียงเหนือ,9.032083333333334,25.93958333333333
2026-06-13,แม่ฮ่องสอน,ปาย,เวียงใต้,3.3535416666666666,24.448333333333334
2026-06-14,น่าน,เฉลิมพระเกียรติ,ห้วยโก๋น,2.5279245283018867,26.900943396226417
2026-06-14,พะเยา,จุน,ห้วยข้าวก่ำ,1.08,32.63
2026-06-14,ลำปาง,แม่เมาะ,แม่เมาะ,1.4907692307692306,27.23846153846154
2026-06-14,ลำพูน,ลี้,ลี้,1.2025000000000001,31.525
2026-06-14,เชียงราย,ป่าแดด,ป่าแดด,2.2199999999999998,28.027333333333335
2026-06-14,เชียงราย,เมือง,รอบเวียง,2.2804166666666665,28.34875
2026-06-14,เชียงใหม่,ดอยเต่า,ดอยเต่า,5.200952380952381,28.601904761904763
2026-06-14,เชียงใหม่,ฝาง,เวียง,6.180952380952381,27.401428571428568
2026-06-14,เชียงใหม่,สันกำแพง,สันกำแพง,4.024736842105263,28.73438596491228
2026-06-14,เชียงใหม่,ฮอด,หางดง,4.245454545454546,28.008409090909087
2026-06-14,เชียงใหม่,เชียงดาว,เชียงดาว,2.0272222222222225,25.885
2026-06-14,เชียงใหม่,แม่วาง,บ้านกาด,1.7504166666666665,26.606666666666666
2026-06-14,เชียงใหม่,แม่แตง,สันมหาพน,4.185,26.569999999999997
2026-06-14,แพร่,วังชิ้น,วังชิ้น,1.385,28.08
2026-06-14,แพร่,เด่นชัย,เด่นชัย,1.5155555555555555,28.797222222222224
2026-06-14,แม่ฮ่องสอน,ขุนยวม,ขุนยวม,2.635,24.71
2026-06-14,แม่ฮ่องสอน,ปาย,เวียงเหนือ,7.335,27.217916666666667
2026-06-14,แม่ฮ่องสอน,ปาย,เวียงใต้,3.7852083333333333,25.56833333333333
2026-06-15,น่าน,เฉลิมพระเกียรติ,ห้วยโก๋น,1.778095238095238,27.126190476190477
2026-06-15,พะเยา,จุน,ห้วยข้าวก่ำ,2.15,32.32
2026-06-15,ลำปาง,แม่เมาะ,แม่เมาะ,1.9291666666666665,28.891666666666666
2026-06-15,ลำพูน,ลี้,ลี้,1.3725,30.5
2026-06-15,เชียงราย,ป่าแดด,ป่าแดด,1.708888888888889,28.695
2026-06-15,เชียงราย,เมือง,รอบเวียง,2.142,28.988999999999997
2026-06-15,เชียงใหม่,ดอยเต่า,ดอยเต่า,4.314210526315789,28.60157894736842
2026-06-15,เชียงใหม่,ฝาง,เวียง,6.624583333333334,27.22375
2026-06-15,เชียงใหม่,สันกำแพง,สันกำแพง,4.7843103448275865,29.267758620689655
2026-06-15,เชียงใหม่,ฮอด,หางดง,6.338974358974359,27.96871794871795
2026-06-15,เชียงใหม่,เชียงดาว,เชียงดาว,2.614659090909091,25.751250000000002
2026-06-15,เชียงใหม่,แม่วาง,บ้านกาด,1.4437499999999999,28.084166666666665
2026-06-15,เชียงใหม่,แม่แตง,สันมหาพน,4.4783333333333335,26.93541666666667
2026-06-15,แพร่,วังชิ้น,วังชิ้น,1.4719047619047618,28.120952380952378
2026-06-15,แพร่,เด่นชัย,เด่นชัย,1.2461538461538462,28.301923076923078
2026-06-15,แม่ฮ่องสอน,ขุนยวม,ขุนยวม,1.4,24.21
2026-06-15,แม่ฮ่องสอน,ปาย,เวียงเหนือ,7.395833333333333,25.572083333333335
2026-06-15,แม่ฮ่องสอน,ปาย,เวียงใต้,5.97375,24.72583333333333
2026-06-16,น่าน,เฉลิมพระเกียรติ,ห้วยโก๋น,1.803809523809524,26.701904761904764
2026-06-16,พะเยา,จุน,ห้วยข้าวก่ำ,1.59,32.6725
2026-06-16,ลำปาง,แม่เมาะ,แม่เมาะ,1.6179166666666667,30.030833333333334
2026-06-16,ลำพูน,ลี้,ลี้,3.2264285714285714,25.607142857142858
2026-06-16,เชียงราย,ป่าแดด,ป่าแดด,2.73375,29.276875
2026-06-16,เชียงราย,เทิง,เวียง,1.75,31.52
2026-06-16,เชียงราย,เมือง,รอบเวียง,6.173478260869565,28.95173913043478
2026-06-16,เชียงใหม่,ดอยเต่า,ดอยเต่า,5.305555555555555,28.74277777777778
2026-06-16,เชียงใหม่,ฝาง,เวียง,11.472916666666668,27.725416666666664
2026-06-16,เชียงใหม่,สันกำแพง,สันกำแพง,4.1656578947368414,29.631710526315793
2026-06-16,เชียงใหม่,ฮอด,หางดง,2.396808510638298,27.11659574468085
2026-06-16,เชียงใหม่,เชียงดาว,เชียงดาว,2.8841666666666668,26.164583333333336
2026-06-16,เชียงใหม่,แม่วาง,บ้านกาด,1.6154166666666667,27.81458333333333
2026-06-16,เชียงใหม่,แม่แตง,สันมหาพน,4.613043478260869,27.73478260869565
2026-06-16,แพร่,วังชิ้น,วังชิ้น,1.7977272727272726,28.992727272727276
2026-06-16,แพร่,เด่นชัย,เด่นชัย,4.22,25.721666666666668
2026-06-16,แม่ฮ่องสอน,ขุนยวม,ขุนยวม,2.255,24.8075
2026-06-16,แม่ฮ่องสอน,ปาย,เวียงเหนือ,8.31375,26.37
2026-06-16,แม่ฮ่องสอน,ปาย,เวียงใต้,3.262708333333333,24.992083333333337
2026-06-17,น่าน,เฉลิมพระเกียรติ,ห้วยโก๋น,1.4140625,29.42
2026-06-17,พะเยา,จุน,ห้วยข้าวก่ำ,2.3725,33.2825
2026-06-17,ลำปาง,แม่เมาะ,แม่เมาะ,1.5170833333333331,28.00916666666667
2026-06-17,ลำพูน,ลี้,ลี้,5.280454545454545,26.90909090909091
2026-06-17,เชียงราย,ป่าแดด,ป่าแดด,3.43,30.444615384615386
2026-06-17,เชียงราย,เมือง,รอบเวียง,1.9300000000000002,30.00294117647059
2026-06-17,เชียงใหม่,ดอยเต่า,ดอยเต่า,3.6290909090909094,27.89727272727273
2026-06-17,เชียงใหม่,ฝาง,เวียง,6.286666666666666,27.929583333333337
2026-06-17,เชียงใหม่,สันกำแพง,สันกำแพง,5.176282051282051,28.906538461538464
2026-06-17,เชียงใหม่,อมก๋อย,อมก๋อย,1.0,21.654000000000003
2026-06-17,เชียงใหม่,ฮอด,หางดง,3.1270731707317077,27.590487804878048
2026-06-17,เชียงใหม่,เชียงดาว,เชียงดาว,3.344725274725275,24.877142857142857
2026-06-17,เชียงใหม่,แม่วาง,บ้านกาด,3.2725000000000004,28.150000000000002
2026-06-17,เชียงใหม่,แม่แตง,สันมหาพน,4.15875,26.24291666666667
2026-06-17,แพร่,วังชิ้น,วังชิ้น,1.2904761904761906,29.33
2026-06-17,แพร่,เด่นชัย,เด่นชัย,2.239787234042553,27.909574468085108
2026-06-17,แม่ฮ่องสอน,ขุนยวม,ขุนยวม,1.42,22.9075
2026-06-17,แม่ฮ่องสอน,ปาย,เวียงเหนือ,6.582083333333333,25.59875
2026-06-17,แม่ฮ่องสอน,ปาย,เวียงใต้,3.395208333333333,24.45125
2026-06-18,น่าน,เฉลิมพระเกียรติ,ห้วยโก๋น,2.431515151515151,27.15878787878788
2026-06-18,พะเยา,จุน,ห้วยข้าวก่ำ,2.2600000000000002,33.11
2026-06-18,ลำปาง,แม่เมาะ,แม่เมาะ,2.306153846153846,30.003589743589746
2026-06-18,ลำพูน,ลี้,ลี้,4.7964864864864865,28.95405405405405
2026-06-18,เชียงราย,ป่าแดด,ป่าแดด,2.9333333333333336,29.354285714285712
2026-06-18,เชียงราย,เทิง,เวียง,1.25,30.15
2026-06-18,เชียงราย,เมือง,รอบเวียง,4.786190476190477,29.331428571428575
2026-06-18,เชียงใหม่,ดอยเต่า,ดอยเต่า,3.724615384615385,29.944615384615382
2026-06-18,เชียงใหม่,ฝาง,เวียง,7.858333333333333,27.953333333333333
2026-06-18,เชียงใหม่,สันกำแพง,สันกำแพง,5.81448275862069,28.274942528735632
2026-06-18,เชียงใหม่,อมก๋อย,อมก๋อย,1.2269999999999999,24.78
2026-06-18,เชียงใหม่,ฮอด,หางดง,3.2730769230769234,28.155384615384612
2026-06-18,เชียงใหม่,เชียงดาว,เชียงดาว,4.188409090909091,25.962272727272726
2026-06-18,เชียงใหม่,แม่วาง,บ้านกาด,3.0537500000000004,27.57166666666667
2026-06-18,เชียงใหม่,แม่แตง,สันมหาพน,5.667083333333333,26.659583333333334
2026-06-18,แพร่,วังชิ้น,วังชิ้น,2.40875,29.718333333333334
2026-06-18,แพร่,เด่นชัย,เด่นชัย,2.553125,28.9128125
2026-06-18,แม่ฮ่องสอน,ขุนยวม,ขุนยวม,5.8,26.42
2026-06-18,แม่ฮ่องสอน,ปาย,เวียงเหนือ,9.504583333333334,25.638333333333335
2026-06-18,แม่ฮ่องสอน,ปาย,เวียงใต้,6.269148936170212,24.388510638297873
2026-06-19,น่าน,เฉลิมพระเกียรติ,ห้วยโก๋น,3.1425,26.87519230769231
2026-06-19,พะเยา,จุน,ห้วยข้าวก่ำ,1.57625,31.48875
2026-06-19,ลำปาง,แม่เมาะ,แม่เมาะ,6.773255813953488,29.30488372093023
2026-06-19,ลำพูน,ลี้,ลี้,6.012173913043478,28.054347826086957
2026-06-19,เชียงราย,ป่าแดด,ป่าแดด,5.4645,29.3755
2026-06-19,เชียงราย,เทิง,เวียง,5.105,30.95
2026-06-19,เชียงราย,เมือง,รอบเวียง,3.965,28.598333333333333
2026-06-19,เชียงใหม่,ดอยเต่า,ดอยเต่า,2.3673333333333333,28.046666666666667
2026-06-19,เชียงใหม่,ฝาง,เวียง,10.660833333333334,27.111666666666665
2026-06-19,เชียงใหม่,สันกำแพง,สันกำแพง,4.68093023255814,29.197674418604652
2026-06-19,เชียงใหม่,อมก๋อย,อมก๋อย,1.1126666666666667,23.908666666666665
2026-06-19,เชียงใหม่,ฮอด,หางดง,3.736842105263158,28.126842105263155
2026-06-19,เชียงใหม่,เชียงดาว,เชียงดาว,4.575256410256411,25.885641025641025
2026-06-19,เชียงใหม่,แม่วาง,บ้านกาด,3.6458333333333335,27.656666666666666
2026-06-19,เชียงใหม่,แม่แตง,สันมหาพน,6.117916666666666,26.556250000000002
2026-06-19,แพร่,วังชิ้น,วังชิ้น,4.01,29.49083333333333
2026-06-19,แพร่,เด่นชัย,เด่นชัย,5.0920000000000005,31.6475
2026-06-19,แม่ฮ่องสอน,ขุนยวม,ขุนยวม,1.0907692307692307,25.36
2026-06-19,แม่ฮ่องสอน,ปาย,เวียงเหนือ,13.26375,26.2075
2026-06-19,แม่ฮ่องสอน,ปาย,เวียงใต้,13.02625,24.084166666666665
2026-06-20,น่าน,เฉลิมพระเกียรติ,ห้วยโก๋น,4.509468085106382,26.742340425531918
2026-06-20,พะเยา,จุน,ห้วยข้าวก่ำ,1.198235294117647,29.710588235294118
2026-06-20,ลำปาง,แม่เมาะ,แม่เมาะ,4.460833333333333,29.634583333333335
2026-06-20,ลำพูน,ลี้,ลี้,5.381333333333333,28.88888888888889
2026-06-20,เชียงราย,ป่าแดด,ป่าแดด,6.944375,31.18375
2026-06-20,เชียงราย,เทิง,เวียง,1.1833333333333333,28.689999999999998
2026-06-20,เชียงราย,เมือง,รอบเวียง,12.273043478260869,28.1504347826087
2026-06-20,เชียงใหม่,ดอยเต่า,ดอยเต่า,3.872608695652174,29.83695652173913
2026-06-20,เชียงใหม่,ฝาง,เวียง,13.067916666666667,28.650833333333335
2026-06-20,เชียงใหม่,สันกำแพง,สันกำแพง,7.565773195876289,29.47463917525773
2026-06-20,เชียงใหม่,อมก๋อย,อมก๋อย,1.4992307692307691,24.19
2026-06-20,เชียงใหม่,ฮอด,หางดง,4.001276595744681,29.076170212765955
2026-06-20,เชียงใหม่,เชียงดาว,เชียงดาว,5.976458333333333,27.227500000000003
2026-06-20,เชียงใหม่,แม่วาง,บ้านกาด,5.135416666666667,27.635833333333334
2026-06-20,เชียงใหม่,แม่แตง,สันมหาพน,6.372916666666666,27.045833333333334
2026-06-20,แพร่,วังชิ้น,วังชิ้น,5.149583333333333,29.991666666666664
2026-06-20,แพร่,เด่นชัย,เด่นชัย,5.3308333333333335,30.551458333333333
2026-06-20,แม่ฮ่องสอน,ขุนยวม,ขุนยวม,2.457142857142857,24.815
2026-06-20,แม่ฮ่องสอน,ปาย,เวียงเหนือ,10.234583333333333,26.734583333333333
2026-06-20,แม่ฮ่องสอน,ปาย,เวียงใต้,18.322916666666668,24.722083333333334
2026-06-21,น่าน,เฉลิมพระเกียรติ,ห้วยโก๋น,2.383731343283582,25.796865671641793
2026-06-21,พะเยา,จุน,ห้วยข้าวก่ำ,1.725,31.7725
2026-06-21,ลำปาง,แม่เมาะ,แม่เมาะ,2.246923076923077,28.741794871794873
2026-06-21,ลำพูน,ลี้,ลี้,5.02595744680851,28.570212765957447
2026-06-21,เชียงราย,ป่าแดด,ป่าแดด,3.4964285714285714,30.506428571428568
2026-06-21,เชียงราย,เทิง,เวียง,3.77,28.502499999999998
2026-06-21,เชียงราย,เมือง,รอบเวียง,4.474782608695652,28.92130434782609
2026-06-21,เชียงใหม่,ดอยเต่า,ดอยเต่า,3.3271428571428574,29.762857142857143
2026-06-21,เชียงใหม่,ฝาง,เวียง,9.543333333333333,27.76291666666667
2026-06-21,เชียงใหม่,สันกำแพง,สันกำแพง,4.260568181818182,28.219886363636363
2026-06-21,เชียงใหม่,อมก๋อย,อมก๋อย,1.5699999999999998,23.676
2026-06-21,เชียงใหม่,ฮอด,หางดง,2.0095,29.52475
2026-06-21,เชียงใหม่,เชียงดาว,เชียงดาว,3.1015625,26.41
2026-06-21,เชียงใหม่,แม่วาง,บ้านกาด,3.1333333333333333,28.13291666666667
2026-06-21,เชียงใหม่,แม่แตง,สันมหาพน,3.0985714285714283,26.213809523809523
2026-06-21,แพร่,วังชิ้น,วังชิ้น,3.6341666666666668,29.64333333333333
2026-06-21,แพร่,เด่นชัย,เด่นชัย,3.8800000000000003,30.286666666666665
2026-06-21,แม่ฮ่องสอน,ขุนยวม,ขุนยวม,1.5,24.0
2026-06-21,แม่ฮ่องสอน,ปาย,เวียงเหนือ,13.477916666666667,26.79125
2026-06-21,แม่ฮ่องสอน,ปาย,เวียงใต้,4.523333333333333,25.13083333333333
2026-06-22,น่าน,เฉลิมพระเกียรติ,ห้วยโก๋น,1.720952380952381,25.917380952380952
2026-06-22,พะเยา,จุน,ห้วยข้าวก่ำ,1.9485714285714286,33.63857142857143
2026-06-22,ลำปาง,แม่เมาะ,แม่เมาะ,5.441142857142857,29.747428571428575
2026-06-22,ลำพูน,ลี้,ลี้,9.875,27.213157894736838
2026-06-22,เชียงราย,ป่าแดด,ป่าแดด,3.45625,29.5775
2026-06-22,เชียงราย,เมือง,รอบเวียง,5.177391304347826,29.13782608695652
2026-06-22,เชียงใหม่,ดอยเต่า,ดอยเต่า,7.707894736842104,28.668947368421055
2026-06-22,เชียงใหม่,ฝาง,เวียง,8.232083333333334,29.00583333333333
2026-06-22,เชียงใหม่,สันกำแพง,สันกำแพง,8.043684210526315,28.52305263157895
2026-06-22,เชียงใหม่,อมก๋อย,อมก๋อย,2.221764705882353,24.415294117647058
2026-06-22,เชียงใหม่,ฮอด,หางดง,3.4027906976744187,28.333023255813952
2026-06-22,เชียงใหม่,เชียงดาว,เชียงดาว,5.804583333333333,26.864583333333332
2026-06-22,เชียงใหม่,แม่วาง,บ้านกาด,2.4520833333333334,27.918333333333333
2026-06-22,เชียงใหม่,แม่แตง,สันมหาพน,6.78625,26.811666666666667
2026-06-22,แพร่,วังชิ้น,วังชิ้น,5.61375,28.867916666666662
2026-06-22,แพร่,เด่นชัย,เด่นชัย,4.294,29.052249999999997
2026-06-22,แม่ฮ่องสอน,ขุนยวม,ขุนยวม,2.53,25.865000000000002
2026-06-22,แม่ฮ่องสอน,ปาย,เวียงเหนือ,12.561666666666667,26.777916666666666
2026-06-22,แม่ฮ่องสอน,ปาย,เวียงใต้,8.34804347826087,25.05413043478261
2026-06-23,น่าน,เฉลิมพระเกียรติ,ห้วยโก๋น,3.526046511627907,26.517325581395347
2026-06-23,พะเยา,จุน,ห้วยข้าวก่ำ,1.0533333333333335,27.483333333333334
2026-06-23,ลำปาง,แม่เมาะ,แม่เมาะ,4.562978723404256,29.513404255319145
2026-06-23,ลำพูน,ลี้,ลี้,6.897857142857142,27.571428571428573
2026-06-23,เชียงราย,ป่าแดด,ป่าแดด,6.997647058823529,29.05
2026-06-23,เชียงราย,เทิง,เวียง,1.1245454545454547,28.236363636363638
2026-06-23,เชียงราย,เมือง,รอบเวียง,9.722083333333332,28.950833333333335
2026-06-23,เชียงใหม่,ดอยเต่า,ดอยเต่า,10.13782608695652,28.262173913043476
2026-06-23,เชียงใหม่,ฝาง,เวียง,13.7525,28.56041666666667
2026-06-23,เชียงใหม่,สันกำแพง,สันกำแพง,7.672000000000001,28.76147368421053
2026-06-23,เชียงใหม่,อมก๋อย,อมก๋อย,1.6223529411764706,22.28470588235294
2026-06-23,เชียงใหม่,ฮอด,หางดง,4.158541666666667,27.993333333333336
2026-06-23,เชียงใหม่,เชียงดาว,เชียงดาว,9.232916666666666,25.887083333333333
2026-06-23,เชียงใหม่,แม่วาง,บ้านกาด,8.910833333333334,27.686666666666667
2026-06-23,เชียงใหม่,แม่แตง,สันมหาพน,10.079166666666667,27.0825
2026-06-23,แพร่,วังชิ้น,วังชิ้น,5.4975,29.54041666666667
2026-06-23,แพร่,เด่นชัย,เด่นชัย,5.18063829787234,29.654893617021276
2026-06-23,แม่ฮ่องสอน,ขุนยวม,ขุนยวม,1.76875,24.825625
2026-06-23,แม่ฮ่องสอน,ปาย,เวียงเหนือ,11.08875,26.65041666666667
2026-06-23,แม่ฮ่องสอน,ปาย,เวียงใต้,8.871666666666666,25.65833333333333
2026-06-24,น่าน,เฉลิมพระเกียรติ,ห้วยโก๋น,3.7369047619047615,27.106547619047618
2026-06-24,พะเยา,จุน,ห้วยข้าวก่ำ,1.269,32.569
2026-06-24,ลำปาง,แม่เมาะ,แม่เมาะ,4.203333333333333,29.579285714285714
2026-06-24,ลำพูน,ลี้,ลี้,5.180217391304348,27.27391304347826
2026-06-24,เชียงราย,ป่าแดด,ป่าแดด,5.42235294117647,30.937647058823533
2026-06-24,เชียงราย,เทิง,เวียง,1.03125,31.16625
2026-06-24,เชียงราย,เมือง,รอบเวียง,10.14125,29.574166666666667
2026-06-24,เชียงใหม่,ดอยเต่า,ดอยเต่า,4.795833333333333,27.31625
2026-06-24,เชียงใหม่,ฝาง,เวียง,13.738333333333335,28.29041666666667
2026-06-24,เชียงใหม่,สันกำแพง,สันกำแพง,8.165094339622641,28.609150943396227
2026-06-24,เชียงใหม่,อมก๋อย,อมก๋อย,1.3733333333333333,24.166666666666668
2026-06-24,เชียงใหม่,ฮอด,หางดง,4.609583333333333,27.18625
2026-06-24,เชียงใหม่,เชียงดาว,เชียงดาว,6.291250000000001,26.992500000000003
2026-06-24,เชียงใหม่,แม่วาง,บ้านกาด,5.353750000000001,27.77416666666667
2026-06-24,เชียงใหม่,แม่แตง,สันมหาพน,7.7495652173913046,27.54086956521739
2026-06-24,แพร่,วังชิ้น,วังชิ้น,3.6999999999999997,29.270416666666666
2026-06-24,แพร่,เด่นชัย,เด่นชัย,3.3504255319148935,29.849361702127663
2026-06-24,แม่ฮ่องสอน,ขุนยวม,ขุนยวม,2.8833333333333333,25.607333333333333
2026-06-24,แม่ฮ่องสอน,ปาย,เวียงเหนือ,15.745833333333335,26.883333333333336
2026-06-24,แม่ฮ่องสอน,ปาย,เวียงใต้,8.839791666666667,25.003333333333334
2026-06-25,น่าน,เฉลิมพระเกียรติ,ห้วยโก๋น,3.414246575342466,26.876712328767123
2026-06-25,พะเยา,จุน,ห้วยข้าวก่ำ,1.114,31.546
2026-06-25,ลำปาง,แม่เมาะ,แม่เมาะ,2.8685365853658538,29.989268292682926
2026-06-25,ลำพูน,ลี้,ลี้,4.437555555555556,27.59777777777778
2026-06-25,เชียงราย,ป่าแดด,ป่าแดด,8.414545454545454,30.511363636363637
2026-06-25,เชียงราย,เทิง,เวียง,1.29,32.325
2026-06-25,เชียงราย,เมือง,รอบเวียง,8.464166666666666,30.285416666666666
2026-06-25,เชียงใหม่,ดอยเต่า,ดอยเต่า,3.9815789473684213,28.48894736842105
2026-06-25,เชียงใหม่,ฝาง,เวียง,13.021666666666667,29.04041666666667
2026-06-25,เชียงใหม่,สันกำแพง,สันกำแพง,6.1782716049382715,30.01049382716049
2026-06-25,เชียงใหม่,อมก๋อย,อมก๋อย,1.49,23.49
2026-06-25,เชียงใหม่,ฮอด,หางดง,3.0964102564102567,27.812307692307694
2026-06-25,เชียงใหม่,เชียงดาว,เชียงดาว,7.977558139534884,26.55918604651163
2026-06-25,เชียงใหม่,แม่วาง,บ้านกาด,3.247083333333333,28.508750000000003
2026-06-25,เชียงใหม่,แม่แตง,สันมหาพน,8.972916666666666,27.590833333333332
2026-06-25,แพร่,วังชิ้น,วังชิ้น,3.391818181818182,29.49681818181818
2026-06-25,แพร่,เด่นชัย,เด่นชัย,2.3345833333333332,30.33520833333333
2026-06-25,แม่ฮ่องสอน,ขุนยวม,ขุนยวม,1.670909090909091,26.312727272727273
2026-06-25,แม่ฮ่องสอน,ปาย,เวียงเหนือ,14.074166666666665,26.757916666666663
2026-06-25,แม่ฮ่องสอน,ปาย,เวียงใต้,10.218124999999999,24.977500000000003
2026-06-26,น่าน,เฉลิมพระเกียรติ,ห้วยโก๋น,4.772676056338028,25.984084507042255
2026-06-26,พะเยา,จุน,ห้วยข้าวก่ำ,1.4949999999999999,31.573333333333334
2026-06-26,ลำปาง,แม่เมาะ,แม่เมาะ,4.134137931034482,30.00896551724138
2026-06-26,ลำพูน,ลี้,ลี้,6.830555555555556,27.63611111111111
2026-06-26,เชียงราย,ป่าแดด,ป่าแดด,4.203,29.720499999999998
2026-06-26,เชียงราย,เทิง,เวียง,2.455,25.725
2026-06-26,เชียงราย,เมือง,รอบเวียง,7.765,29.767083333333332
2026-06-26,เชียงใหม่,ดอยเต่า,ดอยเต่า,2.7944444444444443,28.145555555555557
2026-06-26,เชียงใหม่,ฝาง,เวียง,12.07875,28.60375
2026-06-26,เชียงใหม่,สันกำแพง,สันกำแพง,6.667411764705882,29.361529411764707
2026-06-26,เชียงใหม่,อมก๋อย,อมก๋อย,2.177857142857143,25.62357142857143
2026-06-26,เชียงใหม่,ฮอด,หางดง,4.139047619047619,28.24547619047619
2026-06-26,เชียงใหม่,เชียงดาว,เชียงดาว,6.910333333333333,26.637333333333334
2026-06-26,เชียงใหม่,แม่วาง,บ้านกาด,2.3920833333333333,27.965833333333332
2026-06-26,เชียงใหม่,แม่แตง,สันมหาพน,6.977916666666666,27.330833333333334
2026-06-26,แพร่,วังชิ้น,วังชิ้น,2.6045000000000003,29.7695
2026-06-26,แพร่,เด่นชัย,เด่นชัย,3.35063829787234,29.619787234042555
2026-06-26,แม่ฮ่องสอน,ขุนยวม,ขุนยวม,2.651818181818182,25.326363636363634
2026-06-26,แม่ฮ่องสอน,ปาย,เวียงเหนือ,14.03875,27.100416666666664
2026-06-26,แม่ฮ่องสอน,ปาย,เวียงใต้,10.374791666666667,25.270416666666666
2026-06-27,น่าน,เฉลิมพระเกียรติ,ห้วยโก๋น,7.973734939759037,27.181445783132528
2026-06-27,พะเยา,จุน,ห้วยข้าวก่ำ,1.2246666666666668,29.87
2026-06-27,ลำปาง,แม่เมาะ,แม่เมาะ,4.408541666666667,30.042916666666667
2026-06-27,ลำพูน,ลี้,ลี้,7.263125,28.054166666666664
2026-06-27,เชียงราย,ป่าแดด,ป่าแดด,8.4845,30.534499999999998
2026-06-27,เชียงราย,เทิง,เวียง,1.0990909090909091,29.572727272727274
2026-06-27,เชียงราย,เมือง,รอบเวียง,14.404166666666667,29.7
2026-06-27,เชียงใหม่,ฝาง,เวียง,19.717916666666667,29.255416666666665
2026-06-27,เชียงใหม่,สันกำแพง,สันกำแพง,11.216701030927835,29.566494845360822
2026-06-27,เชียงใหม่,อมก๋อย,อมก๋อย,1.556875,24.838125
2026-06-27,เชียงใหม่,ฮอด,หางดง,3.1755555555555555,29.54888888888889
2026-06-27,เชียงใหม่,เชียงดาว,เชียงดาว,10.812111111111111,27.793777777777777
2026-06-27,เชียงใหม่,แม่วาง,บ้านกาด,4.4991666666666665,28.736666666666665
2026-06-27,เชียงใหม่,แม่แตง,สันมหาพน,8.979166666666666,28.254166666666666
2026-06-27,แพร่,วังชิ้น,วังชิ้น,4.715833333333333,30.205
2026-06-27,แพร่,เด่นชัย,เด่นชัย,5.515319148936171,30.36978723404255
2026-06-27,แม่ฮ่องสอน,ขุนยวม,ขุนยวม,1.5722222222222222,26.03944444444444
2026-06-27,แม่ฮ่องสอน,ปาย,เวียงเหนือ,17.213333333333335,27.704583333333332
2026-06-27,แม่ฮ่องสอน,ปาย,เวียงใต้,15.632954545454545,26.124772727272727
2026-06-28,น่าน,เฉลิมพระเกียรติ,ห้วยโก๋น,5.558736842105263,27.507052631578947
2026-06-28,พะเยา,จุน,ห้วยข้าวก่ำ,1.0,28.093333333333334
2026-06-28,ลำปาง,แม่เมาะ,แม่เมาะ,2.7452380952380953,30.512857142857143
2026-06-28,ลำพูน,ลี้,ลี้,5.24953488372093,29.0953488372093
2026-06-28,เชียงราย,ป่าแดด,ป่าแดด,7.588947368421053,29.867894736842107
2026-06-28,เชียงราย,เทิง,เวียง,1.0483333333333333,26.28833333333333
2026-06-28,เชียงราย,เมือง,รอบเวียง,15.496250000000002,29.24875
2026-06-28,เชียงใหม่,ฝาง,เวียง,19.139583333333334,29.883750000000003
2026-06-28,เชียงใหม่,สันกำแพง,สันกำแพง,6.757777777777778,29.35322222222222
2026-06-28,เชียงใหม่,อมก๋อย,อมก๋อย,1.1327272727272728,26.317272727272726
2026-06-28,เชียงใหม่,ฮอด,หางดง,2.060425531914894,30.162765957446812
2026-06-28,เชียงใหม่,เชียงดาว,เชียงดาว,7.889893617021277,28.481914893617024
2026-06-28,เชียงใหม่,แม่วาง,บ้านกาด,2.719583333333333,29.697083333333335
2026-06-28,เชียงใหม่,แม่แตง,สันมหาพน,9.331666666666667,27.620833333333334
2026-06-28,แพร่,วังชิ้น,วังชิ้น,3.5345833333333334,30.823333333333334
2026-06-28,แพร่,เด่นชัย,เด่นชัย,3.673191489361702,30.353617021276595
2026-06-28,แม่ฮ่องสอน,ขุนยวม,ขุนยวม,1.0313333333333334,26.44333333333333
2026-06-28,แม่ฮ่องสอน,ปาย,เวียงเหนือ,12.587083333333334,28.530416666666667
2026-06-28,แม่ฮ่องสอน,ปาย,เวียงใต้,6.977083333333333,26.771666666666665
2026-06-29,น่าน,เฉลิมพระเกียรติ,ห้วยโก๋น,5.32436170212766,26.49872340425532
2026-06-29,พะเยา,จุน,ห้วยข้าวก่ำ,1.0,27.63
2026-06-29,ลำปาง,แม่เมาะ,แม่เมาะ,1.7566666666666668,29.668461538461536
2026-06-29,ลำพูน,ลี้,ลี้,3.3190697674418606,29.05348837209302
2026-06-29,เชียงราย,ป่าแดด,ป่าแดด,6.232222222222222,30.579444444444448
2026-06-29,เชียงราย,เทิง,เวียง,1.3966666666666665,30.27333333333333
2026-06-29,เชียงราย,เมือง,รอบเวียง,9.263333333333334,29.801666666666666
2026-06-29,เชียงใหม่,ฝาง,เวียง,12.872916666666667,30.31375
2026-06-29,เชียงใหม่,สันกำแพง,สันกำแพง,5.394074074074075,28.64654320987654
2026-06-29,เชียงใหม่,อมก๋อย,อมก๋อย,1.0379999999999998,26.046
2026-06-29,เชียงใหม่,ฮอด,หางดง,3.970666666666667,29.474666666666668
2026-06-29,เชียงใหม่,เชียงดาว,เชียงดาว,6.39375,28.74291666666667
2026-06-29,เชียงใหม่,แม่วาง,บ้านกาด,4.6033333333333335,30.022916666666664
2026-06-29,เชียงใหม่,แม่แตง,สันมหาพน,7.410833333333334,28.09583333333333
2026-06-29,แพร่,วังชิ้น,วังชิ้น,3.0433333333333334,30.64916666666667
2026-06-29,แพร่,เด่นชัย,เด่นชัย,3.1875,29.823958333333334
2026-06-29,แม่ฮ่องสอน,ขุนยวม,ขุนยวม,1.1925000000000001,27.92833333333333
2026-06-29,แม่ฮ่องสอน,ปาย,เวียงเหนือ,14.840000000000002,28.49625
2026-06-29,แม่ฮ่องสอน,ปาย,เวียงใต้,9.7175,26.43958333333333
2026-06-30,น่าน,เฉลิมพระเกียรติ,ห้วยโก๋น,3.653913043478261,24.383043478260866
2026-06-30,ลำปาง,แม่เมาะ,แม่เมาะ,1.9881481481481482,27.762962962962963
2026-06-30,ลำพูน,ลี้,ลี้,4.835999999999999,27.46
2026-06-30,เชียงราย,ป่าแดด,ป่าแดด,4.003888888888889,26.401111111111113
2026-06-30,เชียงราย,เมือง,รอบเวียง,4.678260869565218,26.85782608695652
2026-06-30,เชียงใหม่,ฝาง,เวียง,15.319583333333334,27.653750000000002
2026-06-30,เชียงใหม่,สันกำแพง,สันกำแพง,6.324390243902439,27.373170731707315
2026-06-30,เชียงใหม่,อมก๋อย,อมก๋อย,1.9500000000000002,24.2125
2026-06-30,เชียงใหม่,ฮอด,หางดง,3.7668421052631573,28.02894736842105
2026-06-30,เชียงใหม่,เชียงดาว,เชียงดาว,8.096041666666666,27.487916666666667
2026-06-30,เชียงใหม่,แม่วาง,บ้านกาด,5.21,28.075
2026-06-30,เชียงใหม่,แม่แตง,สันมหาพน,9.545,27.380416666666665
2026-06-30,แพร่,วังชิ้น,วังชิ้น,3.58,28.29
2026-06-30,แพร่,เด่นชัย,เด่นชัย,3.42375,27.85354166666667
2026-06-30,แม่ฮ่องสอน,ขุนยวม,ขุนยวม,2.216666666666667,24.939999999999998
2026-06-30,แม่ฮ่องสอน,ปาย,เวียงเหนือ,12.13,27.162499999999998
2026-06-30,แม่ฮ่องสอน,ปาย,เวียงใต้,8.949729729729729,25.57135135135135
