datetime,date,hour,province,amphoe,tambon,pm25_avg,pm25_max,temperature_avg,temperature_max,humidity_avg,heat_index,source_station_id,lat,lon
2026-05-01 00:00:00,2026-05-01,0,Chiang Mai,Mueang Chiang Mai,Suthep,32.95,49.14,31.02,32.49,61.13,31.41,CMU_ST_001,18.7961,98.9525
2026-05-01 01:00:00,2026-05-01,1,Chiang Mai,Mueang Chiang Mai,Suthep,32.42,41.15,30.98,32.69,68.66,31.63,CMU_ST_001,18.7961,98.9525
2026-05-01 02:00:00,2026-05-01,2,Chiang Mai,Mueang Chiang Mai,Suthep,48.42,56.64,29.54,30.08,63.57,30.02,CMU_ST_001,18.7961,98.9525
2026-05-01 03:00:00,2026-05-01,3,Chiang Mai,Mueang Chiang Mai,Suthep,50.52,61.99,29.61,30.95,63.89,30.1,CMU_ST_001,18.7961,98.9525
2026-05-01 04:00:00,2026-05-01,4,Chiang Mai,Mueang Chiang Mai,Suthep,67.27,80.59,29.73,31.15,70.69,30.46,CMU_ST_001,18.7961,98.9525
2026-05-01 05:00:00,2026-05-01,5,Chiang Mai,Mueang Chiang Mai,Suthep,75.17,93.72,28.72,30.49,66.56,29.29,CMU_ST_001,18.7961,98.9525
2026-05-01 06:00:00,2026-05-01,6,Chiang Mai,Mueang Chiang Mai,Suthep,81.76,103.29,29.44,30.23,69.45,30.13,CMU_ST_001,18.7961,98.9525
2026-05-01 07:00:00,2026-05-01,7,Chiang Mai,Mueang Chiang Mai,Suthep,100.45,109.88,30.26,31.61,68.28,30.9,CMU_ST_001,18.7961,98.9525
2026-05-01 08:00:00,2026-05-01,8,Chiang Mai,Mueang Chiang Mai,Suthep,108.69,133.4,31.7,33.1,67.37,32.31,CMU_ST_001,18.7961,98.9525
2026-05-01 09:00:00,2026-05-01,9,Chiang Mai,Mueang Chiang Mai,Suthep,95.52,110.49,33.06,34.75,61.07,33.45,CMU_ST_001,18.7961,98.9525
2026-05-01 10:00:00,2026-05-01,10,Chiang Mai,Mueang Chiang Mai,Suthep,88.04,108.26,32.94,33.87,59.04,33.25,CMU_ST_001,18.7961,98.9525
2026-05-01 11:00:00,2026-05-01,11,Chiang Mai,Mueang Chiang Mai,Suthep,82.81,98.4,35.43,36.03,58.2,35.71,CMU_ST_001,18.7961,98.9525
2026-05-01 12:00:00,2026-05-01,12,Chiang Mai,Mueang Chiang Mai,Suthep,76.47,101.15,35.14,35.62,50.93,35.17,CMU_ST_001,18.7961,98.9525
2026-05-01 13:00:00,2026-05-01,13,Chiang Mai,Mueang Chiang Mai,Suthep,64.94,74.53,35.85,37.16,58.56,36.15,CMU_ST_001,18.7961,98.9525
2026-05-01 14:00:00,2026-05-01,14,Chiang Mai,Mueang Chiang Mai,Suthep,59.66,72.51,36.95,38.2,55.1,37.13,CMU_ST_001,18.7961,98.9525
2026-05-01 15:00:00,2026-05-01,15,Chiang Mai,Mueang Chiang Mai,Suthep,44.13,63.83,36.65,37.97,49.61,36.65,CMU_ST_001,18.7961,98.9525
2026-05-01 16:00:00,2026-05-01,16,Chiang Mai,Mueang Chiang Mai,Suthep,40.13,55.84,37.1,37.99,55.76,37.3,CMU_ST_001,18.7961,98.9525
2026-05-01 17:00:00,2026-05-01,17,Chiang Mai,Mueang Chiang Mai,Suthep,48.58,62.62,36.57,37.6,48.47,36.57,CMU_ST_001,18.7961,98.9525
2026-05-01 18:00:00,2026-05-01,18,Chiang Mai,Mueang Chiang Mai,Suthep,45.2,58.76,35.91,37.46,55.87,36.11,CMU_ST_001,18.7961,98.9525
2026-05-01 19:00:00,2026-05-01,19,Chiang Mai,Mueang Chiang Mai,Suthep,38.75,59.69,35.3,36.78,60.21,35.65,CMU_ST_001,18.7961,98.9525
2026-05-01 20:00:00,2026-05-01,20,Chiang Mai,Mueang Chiang Mai,Suthep,32.22,44.38,34.55,35.02,59.43,34.88,CMU_ST_001,18.7961,98.9525
2026-05-01 21:00:00,2026-05-01,21,Chiang Mai,Mueang Chiang Mai,Suthep,38.59,57.86,33.24,34.06,55.73,33.44,CMU_ST_001,18.7961,98.9525
2026-05-01 22:00:00,2026-05-01,22,Chiang Mai,Mueang Chiang Mai,Suthep,31.39,54.75,32.49,33.81,59.5,32.82,CMU_ST_001,18.7961,98.9525
2026-05-01 23:00:00,2026-05-01,23,Chiang Mai,Mueang Chiang Mai,Suthep,40.56,46.73,31.89,33.19,60.81,32.27,CMU_ST_001,18.7961,98.9525
2026-05-02 00:00:00,2026-05-02,0,Chiang Mai,Mueang Chiang Mai,Suthep,42.52,54.27,31.95,32.56,61.8,32.36,CMU_ST_001,18.7961,98.9525
2026-05-02 01:00:00,2026-05-02,1,Chiang Mai,Mueang Chiang Mai,Suthep,32.0,52.6,30.57,31.05,65.27,31.1,CMU_ST_001,18.7961,98.9525
2026-05-02 02:00:00,2026-05-02,2,Chiang Mai,Mueang Chiang Mai,Suthep,50.02,68.38,29.77,31.43,65.29,30.31,CMU_ST_001,18.7961,98.9525
2026-05-02 03:00:00,2026-05-02,3,Chiang Mai,Mueang Chiang Mai,Suthep,52.69,60.79,29.47,30.26,66.79,30.05,CMU_ST_001,18.7961,98.9525
2026-05-02 04:00:00,2026-05-02,4,Chiang Mai,Mueang Chiang Mai,Suthep,64.32,85.29,29.93,30.8,63.17,30.39,CMU_ST_001,18.7961,98.9525
2026-05-02 05:00:00,2026-05-02,5,Chiang Mai,Mueang Chiang Mai,Suthep,71.14,92.04,28.73,30.44,66.71,29.31,CMU_ST_001,18.7961,98.9525
2026-05-02 06:00:00,2026-05-02,6,Chiang Mai,Mueang Chiang Mai,Suthep,86.35,99.59,29.18,30.31,68.54,29.83,CMU_ST_001,18.7961,98.9525
2026-05-02 07:00:00,2026-05-02,7,Chiang Mai,Mueang Chiang Mai,Suthep,100.23,125.12,30.6,32.28,64.46,31.11,CMU_ST_001,18.7961,98.9525
2026-05-02 08:00:00,2026-05-02,8,Chiang Mai,Mueang Chiang Mai,Suthep,103.94,116.19,31.75,33.5,57.62,32.02,CMU_ST_001,18.7961,98.9525
2026-05-02 09:00:00,2026-05-02,9,Chiang Mai,Mueang Chiang Mai,Suthep,105.87,124.71,32.02,33.1,60.09,32.37,CMU_ST_001,18.7961,98.9525
2026-05-02 10:00:00,2026-05-02,10,Chiang Mai,Mueang Chiang Mai,Suthep,93.38,104.69,33.45,34.83,63.51,33.93,CMU_ST_001,18.7961,98.9525
2026-05-02 11:00:00,2026-05-02,11,Chiang Mai,Mueang Chiang Mai,Suthep,75.23,82.17,34.07,35.13,57.64,34.34,CMU_ST_001,18.7961,98.9525
2026-05-02 12:00:00,2026-05-02,12,Chiang Mai,Mueang Chiang Mai,Suthep,63.07,73.55,35.05,36.1,53.53,35.17,CMU_ST_001,18.7961,98.9525
2026-05-02 13:00:00,2026-05-02,13,Chiang Mai,Mueang Chiang Mai,Suthep,65.42,77.49,36.58,38.07,57.01,36.82,CMU_ST_001,18.7961,98.9525
2026-05-02 14:00:00,2026-05-02,14,Chiang Mai,Mueang Chiang Mai,Suthep,60.49,78.57,36.49,37.01,56.44,36.72,CMU_ST_001,18.7961,98.9525
2026-05-02 15:00:00,2026-05-02,15,Chiang Mai,Mueang Chiang Mai,Suthep,53.51,67.75,36.57,37.93,56.8,36.8,CMU_ST_001,18.7961,98.9525
2026-05-02 16:00:00,2026-05-02,16,Chiang Mai,Mueang Chiang Mai,Suthep,51.68,71.91,37.27,38.86,49.93,37.27,CMU_ST_001,18.7961,98.9525
2026-05-02 17:00:00,2026-05-02,17,Chiang Mai,Mueang Chiang Mai,Suthep,49.36,64.19,36.29,36.79,51.52,36.34,CMU_ST_001,18.7961,98.9525
2026-05-02 18:00:00,2026-05-02,18,Chiang Mai,Mueang Chiang Mai,Suthep,39.07,49.18,35.42,36.27,60.08,35.78,CMU_ST_001,18.7961,98.9525
2026-05-02 19:00:00,2026-05-02,19,Chiang Mai,Mueang Chiang Mai,Suthep,41.45,50.02,34.85,35.29,53.1,34.96,CMU_ST_001,18.7961,98.9525
2026-05-02 20:00:00,2026-05-02,20,Chiang Mai,Mueang Chiang Mai,Suthep,44.15,55.95,34.32,35.5,59.44,34.65,CMU_ST_001,18.7961,98.9525
2026-05-02 21:00:00,2026-05-02,21,Chiang Mai,Mueang Chiang Mai,Suthep,41.77,57.59,33.99,35.7,60.65,34.37,CMU_ST_001,18.7961,98.9525
2026-05-02 22:00:00,2026-05-02,22,Chiang Mai,Mueang Chiang Mai,Suthep,37.86,57.81,33.04,34.33,63.08,33.49,CMU_ST_001,18.7961,98.9525
2026-05-02 23:00:00,2026-05-02,23,Chiang Mai,Mueang Chiang Mai,Suthep,30.17,43.16,32.39,33.63,63.75,32.87,CMU_ST_001,18.7961,98.9525
2026-05-03 00:00:00,2026-05-03,0,Chiang Mai,Mueang Chiang Mai,Suthep,44.9,50.67,32.03,33.6,57.08,32.28,CMU_ST_001,18.7961,98.9525
2026-05-03 01:00:00,2026-05-03,1,Chiang Mai,Mueang Chiang Mai,Suthep,52.12,75.65,30.91,32.6,62.25,31.34,CMU_ST_001,18.7961,98.9525
2026-05-03 02:00:00,2026-05-03,2,Chiang Mai,Mueang Chiang Mai,Suthep,51.42,70.56,30.41,31.11,66.51,30.99,CMU_ST_001,18.7961,98.9525
2026-05-03 03:00:00,2026-05-03,3,Chiang Mai,Mueang Chiang Mai,Suthep,55.44,75.3,30.31,31.32,62.35,30.74,CMU_ST_001,18.7961,98.9525
2026-05-03 04:00:00,2026-05-03,4,Chiang Mai,Mueang Chiang Mai,Suthep,66.77,73.59,29.96,30.67,61.14,30.35,CMU_ST_001,18.7961,98.9525
2026-05-03 05:00:00,2026-05-03,5,Chiang Mai,Mueang Chiang Mai,Suthep,89.47,105.41,29.62,30.09,63.11,30.08,CMU_ST_001,18.7961,98.9525
2026-05-03 06:00:00,2026-05-03,6,Chiang Mai,Mueang Chiang Mai,Suthep,110.67,127.69,28.87,29.39,64.75,29.38,CMU_ST_001,18.7961,98.9525
2026-05-03 07:00:00,2026-05-03,7,Chiang Mai,Mueang Chiang Mai,Suthep,107.42,118.63,30.36,31.32,63.74,30.84,CMU_ST_001,18.7961,98.9525
2026-05-03 08:00:00,2026-05-03,8,Chiang Mai,Mueang Chiang Mai,Suthep,118.47,142.34,31.85,33.57,64.07,32.35,CMU_ST_001,18.7961,98.9525
2026-05-03 09:00:00,2026-05-03,9,Chiang Mai,Mueang Chiang Mai,Suthep,124.69,138.53,31.75,33.06,60.12,32.11,CMU_ST_001,18.7961,98.9525
2026-05-03 10:00:00,2026-05-03,10,Chiang Mai,Mueang Chiang Mai,Suthep,103.44,115.92,32.89,33.41,56.09,33.1,CMU_ST_001,18.7961,98.9525
2026-05-03 11:00:00,2026-05-03,11,Chiang Mai,Mueang Chiang Mai,Suthep,100.39,116.37,34.51,35.7,57.81,34.78,CMU_ST_001,18.7961,98.9525
2026-05-03 12:00:00,2026-05-03,12,Chiang Mai,Mueang Chiang Mai,Suthep,80.53,94.67,35.22,36.66,51.93,35.28,CMU_ST_001,18.7961,98.9525
2026-05-03 13:00:00,2026-05-03,13,Chiang Mai,Mueang Chiang Mai,Suthep,62.95,82.01,37.08,38.62,49.56,37.08,CMU_ST_001,18.7961,98.9525
2026-05-03 14:00:00,2026-05-03,14,Chiang Mai,Mueang Chiang Mai,Suthep,67.85,84.66,37.11,38.17,53.82,37.24,CMU_ST_001,18.7961,98.9525
2026-05-03 15:00:00,2026-05-03,15,Chiang Mai,Mueang Chiang Mai,Suthep,64.28,83.03,36.51,37.3,48.52,36.51,CMU_ST_001,18.7961,98.9525
2026-05-03 16:00:00,2026-05-03,16,Chiang Mai,Mueang Chiang Mai,Suthep,51.62,59.18,36.19,37.6,58.15,36.47,CMU_ST_001,18.7961,98.9525
2026-05-03 17:00:00,2026-05-03,17,Chiang Mai,Mueang Chiang Mai,Suthep,59.67,73.17,36.77,37.53,48.91,36.77,CMU_ST_001,18.7961,98.9525
2026-05-03 18:00:00,2026-05-03,18,Chiang Mai,Mueang Chiang Mai,Suthep,45.18,66.9,36.47,38.04,48.32,36.47,CMU_ST_001,18.7961,98.9525
2026-05-03 19:00:00,2026-05-03,19,Chiang Mai,Mueang Chiang Mai,Suthep,46.6,57.76,34.65,35.84,56.72,34.88,CMU_ST_001,18.7961,98.9525
2026-05-03 20:00:00,2026-05-03,20,Chiang Mai,Mueang Chiang Mai,Suthep,48.94,70.31,34.51,35.3,59.98,34.86,CMU_ST_001,18.7961,98.9525
2026-05-03 21:00:00,2026-05-03,21,Chiang Mai,Mueang Chiang Mai,Suthep,46.53,54.6,32.82,33.47,61.6,33.22,CMU_ST_001,18.7961,98.9525
2026-05-03 22:00:00,2026-05-03,22,Chiang Mai,Mueang Chiang Mai,Suthep,35.35,47.45,32.48,33.09,61.1,32.87,CMU_ST_001,18.7961,98.9525
2026-05-03 23:00:00,2026-05-03,23,Chiang Mai,Mueang Chiang Mai,Suthep,42.81,56.37,33.19,34.77,61.75,33.6,CMU_ST_001,18.7961,98.9525
2026-05-04 00:00:00,2026-05-04,0,Chiang Mai,Mueang Chiang Mai,Suthep,60.48,82.51,30.95,31.61,64.02,31.44,CMU_ST_001,18.7961,98.9525
2026-05-04 01:00:00,2026-05-04,1,Chiang Mai,Mueang Chiang Mai,Suthep,64.17,69.58,30.58,31.65,60.28,30.94,CMU_ST_001,18.7961,98.9525
2026-05-04 02:00:00,2026-05-04,2,Chiang Mai,Mueang Chiang Mai,Suthep,61.59,80.07,30.01,30.52,62.15,30.43,CMU_ST_001,18.7961,98.9525
2026-05-04 03:00:00,2026-05-04,3,Chiang Mai,Mueang Chiang Mai,Suthep,76.9,101.63,29.33,30.77,67.07,29.93,CMU_ST_001,18.7961,98.9525
2026-05-04 04:00:00,2026-05-04,4,Chiang Mai,Mueang Chiang Mai,Suthep,91.08,97.43,29.93,30.38,61.94,30.34,CMU_ST_001,18.7961,98.9525
2026-05-04 05:00:00,2026-05-04,5,Chiang Mai,Mueang Chiang Mai,Suthep,115.43,131.18,29.57,30.69,68.3,30.21,CMU_ST_001,18.7961,98.9525
2026-05-04 06:00:00,2026-05-04,6,Chiang Mai,Mueang Chiang Mai,Suthep,143.23,148.71,29.38,30.53,66.44,29.96,CMU_ST_001,18.7961,98.9525
2026-05-04 07:00:00,2026-05-04,7,Chiang Mai,Mueang Chiang Mai,Suthep,154.68,168.64,30.92,31.52,65.96,31.48,CMU_ST_001,18.7961,98.9525
2026-05-04 08:00:00,2026-05-04,8,Chiang Mai,Mueang Chiang Mai,Suthep,170.62,189.42,31.69,33.03,65.32,32.22,CMU_ST_001,18.7961,98.9525
2026-05-04 09:00:00,2026-05-04,9,Chiang Mai,Mueang Chiang Mai,Suthep,152.04,160.48,33.12,34.04,55.66,33.32,CMU_ST_001,18.7961,98.9525
2026-05-04 10:00:00,2026-05-04,10,Chiang Mai,Mueang Chiang Mai,Suthep,151.28,172.28,34.11,35.63,61.47,34.51,CMU_ST_001,18.7961,98.9525
2026-05-04 11:00:00,2026-05-04,11,Chiang Mai,Mueang Chiang Mai,Suthep,120.71,141.07,34.3,35.21,62.19,34.73,CMU_ST_001,18.7961,98.9525
2026-05-04 12:00:00,2026-05-04,12,Chiang Mai,Mueang Chiang Mai,Suthep,112.41,125.18,35.49,36.55,59.05,35.81,CMU_ST_001,18.7961,98.9525
2026-05-04 13:00:00,2026-05-04,13,Chiang Mai,Mueang Chiang Mai,Suthep,101.81,110.09,37.06,38.81,48.65,37.06,CMU_ST_001,18.7961,98.9525
2026-05-04 14:00:00,2026-05-04,14,Chiang Mai,Mueang Chiang Mai,Suthep,81.97,101.9,36.22,37.14,53.12,36.33,CMU_ST_001,18.7961,98.9525
2026-05-04 15:00:00,2026-05-04,15,Chiang Mai,Mueang Chiang Mai,Suthep,83.61,94.74,36.63,37.54,52.19,36.7,CMU_ST_001,18.7961,98.9525
2026-05-04 16:00:00,2026-05-04,16,Chiang Mai,Mueang Chiang Mai,Suthep,77.23,86.99,36.62,37.27,51.29,36.67,CMU_ST_001,18.7961,98.9525
2026-05-04 17:00:00,2026-05-04,17,Chiang Mai,Mueang Chiang Mai,Suthep,66.26,74.47,36.77,37.82,47.65,36.77,CMU_ST_001,18.7961,98.9525
2026-05-04 18:00:00,2026-05-04,18,Chiang Mai,Mueang Chiang Mai,Suthep,71.83,85.54,34.97,35.61,51.14,35.01,CMU_ST_001,18.7961,98.9525
2026-05-04 19:00:00,2026-05-04,19,Chiang Mai,Mueang Chiang Mai,Suthep,56.37,65.65,34.71,35.7,54.52,34.87,CMU_ST_001,18.7961,98.9525
2026-05-04 20:00:00,2026-05-04,20,Chiang Mai,Mueang Chiang Mai,Suthep,63.24,81.36,34.81,35.32,51.46,34.86,CMU_ST_001,18.7961,98.9525
2026-05-04 21:00:00,2026-05-04,21,Chiang Mai,Mueang Chiang Mai,Suthep,65.53,84.44,34.32,35.03,53.89,34.46,CMU_ST_001,18.7961,98.9525
2026-05-04 22:00:00,2026-05-04,22,Chiang Mai,Mueang Chiang Mai,Suthep,54.55,69.09,32.49,33.27,56.46,32.71,CMU_ST_001,18.7961,98.9525
2026-05-04 23:00:00,2026-05-04,23,Chiang Mai,Mueang Chiang Mai,Suthep,59.88,71.31,31.93,33.13,57.83,32.2,CMU_ST_001,18.7961,98.9525
2026-05-05 00:00:00,2026-05-05,0,Chiang Mai,Mueang Chiang Mai,Suthep,57.33,77.76,30.62,32.15,60.95,31.0,CMU_ST_001,18.7961,98.9525
2026-05-05 01:00:00,2026-05-05,1,Chiang Mai,Mueang Chiang Mai,Suthep,56.34,67.71,31.34,32.15,63.56,31.82,CMU_ST_001,18.7961,98.9525
2026-05-05 02:00:00,2026-05-05,2,Chiang Mai,Mueang Chiang Mai,Suthep,66.94,87.22,31.08,31.56,65.93,31.64,CMU_ST_001,18.7961,98.9525
2026-05-05 03:00:00,2026-05-05,3,Chiang Mai,Mueang Chiang Mai,Suthep,83.56,107.49,29.72,30.5,63.92,30.2,CMU_ST_001,18.7961,98.9525
2026-05-05 04:00:00,2026-05-05,4,Chiang Mai,Mueang Chiang Mai,Suthep,92.79,105.26,29.94,30.94,69.91,30.64,CMU_ST_001,18.7961,98.9525
2026-05-05 05:00:00,2026-05-05,5,Chiang Mai,Mueang Chiang Mai,Suthep,120.35,126.74,29.51,30.4,69.95,30.21,CMU_ST_001,18.7961,98.9525
2026-05-05 06:00:00,2026-05-05,6,Chiang Mai,Mueang Chiang Mai,Suthep,149.8,154.91,29.69,31.36,68.13,30.33,CMU_ST_001,18.7961,98.9525
2026-05-05 07:00:00,2026-05-05,7,Chiang Mai,Mueang Chiang Mai,Suthep,153.01,158.9,29.56,30.25,67.31,30.16,CMU_ST_001,18.7961,98.9525
2026-05-05 08:00:00,2026-05-05,8,Chiang Mai,Mueang Chiang Mai,Suthep,166.99,182.47,30.81,31.32,62.74,31.26,CMU_ST_001,18.7961,98.9525
2026-05-05 09:00:00,2026-05-05,9,Chiang Mai,Mueang Chiang Mai,Suthep,166.42,187.08,31.91,32.39,63.87,32.4,CMU_ST_001,18.7961,98.9525
2026-05-05 10:00:00,2026-05-05,10,Chiang Mai,Mueang Chiang Mai,Suthep,145.27,164.53,32.99,33.84,59.27,33.31,CMU_ST_001,18.7961,98.9525
2026-05-05 11:00:00,2026-05-05,11,Chiang Mai,Mueang Chiang Mai,Suthep,121.83,133.94,34.11,35.37,60.92,34.49,CMU_ST_001,18.7961,98.9525
2026-05-05 12:00:00,2026-05-05,12,Chiang Mai,Mueang Chiang Mai,Suthep,111.19,130.18,35.0,36.13,60.34,35.36,CMU_ST_001,18.7961,98.9525
2026-05-05 13:00:00,2026-05-05,13,Chiang Mai,Mueang Chiang Mai,Suthep,93.72,102.5,35.58,36.18,51.11,35.62,CMU_ST_001,18.7961,98.9525
2026-05-05 14:00:00,2026-05-05,14,Chiang Mai,Mueang Chiang Mai,Suthep,91.23,106.43,36.36,36.96,57.38,36.62,CMU_ST_001,18.7961,98.9525
2026-05-05 15:00:00,2026-05-05,15,Chiang Mai,Mueang Chiang Mai,Suthep,77.83,102.4,37.78,39.18,46.39,37.78,CMU_ST_001,18.7961,98.9525
2026-05-05 16:00:00,2026-05-05,16,Chiang Mai,Mueang Chiang Mai,Suthep,71.41,85.53,36.83,38.08,47.71,36.83,CMU_ST_001,18.7961,98.9525
2026-05-05 17:00:00,2026-05-05,17,Chiang Mai,Mueang Chiang Mai,Suthep,76.98,100.03,35.92,37.54,50.39,35.94,CMU_ST_001,18.7961,98.9525
2026-05-05 18:00:00,2026-05-05,18,Chiang Mai,Mueang Chiang Mai,Suthep,64.74,78.52,35.52,37.21,56.08,35.73,CMU_ST_001,18.7961,98.9525
2026-05-05 19:00:00,2026-05-05,19,Chiang Mai,Mueang Chiang Mai,Suthep,70.72,86.38,35.27,36.69,53.98,35.41,CMU_ST_001,18.7961,98.9525
2026-05-05 20:00:00,2026-05-05,20,Chiang Mai,Mueang Chiang Mai,Suthep,65.24,73.55,33.99,35.48,58.58,34.29,CMU_ST_001,18.7961,98.9525
2026-05-05 21:00:00,2026-05-05,21,Chiang Mai,Mueang Chiang Mai,Suthep,66.53,83.41,33.32,34.83,61.99,33.74,CMU_ST_001,18.7961,98.9525
2026-05-05 22:00:00,2026-05-05,22,Chiang Mai,Mueang Chiang Mai,Suthep,58.77,72.52,33.15,34.84,60.66,33.52,CMU_ST_001,18.7961,98.9525
2026-05-05 23:00:00,2026-05-05,23,Chiang Mai,Mueang Chiang Mai,Suthep,64.53,77.2,33.14,34.81,59.51,33.47,CMU_ST_001,18.7961,98.9525
2026-05-06 00:00:00,2026-05-06,0,Chiang Mai,Mueang Chiang Mai,Suthep,51.81,64.65,31.42,32.91,60.86,31.8,CMU_ST_001,18.7961,98.9525
2026-05-06 01:00:00,2026-05-06,1,Chiang Mai,Mueang Chiang Mai,Suthep,55.2,73.44,30.42,31.67,66.24,30.98,CMU_ST_001,18.7961,98.9525
2026-05-06 02:00:00,2026-05-06,2,Chiang Mai,Mueang Chiang Mai,Suthep,62.39,81.4,30.07,31.49,63.21,30.53,CMU_ST_001,18.7961,98.9525
2026-05-06 03:00:00,2026-05-06,3,Chiang Mai,Mueang Chiang Mai,Suthep,73.27,83.44,29.0,29.56,67.66,29.62,CMU_ST_001,18.7961,98.9525
2026-05-06 04:00:00,2026-05-06,4,Chiang Mai,Mueang Chiang Mai,Suthep,89.65,96.57,29.21,30.04,67.13,29.81,CMU_ST_001,18.7961,98.9525
2026-05-06 05:00:00,2026-05-06,5,Chiang Mai,Mueang Chiang Mai,Suthep,107.92,116.8,28.82,29.81,66.11,29.39,CMU_ST_001,18.7961,98.9525
2026-05-06 06:00:00,2026-05-06,6,Chiang Mai,Mueang Chiang Mai,Suthep,129.74,138.28,29.88,30.35,67.4,30.49,CMU_ST_001,18.7961,98.9525
2026-05-06 07:00:00,2026-05-06,7,Chiang Mai,Mueang Chiang Mai,Suthep,141.56,156.63,29.57,30.55,71.09,30.31,CMU_ST_001,18.7961,98.9525
2026-05-06 08:00:00,2026-05-06,8,Chiang Mai,Mueang Chiang Mai,Suthep,145.44,161.25,31.98,32.77,65.49,32.52,CMU_ST_001,18.7961,98.9525
2026-05-06 09:00:00,2026-05-06,9,Chiang Mai,Mueang Chiang Mai,Suthep,140.03,158.55,32.85,34.11,62.03,33.27,CMU_ST_001,18.7961,98.9525
2026-05-06 10:00:00,2026-05-06,10,Chiang Mai,Mueang Chiang Mai,Suthep,120.24,132.63,33.54,35.19,58.2,33.83,CMU_ST_001,18.7961,98.9525
2026-05-06 11:00:00,2026-05-06,11,Chiang Mai,Mueang Chiang Mai,Suthep,106.01,123.12,34.94,36.55,52.51,35.03,CMU_ST_001,18.7961,98.9525
2026-05-06 12:00:00,2026-05-06,12,Chiang Mai,Mueang Chiang Mai,Suthep,95.14,100.67,34.81,35.52,60.88,35.19,CMU_ST_001,18.7961,98.9525
2026-05-06 13:00:00,2026-05-06,13,Chiang Mai,Mueang Chiang Mai,Suthep,82.81,94.98,35.85,36.35,57.96,36.13,CMU_ST_001,18.7961,98.9525
2026-05-06 14:00:00,2026-05-06,14,Chiang Mai,Mueang Chiang Mai,Suthep,68.05,92.94,36.04,37.3,55.18,36.22,CMU_ST_001,18.7961,98.9525
2026-05-06 15:00:00,2026-05-06,15,Chiang Mai,Mueang Chiang Mai,Suthep,67.72,85.62,36.91,38.1,56.91,37.15,CMU_ST_001,18.7961,98.9525
2026-05-06 16:00:00,2026-05-06,16,Chiang Mai,Mueang Chiang Mai,Suthep,68.88,86.07,36.27,37.86,52.25,36.34,CMU_ST_001,18.7961,98.9525
2026-05-06 17:00:00,2026-05-06,17,Chiang Mai,Mueang Chiang Mai,Suthep,58.96,83.53,35.71,36.66,58.57,36.01,CMU_ST_001,18.7961,98.9525
2026-05-06 18:00:00,2026-05-06,18,Chiang Mai,Mueang Chiang Mai,Suthep,54.56,73.09,35.93,37.19,55.96,36.14,CMU_ST_001,18.7961,98.9525
2026-05-06 19:00:00,2026-05-06,19,Chiang Mai,Mueang Chiang Mai,Suthep,58.43,73.88,34.71,35.52,58.77,35.01,CMU_ST_001,18.7961,98.9525
2026-05-06 20:00:00,2026-05-06,20,Chiang Mai,Mueang Chiang Mai,Suthep,49.15,54.26,34.94,36.54,59.17,35.26,CMU_ST_001,18.7961,98.9525
2026-05-06 21:00:00,2026-05-06,21,Chiang Mai,Mueang Chiang Mai,Suthep,44.55,67.52,33.43,34.79,58.64,33.73,CMU_ST_001,18.7961,98.9525
2026-05-06 22:00:00,2026-05-06,22,Chiang Mai,Mueang Chiang Mai,Suthep,46.84,52.07,33.1,33.54,56.78,33.33,CMU_ST_001,18.7961,98.9525
2026-05-06 23:00:00,2026-05-06,23,Chiang Mai,Mueang Chiang Mai,Suthep,52.59,60.32,33.2,34.02,60.6,33.57,CMU_ST_001,18.7961,98.9525
2026-05-07 00:00:00,2026-05-07,0,Chiang Mai,Mueang Chiang Mai,Suthep,44.82,56.53,31.24,31.98,60.51,31.61,CMU_ST_001,18.7961,98.9525
2026-05-07 01:00:00,2026-05-07,1,Chiang Mai,Mueang Chiang Mai,Suthep,44.25,54.29,31.68,32.49,64.04,32.17,CMU_ST_001,18.7961,98.9525
2026-05-07 02:00:00,2026-05-07,2,Chiang Mai,Mueang Chiang Mai,Suthep,56.33,62.29,29.85,31.32,64.96,30.37,CMU_ST_001,18.7961,98.9525
2026-05-07 03:00:00,2026-05-07,3,Chiang Mai,Mueang Chiang Mai,Suthep,56.76,78.62,30.22,31.66,69.76,30.91,CMU_ST_001,18.7961,98.9525
2026-05-07 04:00:00,2026-05-07,4,Chiang Mai,Mueang Chiang Mai,Suthep,76.18,87.22,29.8,31.23,65.21,30.34,CMU_ST_001,18.7961,98.9525
2026-05-07 05:00:00,2026-05-07,5,Chiang Mai,Mueang Chiang Mai,Suthep,92.46,105.16,29.08,29.91,66.58,29.66,CMU_ST_001,18.7961,98.9525
2026-05-07 06:00:00,2026-05-07,6,Chiang Mai,Mueang Chiang Mai,Suthep,106.33,113.42,30.17,31.49,66.11,30.74,CMU_ST_001,18.7961,98.9525
2026-05-07 07:00:00,2026-05-07,7,Chiang Mai,Mueang Chiang Mai,Suthep,117.17,128.94,30.76,32.18,65.85,31.32,CMU_ST_001,18.7961,98.9525
2026-05-07 08:00:00,2026-05-07,8,Chiang Mai,Mueang Chiang Mai,Suthep,130.54,140.19,31.48,32.4,63.18,31.94,CMU_ST_001,18.7961,98.9525
2026-05-07 09:00:00,2026-05-07,9,Chiang Mai,Mueang Chiang Mai,Suthep,115.46,136.82,31.83,33.15,60.88,32.22,CMU_ST_001,18.7961,98.9525
2026-05-07 10:00:00,2026-05-07,10,Chiang Mai,Mueang Chiang Mai,Suthep,111.59,123.41,33.28,34.77,62.07,33.7,CMU_ST_001,18.7961,98.9525
2026-05-07 11:00:00,2026-05-07,11,Chiang Mai,Mueang Chiang Mai,Suthep,102.89,119.45,34.73,35.76,59.6,35.07,CMU_ST_001,18.7961,98.9525
2026-05-07 12:00:00,2026-05-07,12,Chiang Mai,Mueang Chiang Mai,Suthep,87.55,96.67,35.1,36.18,60.53,35.47,CMU_ST_001,18.7961,98.9525
2026-05-07 13:00:00,2026-05-07,13,Chiang Mai,Mueang Chiang Mai,Suthep,69.1,80.61,37.07,38.7,54.06,37.21,CMU_ST_001,18.7961,98.9525
2026-05-07 14:00:00,2026-05-07,14,Chiang Mai,Mueang Chiang Mai,Suthep,68.7,82.52,36.67,37.37,50.24,36.68,CMU_ST_001,18.7961,98.9525
2026-05-07 15:00:00,2026-05-07,15,Chiang Mai,Mueang Chiang Mai,Suthep,61.69,75.43,37.08,38.0,55.59,37.28,CMU_ST_001,18.7961,98.9525
2026-05-07 16:00:00,2026-05-07,16,Chiang Mai,Mueang Chiang Mai,Suthep,64.16,73.8,36.13,37.48,58.13,36.42,CMU_ST_001,18.7961,98.9525
2026-05-07 17:00:00,2026-05-07,17,Chiang Mai,Mueang Chiang Mai,Suthep,60.19,65.83,35.59,37.36,53.65,35.71,CMU_ST_001,18.7961,98.9525
2026-05-07 18:00:00,2026-05-07,18,Chiang Mai,Mueang Chiang Mai,Suthep,57.8,68.7,36.15,37.07,53.78,36.28,CMU_ST_001,18.7961,98.9525
2026-05-07 19:00:00,2026-05-07,19,Chiang Mai,Mueang Chiang Mai,Suthep,48.08,63.87,35.07,35.98,51.97,35.14,CMU_ST_001,18.7961,98.9525
2026-05-07 20:00:00,2026-05-07,20,Chiang Mai,Mueang Chiang Mai,Suthep,52.41,65.45,34.19,34.84,56.36,34.42,CMU_ST_001,18.7961,98.9525
2026-05-07 21:00:00,2026-05-07,21,Chiang Mai,Mueang Chiang Mai,Suthep,49.96,63.46,33.77,34.41,54.67,33.93,CMU_ST_001,18.7961,98.9525
2026-05-07 22:00:00,2026-05-07,22,Chiang Mai,Mueang Chiang Mai,Suthep,48.64,58.74,33.43,34.32,59.61,33.77,CMU_ST_001,18.7961,98.9525
2026-05-07 23:00:00,2026-05-07,23,Chiang Mai,Mueang Chiang Mai,Suthep,47.36,55.09,32.22,32.69,57.17,32.47,CMU_ST_001,18.7961,98.9525
2026-05-01 00:00:00,2026-05-01,0,Chiang Mai,Mueang Chiang Mai,Chang Phueak,42.63,64.62,32.32,33.86,59.66,32.66,CMU_ST_002,18.8107,98.9817
2026-05-01 01:00:00,2026-05-01,1,Chiang Mai,Mueang Chiang Mai,Chang Phueak,43.14,48.76,31.31,31.96,61.7,31.72,CMU_ST_002,18.8107,98.9817
2026-05-01 02:00:00,2026-05-01,2,Chiang Mai,Mueang Chiang Mai,Chang Phueak,52.11,64.59,30.72,31.86,59.58,31.05,CMU_ST_002,18.8107,98.9817
2026-05-01 03:00:00,2026-05-01,3,Chiang Mai,Mueang Chiang Mai,Chang Phueak,54.78,76.48,30.94,31.56,65.76,31.49,CMU_ST_002,18.8107,98.9817
2026-05-01 04:00:00,2026-05-01,4,Chiang Mai,Mueang Chiang Mai,Chang Phueak,72.05,80.12,29.82,31.11,69.74,30.52,CMU_ST_002,18.8107,98.9817
2026-05-01 05:00:00,2026-05-01,5,Chiang Mai,Mueang Chiang Mai,Chang Phueak,76.96,99.89,30.17,30.79,61.88,30.59,CMU_ST_002,18.8107,98.9817
2026-05-01 06:00:00,2026-05-01,6,Chiang Mai,Mueang Chiang Mai,Chang Phueak,98.48,105.92,30.02,31.51,66.6,30.6,CMU_ST_002,18.8107,98.9817
2026-05-01 07:00:00,2026-05-01,7,Chiang Mai,Mueang Chiang Mai,Chang Phueak,112.99,118.45,30.54,31.62,64.36,31.05,CMU_ST_002,18.8107,98.9817
2026-05-01 08:00:00,2026-05-01,8,Chiang Mai,Mueang Chiang Mai,Chang Phueak,115.77,129.24,32.42,33.76,59.9,32.77,CMU_ST_002,18.8107,98.9817
2026-05-01 09:00:00,2026-05-01,9,Chiang Mai,Mueang Chiang Mai,Chang Phueak,113.18,137.45,33.71,34.66,54.47,33.87,CMU_ST_002,18.8107,98.9817
2026-05-01 10:00:00,2026-05-01,10,Chiang Mai,Mueang Chiang Mai,Chang Phueak,106.36,114.14,34.38,34.98,59.46,34.71,CMU_ST_002,18.8107,98.9817
2026-05-01 11:00:00,2026-05-01,11,Chiang Mai,Mueang Chiang Mai,Chang Phueak,80.69,89.64,35.23,35.95,50.77,35.26,CMU_ST_002,18.8107,98.9817
2026-05-01 12:00:00,2026-05-01,12,Chiang Mai,Mueang Chiang Mai,Chang Phueak,76.54,101.45,37.07,38.3,48.45,37.07,CMU_ST_002,18.8107,98.9817
2026-05-01 13:00:00,2026-05-01,13,Chiang Mai,Mueang Chiang Mai,Chang Phueak,66.79,73.83,37.02,37.48,55.09,37.19,CMU_ST_002,18.8107,98.9817
2026-05-01 14:00:00,2026-05-01,14,Chiang Mai,Mueang Chiang Mai,Chang Phueak,64.95,70.28,37.39,39.13,49.38,37.39,CMU_ST_002,18.8107,98.9817
2026-05-01 15:00:00,2026-05-01,15,Chiang Mai,Mueang Chiang Mai,Chang Phueak,45.96,66.42,37.53,37.94,46.2,37.53,CMU_ST_002,18.8107,98.9817
2026-05-01 16:00:00,2026-05-01,16,Chiang Mai,Mueang Chiang Mai,Chang Phueak,55.51,73.61,38.31,39.8,49.85,38.31,CMU_ST_002,18.8107,98.9817
2026-05-01 17:00:00,2026-05-01,17,Chiang Mai,Mueang Chiang Mai,Chang Phueak,55.15,78.89,38.03,38.69,47.72,38.03,CMU_ST_002,18.8107,98.9817
2026-05-01 18:00:00,2026-05-01,18,Chiang Mai,Mueang Chiang Mai,Chang Phueak,53.53,58.85,36.46,37.2,53.43,36.58,CMU_ST_002,18.8107,98.9817
2026-05-01 19:00:00,2026-05-01,19,Chiang Mai,Mueang Chiang Mai,Chang Phueak,46.02,64.96,36.05,37.62,52.66,36.14,CMU_ST_002,18.8107,98.9817
2026-05-01 20:00:00,2026-05-01,20,Chiang Mai,Mueang Chiang Mai,Chang Phueak,50.0,60.75,34.97,35.54,59.73,35.31,CMU_ST_002,18.8107,98.9817
2026-05-01 21:00:00,2026-05-01,21,Chiang Mai,Mueang Chiang Mai,Chang Phueak,36.38,48.58,34.56,35.12,59.94,34.9,CMU_ST_002,18.8107,98.9817
2026-05-01 22:00:00,2026-05-01,22,Chiang Mai,Mueang Chiang Mai,Chang Phueak,38.52,62.65,34.77,36.49,60.0,35.12,CMU_ST_002,18.8107,98.9817
2026-05-01 23:00:00,2026-05-01,23,Chiang Mai,Mueang Chiang Mai,Chang Phueak,39.9,53.57,33.9,35.43,54.65,34.06,CMU_ST_002,18.8107,98.9817
2026-05-02 00:00:00,2026-05-02,0,Chiang Mai,Mueang Chiang Mai,Chang Phueak,37.66,44.17,32.35,33.44,60.51,32.72,CMU_ST_002,18.8107,98.9817
2026-05-02 01:00:00,2026-05-02,1,Chiang Mai,Mueang Chiang Mai,Chang Phueak,42.54,57.54,32.5,33.72,64.68,33.02,CMU_ST_002,18.8107,98.9817
2026-05-02 02:00:00,2026-05-02,2,Chiang Mai,Mueang Chiang Mai,Chang Phueak,41.13,65.33,31.46,32.79,63.98,31.95,CMU_ST_002,18.8107,98.9817
2026-05-02 03:00:00,2026-05-02,3,Chiang Mai,Mueang Chiang Mai,Chang Phueak,59.3,73.33,30.96,32.36,62.06,31.38,CMU_ST_002,18.8107,98.9817
2026-05-02 04:00:00,2026-05-02,4,Chiang Mai,Mueang Chiang Mai,Chang Phueak,58.85,75.01,30.15,31.51,68.66,30.8,CMU_ST_002,18.8107,98.9817
2026-05-02 05:00:00,2026-05-02,5,Chiang Mai,Mueang Chiang Mai,Chang Phueak,85.61,91.04,30.23,31.31,63.11,30.69,CMU_ST_002,18.8107,98.9817
2026-05-02 06:00:00,2026-05-02,6,Chiang Mai,Mueang Chiang Mai,Chang Phueak,100.41,115.53,30.85,32.39,67.19,31.45,CMU_ST_002,18.8107,98.9817
2026-05-02 07:00:00,2026-05-02,7,Chiang Mai,Mueang Chiang Mai,Chang Phueak,99.92,123.37,31.32,31.92,60.43,31.69,CMU_ST_002,18.8107,98.9817
2026-05-02 08:00:00,2026-05-02,8,Chiang Mai,Mueang Chiang Mai,Chang Phueak,103.42,110.03,32.9,34.59,65.02,33.42,CMU_ST_002,18.8107,98.9817
2026-05-02 09:00:00,2026-05-02,9,Chiang Mai,Mueang Chiang Mai,Chang Phueak,98.47,111.4,33.63,34.92,61.2,34.03,CMU_ST_002,18.8107,98.9817
2026-05-02 10:00:00,2026-05-02,10,Chiang Mai,Mueang Chiang Mai,Chang Phueak,92.76,103.99,34.1,34.81,55.34,34.29,CMU_ST_002,18.8107,98.9817
2026-05-02 11:00:00,2026-05-02,11,Chiang Mai,Mueang Chiang Mai,Chang Phueak,77.42,102.32,36.01,37.1,50.48,36.02,CMU_ST_002,18.8107,98.9817
2026-05-02 12:00:00,2026-05-02,12,Chiang Mai,Mueang Chiang Mai,Chang Phueak,73.55,81.01,36.52,37.81,53.1,36.62,CMU_ST_002,18.8107,98.9817
2026-05-02 13:00:00,2026-05-02,13,Chiang Mai,Mueang Chiang Mai,Chang Phueak,62.48,77.45,36.55,37.48,48.71,36.55,CMU_ST_002,18.8107,98.9817
2026-05-02 14:00:00,2026-05-02,14,Chiang Mai,Mueang Chiang Mai,Chang Phueak,49.1,68.34,38.47,39.15,52.77,38.57,CMU_ST_002,18.8107,98.9817
2026-05-02 15:00:00,2026-05-02,15,Chiang Mai,Mueang Chiang Mai,Chang Phueak,50.88,75.24,37.41,38.13,49.92,37.41,CMU_ST_002,18.8107,98.9817
2026-05-02 16:00:00,2026-05-02,16,Chiang Mai,Mueang Chiang Mai,Chang Phueak,46.68,56.2,37.32,38.93,54.55,37.48,CMU_ST_002,18.8107,98.9817
2026-05-02 17:00:00,2026-05-02,17,Chiang Mai,Mueang Chiang Mai,Chang Phueak,46.56,71.18,36.61,37.63,57.62,36.88,CMU_ST_002,18.8107,98.9817
2026-05-02 18:00:00,2026-05-02,18,Chiang Mai,Mueang Chiang Mai,Chang Phueak,51.7,70.03,36.81,37.95,55.61,37.01,CMU_ST_002,18.8107,98.9817
2026-05-02 19:00:00,2026-05-02,19,Chiang Mai,Mueang Chiang Mai,Chang Phueak,45.47,51.33,35.26,36.26,55.35,35.45,CMU_ST_002,18.8107,98.9817
2026-05-02 20:00:00,2026-05-02,20,Chiang Mai,Mueang Chiang Mai,Chang Phueak,38.76,44.06,34.47,34.98,57.87,34.74,CMU_ST_002,18.8107,98.9817
2026-05-02 21:00:00,2026-05-02,21,Chiang Mai,Mueang Chiang Mai,Chang Phueak,35.01,51.71,34.31,34.75,55.89,34.52,CMU_ST_002,18.8107,98.9817
2026-05-02 22:00:00,2026-05-02,22,Chiang Mai,Mueang Chiang Mai,Chang Phueak,33.09,48.46,34.2,35.44,54.7,34.37,CMU_ST_002,18.8107,98.9817
2026-05-02 23:00:00,2026-05-02,23,Chiang Mai,Mueang Chiang Mai,Chang Phueak,32.26,57.12,33.29,35.07,57.97,33.57,CMU_ST_002,18.8107,98.9817
2026-05-03 00:00:00,2026-05-03,0,Chiang Mai,Mueang Chiang Mai,Chang Phueak,52.37,61.28,31.67,32.41,62.4,32.11,CMU_ST_002,18.8107,98.9817
2026-05-03 01:00:00,2026-05-03,1,Chiang Mai,Mueang Chiang Mai,Chang Phueak,59.77,77.76,32.12,33.83,62.9,32.57,CMU_ST_002,18.8107,98.9817
2026-05-03 02:00:00,2026-05-03,2,Chiang Mai,Mueang Chiang Mai,Chang Phueak,61.9,68.23,30.72,31.77,64.3,31.22,CMU_ST_002,18.8107,98.9817
2026-05-03 03:00:00,2026-05-03,3,Chiang Mai,Mueang Chiang Mai,Chang Phueak,74.53,98.94,30.93,31.98,65.44,31.47,CMU_ST_002,18.8107,98.9817
2026-05-03 04:00:00,2026-05-03,4,Chiang Mai,Mueang Chiang Mai,Chang Phueak,92.41,98.66,31.07,31.92,61.41,31.47,CMU_ST_002,18.8107,98.9817
2026-05-03 05:00:00,2026-05-03,5,Chiang Mai,Mueang Chiang Mai,Chang Phueak,117.31,141.4,30.44,31.33,68.7,31.1,CMU_ST_002,18.8107,98.9817
2026-05-03 06:00:00,2026-05-03,6,Chiang Mai,Mueang Chiang Mai,Chang Phueak,139.57,147.58,31.18,32.36,63.25,31.65,CMU_ST_002,18.8107,98.9817
2026-05-03 07:00:00,2026-05-03,7,Chiang Mai,Mueang Chiang Mai,Chang Phueak,150.04,162.85,31.79,33.27,60.58,32.16,CMU_ST_002,18.8107,98.9817
2026-05-03 08:00:00,2026-05-03,8,Chiang Mai,Mueang Chiang Mai,Chang Phueak,161.95,184.05,31.99,32.42,62.47,32.43,CMU_ST_002,18.8107,98.9817
2026-05-03 09:00:00,2026-05-03,9,Chiang Mai,Mueang Chiang Mai,Chang Phueak,156.04,176.78,33.43,34.46,62.4,33.87,CMU_ST_002,18.8107,98.9817
2026-05-03 10:00:00,2026-05-03,10,Chiang Mai,Mueang Chiang Mai,Chang Phueak,132.93,145.37,34.93,36.7,60.61,35.3,CMU_ST_002,18.8107,98.9817
2026-05-03 11:00:00,2026-05-03,11,Chiang Mai,Mueang Chiang Mai,Chang Phueak,118.34,131.2,35.29,36.76,51.44,35.34,CMU_ST_002,18.8107,98.9817
2026-05-03 12:00:00,2026-05-03,12,Chiang Mai,Mueang Chiang Mai,Chang Phueak,106.88,115.43,37.36,37.86,55.28,37.54,CMU_ST_002,18.8107,98.9817
2026-05-03 13:00:00,2026-05-03,13,Chiang Mai,Mueang Chiang Mai,Chang Phueak,93.28,115.75,37.59,38.18,50.29,37.6,CMU_ST_002,18.8107,98.9817
2026-05-03 14:00:00,2026-05-03,14,Chiang Mai,Mueang Chiang Mai,Chang Phueak,89.35,108.99,37.73,38.48,45.64,37.73,CMU_ST_002,18.8107,98.9817
2026-05-03 15:00:00,2026-05-03,15,Chiang Mai,Mueang Chiang Mai,Chang Phueak,78.82,85.29,37.67,39.17,49.85,37.67,CMU_ST_002,18.8107,98.9817
2026-05-03 16:00:00,2026-05-03,16,Chiang Mai,Mueang Chiang Mai,Chang Phueak,63.54,71.0,37.72,38.51,53.23,37.84,CMU_ST_002,18.8107,98.9817
2026-05-03 17:00:00,2026-05-03,17,Chiang Mai,Mueang Chiang Mai,Chang Phueak,70.21,86.49,37.33,38.67,47.69,37.33,CMU_ST_002,18.8107,98.9817
2026-05-03 18:00:00,2026-05-03,18,Chiang Mai,Mueang Chiang Mai,Chang Phueak,58.88,66.64,37.2,37.73,51.22,37.24,CMU_ST_002,18.8107,98.9817
2026-05-03 19:00:00,2026-05-03,19,Chiang Mai,Mueang Chiang Mai,Chang Phueak,67.19,79.86,36.09,37.72,51.37,36.14,CMU_ST_002,18.8107,98.9817
2026-05-03 20:00:00,2026-05-03,20,Chiang Mai,Mueang Chiang Mai,Chang Phueak,52.52,57.87,34.92,35.45,54.98,35.1,CMU_ST_002,18.8107,98.9817
2026-05-03 21:00:00,2026-05-03,21,Chiang Mai,Mueang Chiang Mai,Chang Phueak,61.21,82.94,34.32,35.71,54.42,34.47,CMU_ST_002,18.8107,98.9817
2026-05-03 22:00:00,2026-05-03,22,Chiang Mai,Mueang Chiang Mai,Chang Phueak,58.39,74.15,34.69,35.75,58.9,35.0,CMU_ST_002,18.8107,98.9817
2026-05-03 23:00:00,2026-05-03,23,Chiang Mai,Mueang Chiang Mai,Chang Phueak,48.72,71.48,33.46,34.76,57.03,33.71,CMU_ST_002,18.8107,98.9817
2026-05-04 00:00:00,2026-05-04,0,Chiang Mai,Mueang Chiang Mai,Chang Phueak,67.38,76.77,31.97,32.99,59.77,32.32,CMU_ST_002,18.8107,98.9817
2026-05-04 01:00:00,2026-05-04,1,Chiang Mai,Mueang Chiang Mai,Chang Phueak,68.58,92.11,32.3,33.97,64.45,32.81,CMU_ST_002,18.8107,98.9817
2026-05-04 02:00:00,2026-05-04,2,Chiang Mai,Mueang Chiang Mai,Chang Phueak,74.06,89.74,30.68,31.47,62.63,31.12,CMU_ST_002,18.8107,98.9817
2026-05-04 03:00:00,2026-05-04,3,Chiang Mai,Mueang Chiang Mai,Chang Phueak,85.87,92.96,30.82,31.39,62.74,31.27,CMU_ST_002,18.8107,98.9817
2026-05-04 04:00:00,2026-05-04,4,Chiang Mai,Mueang Chiang Mai,Chang Phueak,113.28,137.15,30.26,30.69,68.32,30.9,CMU_ST_002,18.8107,98.9817
2026-05-04 05:00:00,2026-05-04,5,Chiang Mai,Mueang Chiang Mai,Chang Phueak,138.21,152.94,29.63,30.19,64.38,30.13,CMU_ST_002,18.8107,98.9817
2026-05-04 06:00:00,2026-05-04,6,Chiang Mai,Mueang Chiang Mai,Chang Phueak,150.91,172.34,29.87,31.55,65.52,30.41,CMU_ST_002,18.8107,98.9817
2026-05-04 07:00:00,2026-05-04,7,Chiang Mai,Mueang Chiang Mai,Chang Phueak,176.48,200.2,31.07,32.51,62.85,31.52,CMU_ST_002,18.8107,98.9817
2026-05-04 08:00:00,2026-05-04,8,Chiang Mai,Mueang Chiang Mai,Chang Phueak,184.45,204.46,31.85,33.47,64.06,32.34,CMU_ST_002,18.8107,98.9817
2026-05-04 09:00:00,2026-05-04,9,Chiang Mai,Mueang Chiang Mai,Chang Phueak,178.05,186.56,33.26,33.91,58.03,33.54,CMU_ST_002,18.8107,98.9817
2026-05-04 10:00:00,2026-05-04,10,Chiang Mai,Mueang Chiang Mai,Chang Phueak,167.84,191.3,33.94,35.45,56.34,34.17,CMU_ST_002,18.8107,98.9817
2026-05-04 11:00:00,2026-05-04,11,Chiang Mai,Mueang Chiang Mai,Chang Phueak,146.14,151.41,36.11,37.88,58.46,36.41,CMU_ST_002,18.8107,98.9817
2026-05-04 12:00:00,2026-05-04,12,Chiang Mai,Mueang Chiang Mai,Chang Phueak,124.65,132.76,36.84,37.95,47.78,36.84,CMU_ST_002,18.8107,98.9817
2026-05-04 13:00:00,2026-05-04,13,Chiang Mai,Mueang Chiang Mai,Chang Phueak,98.76,106.15,36.89,38.49,53.96,37.03,CMU_ST_002,18.8107,98.9817
2026-05-04 14:00:00,2026-05-04,14,Chiang Mai,Mueang Chiang Mai,Chang Phueak,98.93,108.28,38.17,39.57,51.6,38.23,CMU_ST_002,18.8107,98.9817
2026-05-04 15:00:00,2026-05-04,15,Chiang Mai,Mueang Chiang Mai,Chang Phueak,93.1,105.41,38.38,39.04,53.53,38.51,CMU_ST_002,18.8107,98.9817
2026-05-04 16:00:00,2026-05-04,16,Chiang Mai,Mueang Chiang Mai,Chang Phueak,86.92,106.71,37.08,38.28,54.09,37.22,CMU_ST_002,18.8107,98.9817
2026-05-04 17:00:00,2026-05-04,17,Chiang Mai,Mueang Chiang Mai,Chang Phueak,80.46,104.69,36.84,38.22,56.9,37.08,CMU_ST_002,18.8107,98.9817
2026-05-04 18:00:00,2026-05-04,18,Chiang Mai,Mueang Chiang Mai,Chang Phueak,71.41,92.52,37.11,38.45,51.93,37.17,CMU_ST_002,18.8107,98.9817
2026-05-04 19:00:00,2026-05-04,19,Chiang Mai,Mueang Chiang Mai,Chang Phueak,73.43,81.75,35.26,36.07,55.18,35.44,CMU_ST_002,18.8107,98.9817
2026-05-04 20:00:00,2026-05-04,20,Chiang Mai,Mueang Chiang Mai,Chang Phueak,69.13,90.36,35.18,36.33,51.33,35.23,CMU_ST_002,18.8107,98.9817
2026-05-04 21:00:00,2026-05-04,21,Chiang Mai,Mueang Chiang Mai,Chang Phueak,63.85,84.08,33.79,34.45,56.53,34.02,CMU_ST_002,18.8107,98.9817
2026-05-04 22:00:00,2026-05-04,22,Chiang Mai,Mueang Chiang Mai,Chang Phueak,58.18,78.2,34.65,35.07,58.53,34.95,CMU_ST_002,18.8107,98.9817
2026-05-04 23:00:00,2026-05-04,23,Chiang Mai,Mueang Chiang Mai,Chang Phueak,59.77,74.73,32.94,34.18,63.64,33.42,CMU_ST_002,18.8107,98.9817
2026-05-05 00:00:00,2026-05-05,0,Chiang Mai,Mueang Chiang Mai,Chang Phueak,57.71,81.6,31.96,33.45,66.47,32.53,CMU_ST_002,18.8107,98.9817
2026-05-05 01:00:00,2026-05-05,1,Chiang Mai,Mueang Chiang Mai,Chang Phueak,66.96,85.92,32.1,32.99,62.05,32.52,CMU_ST_002,18.8107,98.9817
2026-05-05 02:00:00,2026-05-05,2,Chiang Mai,Mueang Chiang Mai,Chang Phueak,69.02,76.47,30.87,32.48,63.7,31.35,CMU_ST_002,18.8107,98.9817
2026-05-05 03:00:00,2026-05-05,3,Chiang Mai,Mueang Chiang Mai,Chang Phueak,91.0,97.0,30.71,32.32,67.46,31.32,CMU_ST_002,18.8107,98.9817
2026-05-05 04:00:00,2026-05-05,4,Chiang Mai,Mueang Chiang Mai,Chang Phueak,103.06,117.54,30.93,31.94,68.7,31.58,CMU_ST_002,18.8107,98.9817
2026-05-05 05:00:00,2026-05-05,5,Chiang Mai,Mueang Chiang Mai,Chang Phueak,131.21,151.84,29.94,30.9,70.25,30.65,CMU_ST_002,18.8107,98.9817
2026-05-05 06:00:00,2026-05-05,6,Chiang Mai,Mueang Chiang Mai,Chang Phueak,155.77,178.51,29.83,31.28,70.73,30.55,CMU_ST_002,18.8107,98.9817
2026-05-05 07:00:00,2026-05-05,7,Chiang Mai,Mueang Chiang Mai,Chang Phueak,170.65,195.1,31.15,31.82,62.47,31.58,CMU_ST_002,18.8107,98.9817
2026-05-05 08:00:00,2026-05-05,8,Chiang Mai,Mueang Chiang Mai,Chang Phueak,173.05,193.56,32.3,33.45,59.68,32.64,CMU_ST_002,18.8107,98.9817
2026-05-05 09:00:00,2026-05-05,9,Chiang Mai,Mueang Chiang Mai,Chang Phueak,175.88,190.68,33.3,33.95,61.54,33.71,CMU_ST_002,18.8107,98.9817
2026-05-05 10:00:00,2026-05-05,10,Chiang Mai,Mueang Chiang Mai,Chang Phueak,151.15,156.96,34.48,35.6,56.41,34.7,CMU_ST_002,18.8107,98.9817
2026-05-05 11:00:00,2026-05-05,11,Chiang Mai,Mueang Chiang Mai,Chang Phueak,144.8,162.63,35.99,37.27,51.41,36.04,CMU_ST_002,18.8107,98.9817
2026-05-05 12:00:00,2026-05-05,12,Chiang Mai,Mueang Chiang Mai,Chang Phueak,124.54,145.76,36.99,38.71,53.35,37.11,CMU_ST_002,18.8107,98.9817
2026-05-05 13:00:00,2026-05-05,13,Chiang Mai,Mueang Chiang Mai,Chang Phueak,107.88,129.49,36.91,37.5,57.01,37.16,CMU_ST_002,18.8107,98.9817
2026-05-05 14:00:00,2026-05-05,14,Chiang Mai,Mueang Chiang Mai,Chang Phueak,90.06,96.01,38.5,39.75,45.65,38.5,CMU_ST_002,18.8107,98.9817
2026-05-05 15:00:00,2026-05-05,15,Chiang Mai,Mueang Chiang Mai,Chang Phueak,81.66,106.63,38.03,39.1,54.67,38.19,CMU_ST_002,18.8107,98.9817
2026-05-05 16:00:00,2026-05-05,16,Chiang Mai,Mueang Chiang Mai,Chang Phueak,73.85,94.97,38.13,39.17,50.31,38.14,CMU_ST_002,18.8107,98.9817
2026-05-05 17:00:00,2026-05-05,17,Chiang Mai,Mueang Chiang Mai,Chang Phueak,72.07,94.42,37.21,37.76,55.65,37.41,CMU_ST_002,18.8107,98.9817
2026-05-05 18:00:00,2026-05-05,18,Chiang Mai,Mueang Chiang Mai,Chang Phueak,65.93,79.58,36.69,38.18,56.68,36.92,CMU_ST_002,18.8107,98.9817
2026-05-05 19:00:00,2026-05-05,19,Chiang Mai,Mueang Chiang Mai,Chang Phueak,74.9,90.58,36.49,38.27,57.27,36.74,CMU_ST_002,18.8107,98.9817
2026-05-05 20:00:00,2026-05-05,20,Chiang Mai,Mueang Chiang Mai,Chang Phueak,62.45,69.77,34.91,36.15,59.46,35.24,CMU_ST_002,18.8107,98.9817
2026-05-05 21:00:00,2026-05-05,21,Chiang Mai,Mueang Chiang Mai,Chang Phueak,56.72,70.98,33.98,34.67,54.81,34.14,CMU_ST_002,18.8107,98.9817
2026-05-05 22:00:00,2026-05-05,22,Chiang Mai,Mueang Chiang Mai,Chang Phueak,67.52,77.75,34.63,35.48,61.38,35.03,CMU_ST_002,18.8107,98.9817
2026-05-05 23:00:00,2026-05-05,23,Chiang Mai,Mueang Chiang Mai,Chang Phueak,53.71,77.02,34.1,35.65,58.81,34.41,CMU_ST_002,18.8107,98.9817
2026-05-06 00:00:00,2026-05-06,0,Chiang Mai,Mueang Chiang Mai,Chang Phueak,60.68,69.77,32.09,33.53,61.62,32.5,CMU_ST_002,18.8107,98.9817
2026-05-06 01:00:00,2026-05-06,1,Chiang Mai,Mueang Chiang Mai,Chang Phueak,70.67,91.98,32.09,33.8,64.77,32.61,CMU_ST_002,18.8107,98.9817
2026-05-06 02:00:00,2026-05-06,2,Chiang Mai,Mueang Chiang Mai,Chang Phueak,76.77,93.48,31.47,32.18,59.78,31.81,CMU_ST_002,18.8107,98.9817
2026-05-06 03:00:00,2026-05-06,3,Chiang Mai,Mueang Chiang Mai,Chang Phueak,81.38,98.63,30.1,30.52,63.64,30.58,CMU_ST_002,18.8107,98.9817
2026-05-06 04:00:00,2026-05-06,4,Chiang Mai,Mueang Chiang Mai,Chang Phueak,102.02,112.32,30.3,31.95,70.19,31.01,CMU_ST_002,18.8107,98.9817
2026-05-06 05:00:00,2026-05-06,5,Chiang Mai,Mueang Chiang Mai,Chang Phueak,131.07,142.37,30.81,31.96,62.28,31.24,CMU_ST_002,18.8107,98.9817
2026-05-06 06:00:00,2026-05-06,6,Chiang Mai,Mueang Chiang Mai,Chang Phueak,152.12,173.92,30.59,31.01,62.33,31.02,CMU_ST_002,18.8107,98.9817
2026-05-06 07:00:00,2026-05-06,7,Chiang Mai,Mueang Chiang Mai,Chang Phueak,169.66,176.99,31.88,33.36,64.91,32.4,CMU_ST_002,18.8107,98.9817
2026-05-06 08:00:00,2026-05-06,8,Chiang Mai,Mueang Chiang Mai,Chang Phueak,168.09,184.63,32.84,33.72,57.2,33.1,CMU_ST_002,18.8107,98.9817
2026-05-06 09:00:00,2026-05-06,9,Chiang Mai,Mueang Chiang Mai,Chang Phueak,167.35,177.55,33.62,34.9,57.95,33.9,CMU_ST_002,18.8107,98.9817
2026-05-06 10:00:00,2026-05-06,10,Chiang Mai,Mueang Chiang Mai,Chang Phueak,158.02,168.88,33.99,34.56,55.2,34.17,CMU_ST_002,18.8107,98.9817
2026-05-06 11:00:00,2026-05-06,11,Chiang Mai,Mueang Chiang Mai,Chang Phueak,141.98,151.41,36.14,36.67,50.07,36.14,CMU_ST_002,18.8107,98.9817
2026-05-06 12:00:00,2026-05-06,12,Chiang Mai,Mueang Chiang Mai,Chang Phueak,114.16,127.25,37.09,37.76,55.0,37.27,CMU_ST_002,18.8107,98.9817
2026-05-06 13:00:00,2026-05-06,13,Chiang Mai,Mueang Chiang Mai,Chang Phueak,107.29,123.59,37.02,37.52,56.73,37.26,CMU_ST_002,18.8107,98.9817
2026-05-06 14:00:00,2026-05-06,14,Chiang Mai,Mueang Chiang Mai,Chang Phueak,90.45,107.39,37.5,38.6,49.67,37.5,CMU_ST_002,18.8107,98.9817
2026-05-06 15:00:00,2026-05-06,15,Chiang Mai,Mueang Chiang Mai,Chang Phueak,89.42,113.58,38.27,38.96,50.55,38.29,CMU_ST_002,18.8107,98.9817
2026-05-06 16:00:00,2026-05-06,16,Chiang Mai,Mueang Chiang Mai,Chang Phueak,72.47,96.13,37.61,38.5,50.15,37.62,CMU_ST_002,18.8107,98.9817
2026-05-06 17:00:00,2026-05-06,17,Chiang Mai,Mueang Chiang Mai,Chang Phueak,81.64,89.21,36.79,38.16,51.64,36.85,CMU_ST_002,18.8107,98.9817
2026-05-06 18:00:00,2026-05-06,18,Chiang Mai,Mueang Chiang Mai,Chang Phueak,65.02,86.7,37.47,38.11,55.9,37.68,CMU_ST_002,18.8107,98.9817
2026-05-06 19:00:00,2026-05-06,19,Chiang Mai,Mueang Chiang Mai,Chang Phueak,71.12,82.02,35.83,36.91,56.34,36.06,CMU_ST_002,18.8107,98.9817
2026-05-06 20:00:00,2026-05-06,20,Chiang Mai,Mueang Chiang Mai,Chang Phueak,72.08,90.57,34.67,36.23,57.39,34.93,CMU_ST_002,18.8107,98.9817
2026-05-06 21:00:00,2026-05-06,21,Chiang Mai,Mueang Chiang Mai,Chang Phueak,59.79,70.37,35.18,36.95,52.7,35.28,CMU_ST_002,18.8107,98.9817
2026-05-06 22:00:00,2026-05-06,22,Chiang Mai,Mueang Chiang Mai,Chang Phueak,57.59,81.33,34.27,35.81,53.26,34.39,CMU_ST_002,18.8107,98.9817
2026-05-06 23:00:00,2026-05-06,23,Chiang Mai,Mueang Chiang Mai,Chang Phueak,57.1,78.12,34.08,35.46,57.28,34.33,CMU_ST_002,18.8107,98.9817
2026-05-07 00:00:00,2026-05-07,0,Chiang Mai,Mueang Chiang Mai,Chang Phueak,52.27,63.83,31.81,33.18,65.19,32.34,CMU_ST_002,18.8107,98.9817
2026-05-07 01:00:00,2026-05-07,1,Chiang Mai,Mueang Chiang Mai,Chang Phueak,45.63,59.08,31.56,32.43,62.95,32.01,CMU_ST_002,18.8107,98.9817
2026-05-07 02:00:00,2026-05-07,2,Chiang Mai,Mueang Chiang Mai,Chang Phueak,61.97,81.23,31.94,32.92,65.84,32.49,CMU_ST_002,18.8107,98.9817
2026-05-07 03:00:00,2026-05-07,3,Chiang Mai,Mueang Chiang Mai,Chang Phueak,56.32,80.58,30.63,31.09,67.39,31.24,CMU_ST_002,18.8107,98.9817
2026-05-07 04:00:00,2026-05-07,4,Chiang Mai,Mueang Chiang Mai,Chang Phueak,83.85,92.1,30.35,32.13,61.59,30.75,CMU_ST_002,18.8107,98.9817
2026-05-07 05:00:00,2026-05-07,5,Chiang Mai,Mueang Chiang Mai,Chang Phueak,91.14,113.11,30.22,30.79,69.93,30.92,CMU_ST_002,18.8107,98.9817
2026-05-07 06:00:00,2026-05-07,6,Chiang Mai,Mueang Chiang Mai,Chang Phueak,114.08,126.06,30.36,31.38,70.02,31.06,CMU_ST_002,18.8107,98.9817
2026-05-07 07:00:00,2026-05-07,7,Chiang Mai,Mueang Chiang Mai,Chang Phueak,122.05,136.68,31.94,32.44,58.03,32.22,CMU_ST_002,18.8107,98.9817
2026-05-07 08:00:00,2026-05-07,8,Chiang Mai,Mueang Chiang Mai,Chang Phueak,125.86,132.29,32.96,34.26,60.3,33.32,CMU_ST_002,18.8107,98.9817
2026-05-07 09:00:00,2026-05-07,9,Chiang Mai,Mueang Chiang Mai,Chang Phueak,132.79,139.72,34.21,35.82,60.46,34.57,CMU_ST_002,18.8107,98.9817
2026-05-07 10:00:00,2026-05-07,10,Chiang Mai,Mueang Chiang Mai,Chang Phueak,111.59,128.13,33.81,34.58,53.68,33.94,CMU_ST_002,18.8107,98.9817
2026-05-07 11:00:00,2026-05-07,11,Chiang Mai,Mueang Chiang Mai,Chang Phueak,103.33,125.72,35.36,35.84,57.93,35.64,CMU_ST_002,18.8107,98.9817
2026-05-07 12:00:00,2026-05-07,12,Chiang Mai,Mueang Chiang Mai,Chang Phueak,83.21,102.99,36.16,36.89,53.97,36.29,CMU_ST_002,18.8107,98.9817
2026-05-07 13:00:00,2026-05-07,13,Chiang Mai,Mueang Chiang Mai,Chang Phueak,71.48,88.6,37.79,38.37,48.8,37.79,CMU_ST_002,18.8107,98.9817
2026-05-07 14:00:00,2026-05-07,14,Chiang Mai,Mueang Chiang Mai,Chang Phueak,62.15,69.14,37.6,38.18,48.01,37.6,CMU_ST_002,18.8107,98.9817
2026-05-07 15:00:00,2026-05-07,15,Chiang Mai,Mueang Chiang Mai,Chang Phueak,63.85,88.05,38.23,39.39,46.64,38.23,CMU_ST_002,18.8107,98.9817
2026-05-07 16:00:00,2026-05-07,16,Chiang Mai,Mueang Chiang Mai,Chang Phueak,54.25,70.4,37.32,38.95,52.85,37.42,CMU_ST_002,18.8107,98.9817
2026-05-07 17:00:00,2026-05-07,17,Chiang Mai,Mueang Chiang Mai,Chang Phueak,59.67,71.97,37.71,39.49,49.19,37.71,CMU_ST_002,18.8107,98.9817
2026-05-07 18:00:00,2026-05-07,18,Chiang Mai,Mueang Chiang Mai,Chang Phueak,54.84,66.96,36.55,37.85,49.27,36.55,CMU_ST_002,18.8107,98.9817
2026-05-07 19:00:00,2026-05-07,19,Chiang Mai,Mueang Chiang Mai,Chang Phueak,48.3,67.36,35.58,37.07,59.06,35.9,CMU_ST_002,18.8107,98.9817
2026-05-07 20:00:00,2026-05-07,20,Chiang Mai,Mueang Chiang Mai,Chang Phueak,48.83,66.45,35.78,36.6,53.11,35.89,CMU_ST_002,18.8107,98.9817
2026-05-07 21:00:00,2026-05-07,21,Chiang Mai,Mueang Chiang Mai,Chang Phueak,51.66,73.68,34.77,36.39,54.67,34.93,CMU_ST_002,18.8107,98.9817
2026-05-07 22:00:00,2026-05-07,22,Chiang Mai,Mueang Chiang Mai,Chang Phueak,45.2,58.32,33.67,34.55,60.19,34.03,CMU_ST_002,18.8107,98.9817
2026-05-07 23:00:00,2026-05-07,23,Chiang Mai,Mueang Chiang Mai,Chang Phueak,40.76,46.06,33.55,34.63,60.76,33.93,CMU_ST_002,18.8107,98.9817
2026-05-01 00:00:00,2026-05-01,0,Chiang Mai,Mueang Chiang Mai,Sri Wichai,29.22,53.25,29.59,31.38,69.46,30.27,CMU_ST_003,18.7988,98.963
2026-05-01 01:00:00,2026-05-01,1,Chiang Mai,Mueang Chiang Mai,Sri Wichai,35.13,56.47,29.13,30.27,71.82,29.89,CMU_ST_003,18.7988,98.963
2026-05-01 02:00:00,2026-05-01,2,Chiang Mai,Mueang Chiang Mai,Sri Wichai,42.28,58.66,29.15,30.18,63.92,29.64,CMU_ST_003,18.7988,98.963
2026-05-01 03:00:00,2026-05-01,3,Chiang Mai,Mueang Chiang Mai,Sri Wichai,35.23,55.42,29.32,30.98,64.4,29.82,CMU_ST_003,18.7988,98.963
2026-05-01 04:00:00,2026-05-01,4,Chiang Mai,Mueang Chiang Mai,Sri Wichai,45.45,60.39,28.06,29.3,74.1,28.9,CMU_ST_003,18.7988,98.963
2026-05-01 05:00:00,2026-05-01,5,Chiang Mai,Mueang Chiang Mai,Sri Wichai,62.1,74.04,28.09,29.56,74.18,28.93,CMU_ST_003,18.7988,98.963
2026-05-01 06:00:00,2026-05-01,6,Chiang Mai,Mueang Chiang Mai,Sri Wichai,75.94,91.45,29.04,30.63,66.27,29.61,CMU_ST_003,18.7988,98.963
2026-05-01 07:00:00,2026-05-01,7,Chiang Mai,Mueang Chiang Mai,Sri Wichai,82.07,99.99,28.54,29.16,68.41,29.19,CMU_ST_003,18.7988,98.963
2026-05-01 08:00:00,2026-05-01,8,Chiang Mai,Mueang Chiang Mai,Sri Wichai,89.83,112.52,30.89,31.8,63.91,31.37,CMU_ST_003,18.7988,98.963
2026-05-01 09:00:00,2026-05-01,9,Chiang Mai,Mueang Chiang Mai,Sri Wichai,78.65,101.73,31.85,32.7,63.77,32.33,CMU_ST_003,18.7988,98.963
2026-05-01 10:00:00,2026-05-01,10,Chiang Mai,Mueang Chiang Mai,Sri Wichai,73.08,94.8,32.62,34.16,59.68,32.96,CMU_ST_003,18.7988,98.963
2026-05-01 11:00:00,2026-05-01,11,Chiang Mai,Mueang Chiang Mai,Sri Wichai,60.73,71.25,32.91,33.32,58.89,33.22,CMU_ST_003,18.7988,98.963
2026-05-01 12:00:00,2026-05-01,12,Chiang Mai,Mueang Chiang Mai,Sri Wichai,55.62,80.37,34.32,35.72,61.51,34.72,CMU_ST_003,18.7988,98.963
2026-05-01 13:00:00,2026-05-01,13,Chiang Mai,Mueang Chiang Mai,Sri Wichai,43.37,57.91,35.95,36.96,52.16,36.03,CMU_ST_003,18.7988,98.963
2026-05-01 14:00:00,2026-05-01,14,Chiang Mai,Mueang Chiang Mai,Sri Wichai,48.61,69.04,35.57,36.49,54.99,35.74,CMU_ST_003,18.7988,98.963
2026-05-01 15:00:00,2026-05-01,15,Chiang Mai,Mueang Chiang Mai,Sri Wichai,40.0,47.76,35.33,36.39,52.5,35.42,CMU_ST_003,18.7988,98.963
2026-05-01 16:00:00,2026-05-01,16,Chiang Mai,Mueang Chiang Mai,Sri Wichai,44.91,60.76,36.38,38.05,50.89,36.42,CMU_ST_003,18.7988,98.963
2026-05-01 17:00:00,2026-05-01,17,Chiang Mai,Mueang Chiang Mai,Sri Wichai,36.32,45.94,35.86,37.38,58.7,36.17,CMU_ST_003,18.7988,98.963
2026-05-01 18:00:00,2026-05-01,18,Chiang Mai,Mueang Chiang Mai,Sri Wichai,43.03,56.02,34.94,35.6,58.98,35.26,CMU_ST_003,18.7988,98.963
2026-05-01 19:00:00,2026-05-01,19,Chiang Mai,Mueang Chiang Mai,Sri Wichai,28.06,40.56,33.21,34.48,56.99,33.45,CMU_ST_003,18.7988,98.963
2026-05-01 20:00:00,2026-05-01,20,Chiang Mai,Mueang Chiang Mai,Sri Wichai,28.75,53.12,32.95,34.17,62.19,33.38,CMU_ST_003,18.7988,98.963
2026-05-01 21:00:00,2026-05-01,21,Chiang Mai,Mueang Chiang Mai,Sri Wichai,38.74,49.68,32.0,32.87,59.51,32.33,CMU_ST_003,18.7988,98.963
2026-05-01 22:00:00,2026-05-01,22,Chiang Mai,Mueang Chiang Mai,Sri Wichai,29.02,42.95,32.26,33.46,57.01,32.5,CMU_ST_003,18.7988,98.963
2026-05-01 23:00:00,2026-05-01,23,Chiang Mai,Mueang Chiang Mai,Sri Wichai,34.04,45.76,31.1,32.57,58.86,31.41,CMU_ST_003,18.7988,98.963
2026-05-02 00:00:00,2026-05-02,0,Chiang Mai,Mueang Chiang Mai,Sri Wichai,34.87,58.12,29.96,31.65,67.5,30.57,CMU_ST_003,18.7988,98.963
2026-05-02 01:00:00,2026-05-02,1,Chiang Mai,Mueang Chiang Mai,Sri Wichai,29.05,39.3,29.93,30.7,64.1,30.43,CMU_ST_003,18.7988,98.963
2026-05-02 02:00:00,2026-05-02,2,Chiang Mai,Mueang Chiang Mai,Sri Wichai,37.69,49.29,29.06,30.75,70.46,29.77,CMU_ST_003,18.7988,98.963
2026-05-02 03:00:00,2026-05-02,3,Chiang Mai,Mueang Chiang Mai,Sri Wichai,42.74,51.54,28.75,30.11,66.56,29.33,CMU_ST_003,18.7988,98.963
2026-05-02 04:00:00,2026-05-02,4,Chiang Mai,Mueang Chiang Mai,Sri Wichai,58.01,71.59,28.9,30.6,72.02,29.68,CMU_ST_003,18.7988,98.963
2026-05-02 05:00:00,2026-05-02,5,Chiang Mai,Mueang Chiang Mai,Sri Wichai,65.35,76.81,27.52,28.11,74.22,28.37,CMU_ST_003,18.7988,98.963
2026-05-02 06:00:00,2026-05-02,6,Chiang Mai,Mueang Chiang Mai,Sri Wichai,79.22,86.19,29.29,30.03,62.44,29.73,CMU_ST_003,18.7988,98.963
2026-05-02 07:00:00,2026-05-02,7,Chiang Mai,Mueang Chiang Mai,Sri Wichai,89.95,114.32,29.44,30.42,63.99,29.93,CMU_ST_003,18.7988,98.963
2026-05-02 08:00:00,2026-05-02,8,Chiang Mai,Mueang Chiang Mai,Sri Wichai,96.32,106.19,30.14,31.03,69.72,30.83,CMU_ST_003,18.7988,98.963
2026-05-02 09:00:00,2026-05-02,9,Chiang Mai,Mueang Chiang Mai,Sri Wichai,83.99,101.37,31.42,32.16,67.59,32.04,CMU_ST_003,18.7988,98.963
2026-05-02 10:00:00,2026-05-02,10,Chiang Mai,Mueang Chiang Mai,Sri Wichai,77.34,95.84,33.28,34.0,60.92,33.66,CMU_ST_003,18.7988,98.963
2026-05-02 11:00:00,2026-05-02,11,Chiang Mai,Mueang Chiang Mai,Sri Wichai,72.84,81.69,33.61,34.13,55.03,33.79,CMU_ST_003,18.7988,98.963
2026-05-02 12:00:00,2026-05-02,12,Chiang Mai,Mueang Chiang Mai,Sri Wichai,62.03,73.73,33.95,34.68,54.18,34.1,CMU_ST_003,18.7988,98.963
2026-05-02 13:00:00,2026-05-02,13,Chiang Mai,Mueang Chiang Mai,Sri Wichai,56.25,62.05,34.95,36.5,59.87,35.3,CMU_ST_003,18.7988,98.963
2026-05-02 14:00:00,2026-05-02,14,Chiang Mai,Mueang Chiang Mai,Sri Wichai,42.29,48.06,35.69,37.42,52.7,35.79,CMU_ST_003,18.7988,98.963
2026-05-02 15:00:00,2026-05-02,15,Chiang Mai,Mueang Chiang Mai,Sri Wichai,41.97,58.8,35.82,37.01,56.56,36.05,CMU_ST_003,18.7988,98.963
2026-05-02 16:00:00,2026-05-02,16,Chiang Mai,Mueang Chiang Mai,Sri Wichai,33.82,50.12,36.29,36.86,53.74,36.42,CMU_ST_003,18.7988,98.963
2026-05-02 17:00:00,2026-05-02,17,Chiang Mai,Mueang Chiang Mai,Sri Wichai,44.13,51.46,34.61,36.11,55.38,34.8,CMU_ST_003,18.7988,98.963
2026-05-02 18:00:00,2026-05-02,18,Chiang Mai,Mueang Chiang Mai,Sri Wichai,33.02,50.4,34.43,35.56,59.36,34.76,CMU_ST_003,18.7988,98.963
2026-05-02 19:00:00,2026-05-02,19,Chiang Mai,Mueang Chiang Mai,Sri Wichai,35.37,51.66,34.25,34.96,58.21,34.54,CMU_ST_003,18.7988,98.963
2026-05-02 20:00:00,2026-05-02,20,Chiang Mai,Mueang Chiang Mai,Sri Wichai,34.74,56.04,32.8,34.46,63.7,33.27,CMU_ST_003,18.7988,98.963
2026-05-02 21:00:00,2026-05-02,21,Chiang Mai,Mueang Chiang Mai,Sri Wichai,35.18,44.62,32.52,33.06,63.33,32.99,CMU_ST_003,18.7988,98.963
2026-05-02 22:00:00,2026-05-02,22,Chiang Mai,Mueang Chiang Mai,Sri Wichai,25.17,35.63,31.81,33.07,61.98,32.23,CMU_ST_003,18.7988,98.963
2026-05-02 23:00:00,2026-05-02,23,Chiang Mai,Mueang Chiang Mai,Sri Wichai,34.66,59.59,31.54,33.18,60.64,31.91,CMU_ST_003,18.7988,98.963
2026-05-03 00:00:00,2026-05-03,0,Chiang Mai,Mueang Chiang Mai,Sri Wichai,36.75,46.91,31.14,31.82,63.75,31.63,CMU_ST_003,18.7988,98.963
2026-05-03 01:00:00,2026-05-03,1,Chiang Mai,Mueang Chiang Mai,Sri Wichai,37.94,43.96,29.86,31.24,63.92,30.35,CMU_ST_003,18.7988,98.963
2026-05-03 02:00:00,2026-05-03,2,Chiang Mai,Mueang Chiang Mai,Sri Wichai,50.33,69.0,29.45,30.87,68.07,30.08,CMU_ST_003,18.7988,98.963
2026-05-03 03:00:00,2026-05-03,3,Chiang Mai,Mueang Chiang Mai,Sri Wichai,52.34,64.21,27.92,28.83,71.65,28.68,CMU_ST_003,18.7988,98.963
2026-05-03 04:00:00,2026-05-03,4,Chiang Mai,Mueang Chiang Mai,Sri Wichai,71.49,95.75,27.93,28.99,68.79,28.58,CMU_ST_003,18.7988,98.963
2026-05-03 05:00:00,2026-05-03,5,Chiang Mai,Mueang Chiang Mai,Sri Wichai,86.4,94.39,28.93,29.44,71.59,29.68,CMU_ST_003,18.7988,98.963
2026-05-03 06:00:00,2026-05-03,6,Chiang Mai,Mueang Chiang Mai,Sri Wichai,90.28,96.52,29.05,30.56,64.61,29.56,CMU_ST_003,18.7988,98.963
2026-05-03 07:00:00,2026-05-03,7,Chiang Mai,Mueang Chiang Mai,Sri Wichai,108.76,127.26,28.96,30.26,68.91,29.62,CMU_ST_003,18.7988,98.963
2026-05-03 08:00:00,2026-05-03,8,Chiang Mai,Mueang Chiang Mai,Sri Wichai,116.4,132.31,30.76,32.02,68.73,31.41,CMU_ST_003,18.7988,98.963
2026-05-03 09:00:00,2026-05-03,9,Chiang Mai,Mueang Chiang Mai,Sri Wichai,107.82,128.2,30.64,31.53,63.35,31.11,CMU_ST_003,18.7988,98.963
2026-05-03 10:00:00,2026-05-03,10,Chiang Mai,Mueang Chiang Mai,Sri Wichai,97.64,112.77,32.48,33.0,64.45,32.98,CMU_ST_003,18.7988,98.963
2026-05-03 11:00:00,2026-05-03,11,Chiang Mai,Mueang Chiang Mai,Sri Wichai,95.36,119.64,33.33,34.72,57.35,33.59,CMU_ST_003,18.7988,98.963
2026-05-03 12:00:00,2026-05-03,12,Chiang Mai,Mueang Chiang Mai,Sri Wichai,79.72,94.96,33.85,35.13,61.09,34.24,CMU_ST_003,18.7988,98.963
2026-05-03 13:00:00,2026-05-03,13,Chiang Mai,Mueang Chiang Mai,Sri Wichai,60.66,70.79,34.72,35.41,53.47,34.84,CMU_ST_003,18.7988,98.963
2026-05-03 14:00:00,2026-05-03,14,Chiang Mai,Mueang Chiang Mai,Sri Wichai,60.72,84.33,35.38,37.15,50.41,35.39,CMU_ST_003,18.7988,98.963
2026-05-03 15:00:00,2026-05-03,15,Chiang Mai,Mueang Chiang Mai,Sri Wichai,57.03,78.13,36.14,37.9,55.01,36.32,CMU_ST_003,18.7988,98.963
2026-05-03 16:00:00,2026-05-03,16,Chiang Mai,Mueang Chiang Mai,Sri Wichai,46.63,52.28,36.42,36.98,52.42,36.5,CMU_ST_003,18.7988,98.963
2026-05-03 17:00:00,2026-05-03,17,Chiang Mai,Mueang Chiang Mai,Sri Wichai,55.32,76.33,35.15,36.92,52.69,35.25,CMU_ST_003,18.7988,98.963
2026-05-03 18:00:00,2026-05-03,18,Chiang Mai,Mueang Chiang Mai,Sri Wichai,38.12,62.54,35.18,35.58,54.5,35.33,CMU_ST_003,18.7988,98.963
2026-05-03 19:00:00,2026-05-03,19,Chiang Mai,Mueang Chiang Mai,Sri Wichai,45.97,53.37,33.44,34.8,56.66,33.67,CMU_ST_003,18.7988,98.963
2026-05-03 20:00:00,2026-05-03,20,Chiang Mai,Mueang Chiang Mai,Sri Wichai,34.5,46.23,32.8,34.37,64.77,33.31,CMU_ST_003,18.7988,98.963
2026-05-03 21:00:00,2026-05-03,21,Chiang Mai,Mueang Chiang Mai,Sri Wichai,34.94,45.78,32.06,32.53,61.74,32.47,CMU_ST_003,18.7988,98.963
2026-05-03 22:00:00,2026-05-03,22,Chiang Mai,Mueang Chiang Mai,Sri Wichai,41.52,50.56,31.79,32.8,64.04,32.28,CMU_ST_003,18.7988,98.963
2026-05-03 23:00:00,2026-05-03,23,Chiang Mai,Mueang Chiang Mai,Sri Wichai,32.35,43.97,31.11,32.09,60.9,31.49,CMU_ST_003,18.7988,98.963
2026-05-04 00:00:00,2026-05-04,0,Chiang Mai,Mueang Chiang Mai,Sri Wichai,55.97,67.92,30.8,32.08,68.61,31.46,CMU_ST_003,18.7988,98.963
2026-05-04 01:00:00,2026-05-04,1,Chiang Mai,Mueang Chiang Mai,Sri Wichai,48.08,53.11,29.68,30.49,65.53,30.23,CMU_ST_003,18.7988,98.963
2026-05-04 02:00:00,2026-05-04,2,Chiang Mai,Mueang Chiang Mai,Sri Wichai,56.49,62.73,28.54,29.23,66.21,29.1,CMU_ST_003,18.7988,98.963
2026-05-04 03:00:00,2026-05-04,3,Chiang Mai,Mueang Chiang Mai,Sri Wichai,74.44,84.4,28.53,30.13,73.17,29.34,CMU_ST_003,18.7988,98.963
2026-05-04 04:00:00,2026-05-04,4,Chiang Mai,Mueang Chiang Mai,Sri Wichai,82.93,88.68,28.5,29.06,69.61,29.18,CMU_ST_003,18.7988,98.963
2026-05-04 05:00:00,2026-05-04,5,Chiang Mai,Mueang Chiang Mai,Sri Wichai,107.39,124.53,27.61,28.34,73.4,28.43,CMU_ST_003,18.7988,98.963
2026-05-04 06:00:00,2026-05-04,6,Chiang Mai,Mueang Chiang Mai,Sri Wichai,129.16,151.07,28.79,30.05,64.69,29.31,CMU_ST_003,18.7988,98.963
2026-05-04 07:00:00,2026-05-04,7,Chiang Mai,Mueang Chiang Mai,Sri Wichai,133.74,148.69,28.55,29.25,70.33,29.26,CMU_ST_003,18.7988,98.963
2026-05-04 08:00:00,2026-05-04,8,Chiang Mai,Mueang Chiang Mai,Sri Wichai,136.87,143.05,29.88,30.8,62.3,30.31,CMU_ST_003,18.7988,98.963
2026-05-04 09:00:00,2026-05-04,9,Chiang Mai,Mueang Chiang Mai,Sri Wichai,147.03,152.34,31.87,33.11,60.58,32.24,CMU_ST_003,18.7988,98.963
2026-05-04 10:00:00,2026-05-04,10,Chiang Mai,Mueang Chiang Mai,Sri Wichai,132.86,145.41,31.91,32.72,65.22,32.44,CMU_ST_003,18.7988,98.963
2026-05-04 11:00:00,2026-05-04,11,Chiang Mai,Mueang Chiang Mai,Sri Wichai,118.06,136.24,33.64,35.37,56.06,33.85,CMU_ST_003,18.7988,98.963
2026-05-04 12:00:00,2026-05-04,12,Chiang Mai,Mueang Chiang Mai,Sri Wichai,102.98,127.85,34.56,35.35,54.56,34.72,CMU_ST_003,18.7988,98.963
2026-05-04 13:00:00,2026-05-04,13,Chiang Mai,Mueang Chiang Mai,Sri Wichai,88.23,97.8,35.64,37.2,51.88,35.71,CMU_ST_003,18.7988,98.963
2026-05-04 14:00:00,2026-05-04,14,Chiang Mai,Mueang Chiang Mai,Sri Wichai,76.17,96.79,36.53,37.28,54.99,36.7,CMU_ST_003,18.7988,98.963
2026-05-04 15:00:00,2026-05-04,15,Chiang Mai,Mueang Chiang Mai,Sri Wichai,62.95,78.32,35.48,36.86,54.71,35.64,CMU_ST_003,18.7988,98.963
2026-05-04 16:00:00,2026-05-04,16,Chiang Mai,Mueang Chiang Mai,Sri Wichai,66.15,89.25,36.36,37.83,51.37,36.41,CMU_ST_003,18.7988,98.963
2026-05-04 17:00:00,2026-05-04,17,Chiang Mai,Mueang Chiang Mai,Sri Wichai,68.66,77.82,34.79,35.72,61.36,35.19,CMU_ST_003,18.7988,98.963
2026-05-04 18:00:00,2026-05-04,18,Chiang Mai,Mueang Chiang Mai,Sri Wichai,62.53,69.22,35.32,36.45,59.17,35.64,CMU_ST_003,18.7988,98.963
2026-05-04 19:00:00,2026-05-04,19,Chiang Mai,Mueang Chiang Mai,Sri Wichai,48.68,55.34,33.39,34.35,57.48,33.65,CMU_ST_003,18.7988,98.963
2026-05-04 20:00:00,2026-05-04,20,Chiang Mai,Mueang Chiang Mai,Sri Wichai,51.72,74.33,33.22,33.71,63.39,33.69,CMU_ST_003,18.7988,98.963
2026-05-04 21:00:00,2026-05-04,21,Chiang Mai,Mueang Chiang Mai,Sri Wichai,57.7,81.1,32.05,33.02,60.57,32.42,CMU_ST_003,18.7988,98.963
2026-05-04 22:00:00,2026-05-04,22,Chiang Mai,Mueang Chiang Mai,Sri Wichai,43.04,52.71,32.38,32.84,58.66,32.68,CMU_ST_003,18.7988,98.963
2026-05-04 23:00:00,2026-05-04,23,Chiang Mai,Mueang Chiang Mai,Sri Wichai,42.58,65.76,30.81,31.85,60.52,31.17,CMU_ST_003,18.7988,98.963
2026-05-05 00:00:00,2026-05-05,0,Chiang Mai,Mueang Chiang Mai,Sri Wichai,50.44,64.24,30.52,31.48,65.51,31.06,CMU_ST_003,18.7988,98.963
2026-05-05 01:00:00,2026-05-05,1,Chiang Mai,Mueang Chiang Mai,Sri Wichai,48.59,73.58,30.49,32.25,65.41,31.03,CMU_ST_003,18.7988,98.963
2026-05-05 02:00:00,2026-05-05,2,Chiang Mai,Mueang Chiang Mai,Sri Wichai,57.49,76.24,28.99,30.47,67.83,29.61,CMU_ST_003,18.7988,98.963
2026-05-05 03:00:00,2026-05-05,3,Chiang Mai,Mueang Chiang Mai,Sri Wichai,70.97,77.23,28.69,29.56,72.81,29.49,CMU_ST_003,18.7988,98.963
2026-05-05 04:00:00,2026-05-05,4,Chiang Mai,Mueang Chiang Mai,Sri Wichai,82.82,96.61,27.79,28.58,66.93,28.38,CMU_ST_003,18.7988,98.963
2026-05-05 05:00:00,2026-05-05,5,Chiang Mai,Mueang Chiang Mai,Sri Wichai,113.13,125.92,28.01,29.25,72.92,28.81,CMU_ST_003,18.7988,98.963
2026-05-05 06:00:00,2026-05-05,6,Chiang Mai,Mueang Chiang Mai,Sri Wichai,120.48,137.82,28.5,29.44,71.23,29.25,CMU_ST_003,18.7988,98.963
2026-05-05 07:00:00,2026-05-05,7,Chiang Mai,Mueang Chiang Mai,Sri Wichai,136.57,157.88,28.99,30.02,72.86,29.79,CMU_ST_003,18.7988,98.963
2026-05-05 08:00:00,2026-05-05,8,Chiang Mai,Mueang Chiang Mai,Sri Wichai,151.83,167.55,29.8,30.96,61.65,30.2,CMU_ST_003,18.7988,98.963
2026-05-05 09:00:00,2026-05-05,9,Chiang Mai,Mueang Chiang Mai,Sri Wichai,136.72,148.67,30.79,32.18,59.87,31.13,CMU_ST_003,18.7988,98.963
2026-05-05 10:00:00,2026-05-05,10,Chiang Mai,Mueang Chiang Mai,Sri Wichai,121.51,130.41,31.94,33.27,61.02,32.33,CMU_ST_003,18.7988,98.963
2026-05-05 11:00:00,2026-05-05,11,Chiang Mai,Mueang Chiang Mai,Sri Wichai,117.66,132.17,33.27,33.68,58.48,33.56,CMU_ST_003,18.7988,98.963
2026-05-05 12:00:00,2026-05-05,12,Chiang Mai,Mueang Chiang Mai,Sri Wichai,89.53,106.5,35.05,35.58,58.49,35.35,CMU_ST_003,18.7988,98.963
2026-05-05 13:00:00,2026-05-05,13,Chiang Mai,Mueang Chiang Mai,Sri Wichai,82.49,94.96,35.9,36.43,52.26,35.98,CMU_ST_003,18.7988,98.963
2026-05-05 14:00:00,2026-05-05,14,Chiang Mai,Mueang Chiang Mai,Sri Wichai,75.3,83.27,36.35,37.89,56.28,36.57,CMU_ST_003,18.7988,98.963
2026-05-05 15:00:00,2026-05-05,15,Chiang Mai,Mueang Chiang Mai,Sri Wichai,62.02,77.76,35.34,35.83,57.51,35.6,CMU_ST_003,18.7988,98.963
2026-05-05 16:00:00,2026-05-05,16,Chiang Mai,Mueang Chiang Mai,Sri Wichai,66.43,79.32,36.32,37.94,55.55,36.52,CMU_ST_003,18.7988,98.963
2026-05-05 17:00:00,2026-05-05,17,Chiang Mai,Mueang Chiang Mai,Sri Wichai,59.05,82.0,35.55,36.19,57.82,35.82,CMU_ST_003,18.7988,98.963
2026-05-05 18:00:00,2026-05-05,18,Chiang Mai,Mueang Chiang Mai,Sri Wichai,60.38,82.56,34.02,35.06,61.95,34.44,CMU_ST_003,18.7988,98.963
2026-05-05 19:00:00,2026-05-05,19,Chiang Mai,Mueang Chiang Mai,Sri Wichai,54.22,72.42,33.66,34.34,56.29,33.88,CMU_ST_003,18.7988,98.963
2026-05-05 20:00:00,2026-05-05,20,Chiang Mai,Mueang Chiang Mai,Sri Wichai,57.59,82.47,32.7,34.18,55.77,32.9,CMU_ST_003,18.7988,98.963
2026-05-05 21:00:00,2026-05-05,21,Chiang Mai,Mueang Chiang Mai,Sri Wichai,47.07,55.64,32.26,34.04,62.15,32.69,CMU_ST_003,18.7988,98.963
2026-05-05 22:00:00,2026-05-05,22,Chiang Mai,Mueang Chiang Mai,Sri Wichai,51.43,56.45,32.78,33.64,57.39,33.04,CMU_ST_003,18.7988,98.963
2026-05-05 23:00:00,2026-05-05,23,Chiang Mai,Mueang Chiang Mai,Sri Wichai,53.28,72.64,31.27,32.26,62.38,31.7,CMU_ST_003,18.7988,98.963
2026-05-06 00:00:00,2026-05-06,0,Chiang Mai,Mueang Chiang Mai,Sri Wichai,44.38,55.06,30.6,32.34,68.19,31.23,CMU_ST_003,18.7988,98.963
2026-05-06 01:00:00,2026-05-06,1,Chiang Mai,Mueang Chiang Mai,Sri Wichai,55.94,69.82,29.34,30.08,66.12,29.9,CMU_ST_003,18.7988,98.963
2026-05-06 02:00:00,2026-05-06,2,Chiang Mai,Mueang Chiang Mai,Sri Wichai,49.24,69.2,29.16,29.9,71.58,29.92,CMU_ST_003,18.7988,98.963
2026-05-06 03:00:00,2026-05-06,3,Chiang Mai,Mueang Chiang Mai,Sri Wichai,65.73,72.06,28.05,29.7,72.32,28.83,CMU_ST_003,18.7988,98.963
2026-05-06 04:00:00,2026-05-06,4,Chiang Mai,Mueang Chiang Mai,Sri Wichai,82.63,90.21,27.68,29.33,72.54,28.47,CMU_ST_003,18.7988,98.963
2026-05-06 05:00:00,2026-05-06,5,Chiang Mai,Mueang Chiang Mai,Sri Wichai,92.71,113.73,28.91,30.5,69.59,29.59,CMU_ST_003,18.7988,98.963
2026-05-06 06:00:00,2026-05-06,6,Chiang Mai,Mueang Chiang Mai,Sri Wichai,110.31,120.79,28.87,30.56,72.89,29.67,CMU_ST_003,18.7988,98.963
2026-05-06 07:00:00,2026-05-06,7,Chiang Mai,Mueang Chiang Mai,Sri Wichai,124.47,136.54,29.19,30.31,63.57,29.66,CMU_ST_003,18.7988,98.963
2026-05-06 08:00:00,2026-05-06,8,Chiang Mai,Mueang Chiang Mai,Sri Wichai,124.5,136.56,29.95,31.03,68.47,30.59,CMU_ST_003,18.7988,98.963
2026-05-06 09:00:00,2026-05-06,9,Chiang Mai,Mueang Chiang Mai,Sri Wichai,123.11,145.26,31.7,32.33,62.88,32.15,CMU_ST_003,18.7988,98.963
2026-05-06 10:00:00,2026-05-06,10,Chiang Mai,Mueang Chiang Mai,Sri Wichai,112.08,136.74,32.44,33.81,63.32,32.91,CMU_ST_003,18.7988,98.963
2026-05-06 11:00:00,2026-05-06,11,Chiang Mai,Mueang Chiang Mai,Sri Wichai,107.1,129.02,32.89,34.68,57.12,33.14,CMU_ST_003,18.7988,98.963
2026-05-06 12:00:00,2026-05-06,12,Chiang Mai,Mueang Chiang Mai,Sri Wichai,87.97,108.59,34.84,35.25,52.67,34.94,CMU_ST_003,18.7988,98.963
2026-05-06 13:00:00,2026-05-06,13,Chiang Mai,Mueang Chiang Mai,Sri Wichai,66.93,89.74,35.45,36.71,51.77,35.51,CMU_ST_003,18.7988,98.963
2026-05-06 14:00:00,2026-05-06,14,Chiang Mai,Mueang Chiang Mai,Sri Wichai,67.11,84.05,36.42,37.06,51.02,36.45,CMU_ST_003,18.7988,98.963
2026-05-06 15:00:00,2026-05-06,15,Chiang Mai,Mueang Chiang Mai,Sri Wichai,68.97,83.28,36.64,37.81,53.01,36.74,CMU_ST_003,18.7988,98.963
2026-05-06 16:00:00,2026-05-06,16,Chiang Mai,Mueang Chiang Mai,Sri Wichai,58.51,81.35,35.96,36.46,50.11,35.96,CMU_ST_003,18.7988,98.963
2026-05-06 17:00:00,2026-05-06,17,Chiang Mai,Mueang Chiang Mai,Sri Wichai,48.75,68.16,35.3,36.27,54.84,35.47,CMU_ST_003,18.7988,98.963
2026-05-06 18:00:00,2026-05-06,18,Chiang Mai,Mueang Chiang Mai,Sri Wichai,51.86,63.3,34.2,34.73,56.84,34.44,CMU_ST_003,18.7988,98.963
2026-05-06 19:00:00,2026-05-06,19,Chiang Mai,Mueang Chiang Mai,Sri Wichai,45.65,51.47,33.48,34.17,62.56,33.92,CMU_ST_003,18.7988,98.963
2026-05-06 20:00:00,2026-05-06,20,Chiang Mai,Mueang Chiang Mai,Sri Wichai,54.4,74.55,33.84,35.09,60.55,34.21,CMU_ST_003,18.7988,98.963
2026-05-06 21:00:00,2026-05-06,21,Chiang Mai,Mueang Chiang Mai,Sri Wichai,46.06,53.81,31.85,32.68,67.12,32.44,CMU_ST_003,18.7988,98.963
2026-05-06 22:00:00,2026-05-06,22,Chiang Mai,Mueang Chiang Mai,Sri Wichai,38.92,50.52,32.6,34.14,57.36,32.86,CMU_ST_003,18.7988,98.963
2026-05-06 23:00:00,2026-05-06,23,Chiang Mai,Mueang Chiang Mai,Sri Wichai,45.98,56.8,31.46,32.21,67.51,32.07,CMU_ST_003,18.7988,98.963
2026-05-07 00:00:00,2026-05-07,0,Chiang Mai,Mueang Chiang Mai,Sri Wichai,43.59,62.16,30.47,31.47,61.59,30.88,CMU_ST_003,18.7988,98.963
2026-05-07 01:00:00,2026-05-07,1,Chiang Mai,Mueang Chiang Mai,Sri Wichai,39.67,56.5,29.55,30.79,64.45,30.05,CMU_ST_003,18.7988,98.963
2026-05-07 02:00:00,2026-05-07,2,Chiang Mai,Mueang Chiang Mai,Sri Wichai,44.2,65.79,29.9,31.02,67.81,30.52,CMU_ST_003,18.7988,98.963
2026-05-07 03:00:00,2026-05-07,3,Chiang Mai,Mueang Chiang Mai,Sri Wichai,45.22,64.85,28.11,29.6,71.31,28.86,CMU_ST_003,18.7988,98.963
2026-05-07 04:00:00,2026-05-07,4,Chiang Mai,Mueang Chiang Mai,Sri Wichai,65.06,86.0,27.76,28.79,72.09,28.53,CMU_ST_003,18.7988,98.963
2026-05-07 05:00:00,2026-05-07,5,Chiang Mai,Mueang Chiang Mai,Sri Wichai,80.34,87.08,28.72,29.12,65.28,29.26,CMU_ST_003,18.7988,98.963
2026-05-07 06:00:00,2026-05-07,6,Chiang Mai,Mueang Chiang Mai,Sri Wichai,94.07,99.71,28.2,29.87,66.41,28.77,CMU_ST_003,18.7988,98.963
2026-05-07 07:00:00,2026-05-07,7,Chiang Mai,Mueang Chiang Mai,Sri Wichai,105.74,123.14,29.43,30.69,69.41,30.11,CMU_ST_003,18.7988,98.963
2026-05-07 08:00:00,2026-05-07,8,Chiang Mai,Mueang Chiang Mai,Sri Wichai,102.78,108.7,29.7,30.95,68.81,30.36,CMU_ST_003,18.7988,98.963
2026-05-07 09:00:00,2026-05-07,9,Chiang Mai,Mueang Chiang Mai,Sri Wichai,101.79,108.66,31.48,32.02,64.54,31.99,CMU_ST_003,18.7988,98.963
2026-05-07 10:00:00,2026-05-07,10,Chiang Mai,Mueang Chiang Mai,Sri Wichai,92.61,114.84,32.77,34.35,61.61,33.18,CMU_ST_003,18.7988,98.963
2026-05-07 11:00:00,2026-05-07,11,Chiang Mai,Mueang Chiang Mai,Sri Wichai,83.55,104.25,33.02,33.55,62.15,33.44,CMU_ST_003,18.7988,98.963
2026-05-07 12:00:00,2026-05-07,12,Chiang Mai,Mueang Chiang Mai,Sri Wichai,75.59,84.65,34.02,35.4,59.78,34.36,CMU_ST_003,18.7988,98.963
2026-05-07 13:00:00,2026-05-07,13,Chiang Mai,Mueang Chiang Mai,Sri Wichai,60.81,78.27,35.78,37.29,56.54,36.01,CMU_ST_003,18.7988,98.963
2026-05-07 14:00:00,2026-05-07,14,Chiang Mai,Mueang Chiang Mai,Sri Wichai,52.74,74.85,35.67,37.06,51.87,35.73,CMU_ST_003,18.7988,98.963
2026-05-07 15:00:00,2026-05-07,15,Chiang Mai,Mueang Chiang Mai,Sri Wichai,43.81,66.19,36.07,36.71,56.28,36.29,CMU_ST_003,18.7988,98.963
2026-05-07 16:00:00,2026-05-07,16,Chiang Mai,Mueang Chiang Mai,Sri Wichai,40.81,52.26,35.51,36.51,50.93,35.54,CMU_ST_003,18.7988,98.963
2026-05-07 17:00:00,2026-05-07,17,Chiang Mai,Mueang Chiang Mai,Sri Wichai,41.1,59.44,35.07,36.72,51.97,35.14,CMU_ST_003,18.7988,98.963
2026-05-07 18:00:00,2026-05-07,18,Chiang Mai,Mueang Chiang Mai,Sri Wichai,47.96,53.5,34.24,35.32,57.84,34.51,CMU_ST_003,18.7988,98.963
2026-05-07 19:00:00,2026-05-07,19,Chiang Mai,Mueang Chiang Mai,Sri Wichai,39.35,57.82,34.09,35.5,57.68,34.36,CMU_ST_003,18.7988,98.963
2026-05-07 20:00:00,2026-05-07,20,Chiang Mai,Mueang Chiang Mai,Sri Wichai,34.29,42.0,33.11,34.31,56.6,33.34,CMU_ST_003,18.7988,98.963
2026-05-07 21:00:00,2026-05-07,21,Chiang Mai,Mueang Chiang Mai,Sri Wichai,37.27,61.96,33.19,34.75,57.92,33.47,CMU_ST_003,18.7988,98.963
2026-05-07 22:00:00,2026-05-07,22,Chiang Mai,Mueang Chiang Mai,Sri Wichai,36.6,58.74,32.63,33.35,56.97,32.87,CMU_ST_003,18.7988,98.963
2026-05-07 23:00:00,2026-05-07,23,Chiang Mai,Mueang Chiang Mai,Sri Wichai,37.68,53.69,31.49,32.7,60.61,31.86,CMU_ST_003,18.7988,98.963
2026-05-01 00:00:00,2026-05-01,0,Chiang Mai,Mueang Chiang Mai,Pa Daet,37.43,56.81,31.16,32.1,63.99,31.65,CMU_ST_004,18.7537,98.9721
2026-05-01 01:00:00,2026-05-01,1,Chiang Mai,Mueang Chiang Mai,Pa Daet,26.13,39.86,31.39,32.57,66.95,31.98,CMU_ST_004,18.7537,98.9721
2026-05-01 02:00:00,2026-05-01,2,Chiang Mai,Mueang Chiang Mai,Pa Daet,35.33,43.4,30.3,31.29,69.93,31.0,CMU_ST_004,18.7537,98.9721
2026-05-01 03:00:00,2026-05-01,3,Chiang Mai,Mueang Chiang Mai,Pa Daet,42.01,62.41,29.03,30.45,71.51,29.78,CMU_ST_004,18.7537,98.9721
2026-05-01 04:00:00,2026-05-01,4,Chiang Mai,Mueang Chiang Mai,Pa Daet,55.71,74.29,29.13,29.55,67.04,29.73,CMU_ST_004,18.7537,98.9721
2026-05-01 05:00:00,2026-05-01,5,Chiang Mai,Mueang Chiang Mai,Pa Daet,62.11,72.22,28.61,30.35,68.16,29.24,CMU_ST_004,18.7537,98.9721
2026-05-01 06:00:00,2026-05-01,6,Chiang Mai,Mueang Chiang Mai,Pa Daet,78.19,91.15,30.15,31.36,65.37,30.69,CMU_ST_004,18.7537,98.9721
2026-05-01 07:00:00,2026-05-01,7,Chiang Mai,Mueang Chiang Mai,Pa Daet,82.53,102.73,30.92,31.56,61.25,31.31,CMU_ST_004,18.7537,98.9721
2026-05-01 08:00:00,2026-05-01,8,Chiang Mai,Mueang Chiang Mai,Pa Daet,82.41,89.78,31.8,32.99,60.95,32.18,CMU_ST_004,18.7537,98.9721
2026-05-01 09:00:00,2026-05-01,9,Chiang Mai,Mueang Chiang Mai,Pa Daet,88.08,113.06,32.27,33.88,59.54,32.61,CMU_ST_004,18.7537,98.9721
2026-05-01 10:00:00,2026-05-01,10,Chiang Mai,Mueang Chiang Mai,Pa Daet,73.76,93.01,34.06,35.64,61.27,34.46,CMU_ST_004,18.7537,98.9721
2026-05-01 11:00:00,2026-05-01,11,Chiang Mai,Mueang Chiang Mai,Pa Daet,61.49,77.28,34.79,36.36,55.86,35.0,CMU_ST_004,18.7537,98.9721
2026-05-01 12:00:00,2026-05-01,12,Chiang Mai,Mueang Chiang Mai,Pa Daet,63.26,81.15,36.25,37.92,53.97,36.39,CMU_ST_004,18.7537,98.9721
2026-05-01 13:00:00,2026-05-01,13,Chiang Mai,Mueang Chiang Mai,Pa Daet,53.9,72.45,36.12,36.97,53.22,36.23,CMU_ST_004,18.7537,98.9721
2026-05-01 14:00:00,2026-05-01,14,Chiang Mai,Mueang Chiang Mai,Pa Daet,37.48,45.77,36.14,37.08,51.14,36.18,CMU_ST_004,18.7537,98.9721
2026-05-01 15:00:00,2026-05-01,15,Chiang Mai,Mueang Chiang Mai,Pa Daet,33.51,52.9,37.55,39.33,47.42,37.55,CMU_ST_004,18.7537,98.9721
2026-05-01 16:00:00,2026-05-01,16,Chiang Mai,Mueang Chiang Mai,Pa Daet,39.85,48.37,37.24,38.42,50.99,37.28,CMU_ST_004,18.7537,98.9721
2026-05-01 17:00:00,2026-05-01,17,Chiang Mai,Mueang Chiang Mai,Pa Daet,37.72,62.54,36.08,37.04,54.69,36.25,CMU_ST_004,18.7537,98.9721
2026-05-01 18:00:00,2026-05-01,18,Chiang Mai,Mueang Chiang Mai,Pa Daet,31.42,46.93,35.48,37.19,51.93,35.55,CMU_ST_004,18.7537,98.9721
2026-05-01 19:00:00,2026-05-01,19,Chiang Mai,Mueang Chiang Mai,Pa Daet,28.52,37.28,35.32,35.81,58.26,35.61,CMU_ST_004,18.7537,98.9721
2026-05-01 20:00:00,2026-05-01,20,Chiang Mai,Mueang Chiang Mai,Pa Daet,27.22,47.28,33.5,33.94,61.32,33.89,CMU_ST_004,18.7537,98.9721
2026-05-01 21:00:00,2026-05-01,21,Chiang Mai,Mueang Chiang Mai,Pa Daet,33.38,49.5,32.83,33.98,63.5,33.3,CMU_ST_004,18.7537,98.9721
2026-05-01 22:00:00,2026-05-01,22,Chiang Mai,Mueang Chiang Mai,Pa Daet,28.62,52.93,32.51,33.81,59.95,32.85,CMU_ST_004,18.7537,98.9721
2026-05-01 23:00:00,2026-05-01,23,Chiang Mai,Mueang Chiang Mai,Pa Daet,36.43,58.64,32.12,32.68,62.93,32.57,CMU_ST_004,18.7537,98.9721
2026-05-02 00:00:00,2026-05-02,0,Chiang Mai,Mueang Chiang Mai,Pa Daet,27.83,35.7,31.13,32.77,62.51,31.57,CMU_ST_004,18.7537,98.9721
2026-05-02 01:00:00,2026-05-02,1,Chiang Mai,Mueang Chiang Mai,Pa Daet,32.44,53.0,31.49,31.97,59.01,31.8,CMU_ST_004,18.7537,98.9721
2026-05-02 02:00:00,2026-05-02,2,Chiang Mai,Mueang Chiang Mai,Pa Daet,34.12,43.7,29.83,30.6,63.09,30.28,CMU_ST_004,18.7537,98.9721
2026-05-02 03:00:00,2026-05-02,3,Chiang Mai,Mueang Chiang Mai,Pa Daet,53.31,73.55,29.79,31.44,62.62,30.23,CMU_ST_004,18.7537,98.9721
2026-05-02 04:00:00,2026-05-02,4,Chiang Mai,Mueang Chiang Mai,Pa Daet,52.38,64.6,28.53,29.56,69.11,29.2,CMU_ST_004,18.7537,98.9721
2026-05-02 05:00:00,2026-05-02,5,Chiang Mai,Mueang Chiang Mai,Pa Daet,69.2,77.1,29.26,31.0,66.71,29.84,CMU_ST_004,18.7537,98.9721
2026-05-02 06:00:00,2026-05-02,6,Chiang Mai,Mueang Chiang Mai,Pa Daet,78.45,92.33,29.1,30.78,65.68,29.64,CMU_ST_004,18.7537,98.9721
2026-05-02 07:00:00,2026-05-02,7,Chiang Mai,Mueang Chiang Mai,Pa Daet,88.76,108.22,30.78,32.44,61.08,31.16,CMU_ST_004,18.7537,98.9721
2026-05-02 08:00:00,2026-05-02,8,Chiang Mai,Mueang Chiang Mai,Pa Daet,92.9,107.77,31.43,32.02,59.19,31.75,CMU_ST_004,18.7537,98.9721
2026-05-02 09:00:00,2026-05-02,9,Chiang Mai,Mueang Chiang Mai,Pa Daet,93.08,108.14,32.52,33.11,65.8,33.07,CMU_ST_004,18.7537,98.9721
2026-05-02 10:00:00,2026-05-02,10,Chiang Mai,Mueang Chiang Mai,Pa Daet,76.49,89.28,34.15,34.73,60.87,34.53,CMU_ST_004,18.7537,98.9721
2026-05-02 11:00:00,2026-05-02,11,Chiang Mai,Mueang Chiang Mai,Pa Daet,66.08,76.02,34.7,35.45,52.12,34.78,CMU_ST_004,18.7537,98.9721
2026-05-02 12:00:00,2026-05-02,12,Chiang Mai,Mueang Chiang Mai,Pa Daet,60.28,85.13,35.08,35.82,52.23,35.16,CMU_ST_004,18.7537,98.9721
2026-05-02 13:00:00,2026-05-02,13,Chiang Mai,Mueang Chiang Mai,Pa Daet,59.29,80.59,36.93,37.54,52.71,37.02,CMU_ST_004,18.7537,98.9721
2026-05-02 14:00:00,2026-05-02,14,Chiang Mai,Mueang Chiang Mai,Pa Daet,54.98,62.51,37.47,38.7,50.9,37.5,CMU_ST_004,18.7537,98.9721
2026-05-02 15:00:00,2026-05-02,15,Chiang Mai,Mueang Chiang Mai,Pa Daet,39.14,44.53,37.41,38.05,50.41,37.42,CMU_ST_004,18.7537,98.9721
2026-05-02 16:00:00,2026-05-02,16,Chiang Mai,Mueang Chiang Mai,Pa Daet,37.21,45.15,36.04,37.01,57.82,36.31,CMU_ST_004,18.7537,98.9721
2026-05-02 17:00:00,2026-05-02,17,Chiang Mai,Mueang Chiang Mai,Pa Daet,46.3,57.83,36.26,37.05,56.5,36.49,CMU_ST_004,18.7537,98.9721
2026-05-02 18:00:00,2026-05-02,18,Chiang Mai,Mueang Chiang Mai,Pa Daet,43.57,58.82,35.39,37.09,57.51,35.65,CMU_ST_004,18.7537,98.9721
2026-05-02 19:00:00,2026-05-02,19,Chiang Mai,Mueang Chiang Mai,Pa Daet,31.52,51.95,34.63,35.74,53.55,34.75,CMU_ST_004,18.7537,98.9721
2026-05-02 20:00:00,2026-05-02,20,Chiang Mai,Mueang Chiang Mai,Pa Daet,36.67,53.94,34.89,36.51,53.69,35.02,CMU_ST_004,18.7537,98.9721
2026-05-02 21:00:00,2026-05-02,21,Chiang Mai,Mueang Chiang Mai,Pa Daet,37.08,61.65,32.89,33.96,56.43,33.12,CMU_ST_004,18.7537,98.9721
2026-05-02 22:00:00,2026-05-02,22,Chiang Mai,Mueang Chiang Mai,Pa Daet,27.6,37.72,33.21,34.06,61.73,33.62,CMU_ST_004,18.7537,98.9721
2026-05-02 23:00:00,2026-05-02,23,Chiang Mai,Mueang Chiang Mai,Pa Daet,32.59,55.6,32.06,33.42,60.66,32.43,CMU_ST_004,18.7537,98.9721
2026-05-03 00:00:00,2026-05-03,0,Chiang Mai,Mueang Chiang Mai,Pa Daet,43.88,57.91,32.09,33.39,61.78,32.5,CMU_ST_004,18.7537,98.9721
2026-05-03 01:00:00,2026-05-03,1,Chiang Mai,Mueang Chiang Mai,Pa Daet,40.03,45.5,30.41,31.95,62.0,30.83,CMU_ST_004,18.7537,98.9721
2026-05-03 02:00:00,2026-05-03,2,Chiang Mai,Mueang Chiang Mai,Pa Daet,50.2,58.26,30.82,31.74,64.65,31.33,CMU_ST_004,18.7537,98.9721
2026-05-03 03:00:00,2026-05-03,3,Chiang Mai,Mueang Chiang Mai,Pa Daet,57.39,76.58,30.24,31.46,61.77,30.65,CMU_ST_004,18.7537,98.9721
2026-05-03 04:00:00,2026-05-03,4,Chiang Mai,Mueang Chiang Mai,Pa Daet,70.77,75.99,29.84,31.47,67.41,30.45,CMU_ST_004,18.7537,98.9721
2026-05-03 05:00:00,2026-05-03,5,Chiang Mai,Mueang Chiang Mai,Pa Daet,71.95,96.15,29.8,31.18,64.66,30.32,CMU_ST_004,18.7537,98.9721
2026-05-03 06:00:00,2026-05-03,6,Chiang Mai,Mueang Chiang Mai,Pa Daet,98.28,112.42,29.22,30.89,64.2,29.72,CMU_ST_004,18.7537,98.9721
2026-05-03 07:00:00,2026-05-03,7,Chiang Mai,Mueang Chiang Mai,Pa Daet,103.94,109.59,30.5,31.75,62.01,30.92,CMU_ST_004,18.7537,98.9721
2026-05-03 08:00:00,2026-05-03,8,Chiang Mai,Mueang Chiang Mai,Pa Daet,116.67,129.63,30.81,31.68,64.06,31.3,CMU_ST_004,18.7537,98.9721
2026-05-03 09:00:00,2026-05-03,9,Chiang Mai,Mueang Chiang Mai,Pa Daet,107.26,128.79,32.62,34.12,59.52,32.95,CMU_ST_004,18.7537,98.9721
2026-05-03 10:00:00,2026-05-03,10,Chiang Mai,Mueang Chiang Mai,Pa Daet,92.34,108.65,33.23,34.78,64.4,33.73,CMU_ST_004,18.7537,98.9721
2026-05-03 11:00:00,2026-05-03,11,Chiang Mai,Mueang Chiang Mai,Pa Daet,92.13,110.73,34.15,35.77,60.22,34.5,CMU_ST_004,18.7537,98.9721
2026-05-03 12:00:00,2026-05-03,12,Chiang Mai,Mueang Chiang Mai,Pa Daet,70.95,93.94,35.77,37.37,52.87,35.87,CMU_ST_004,18.7537,98.9721
2026-05-03 13:00:00,2026-05-03,13,Chiang Mai,Mueang Chiang Mai,Pa Daet,64.53,70.2,36.57,37.24,52.21,36.64,CMU_ST_004,18.7537,98.9721
2026-05-03 14:00:00,2026-05-03,14,Chiang Mai,Mueang Chiang Mai,Pa Daet,57.17,64.2,36.54,37.47,56.44,36.77,CMU_ST_004,18.7537,98.9721
2026-05-03 15:00:00,2026-05-03,15,Chiang Mai,Mueang Chiang Mai,Pa Daet,53.16,60.81,36.63,37.9,52.87,36.73,CMU_ST_004,18.7537,98.9721
2026-05-03 16:00:00,2026-05-03,16,Chiang Mai,Mueang Chiang Mai,Pa Daet,49.9,74.01,37.26,38.31,47.0,37.26,CMU_ST_004,18.7537,98.9721
2026-05-03 17:00:00,2026-05-03,17,Chiang Mai,Mueang Chiang Mai,Pa Daet,40.72,51.18,36.68,37.84,50.94,36.71,CMU_ST_004,18.7537,98.9721
2026-05-03 18:00:00,2026-05-03,18,Chiang Mai,Mueang Chiang Mai,Pa Daet,49.87,66.47,35.06,36.3,58.24,35.35,CMU_ST_004,18.7537,98.9721
2026-05-03 19:00:00,2026-05-03,19,Chiang Mai,Mueang Chiang Mai,Pa Daet,37.73,59.66,35.67,36.47,53.29,35.78,CMU_ST_004,18.7537,98.9721
2026-05-03 20:00:00,2026-05-03,20,Chiang Mai,Mueang Chiang Mai,Pa Daet,43.71,61.22,34.26,35.32,55.84,34.46,CMU_ST_004,18.7537,98.9721
2026-05-03 21:00:00,2026-05-03,21,Chiang Mai,Mueang Chiang Mai,Pa Daet,35.26,41.63,33.06,33.73,62.68,33.5,CMU_ST_004,18.7537,98.9721
2026-05-03 22:00:00,2026-05-03,22,Chiang Mai,Mueang Chiang Mai,Pa Daet,34.74,56.78,32.85,33.89,56.99,33.09,CMU_ST_004,18.7537,98.9721
2026-05-03 23:00:00,2026-05-03,23,Chiang Mai,Mueang Chiang Mai,Pa Daet,31.79,55.07,32.59,34.07,60.76,32.96,CMU_ST_004,18.7537,98.9721
2026-05-04 00:00:00,2026-05-04,0,Chiang Mai,Mueang Chiang Mai,Pa Daet,46.46,69.61,31.45,32.5,66.46,32.02,CMU_ST_004,18.7537,98.9721
2026-05-04 01:00:00,2026-05-04,1,Chiang Mai,Mueang Chiang Mai,Pa Daet,58.22,80.65,31.26,31.97,67.37,31.87,CMU_ST_004,18.7537,98.9721
2026-05-04 02:00:00,2026-05-04,2,Chiang Mai,Mueang Chiang Mai,Pa Daet,62.86,86.87,30.29,31.27,62.64,30.73,CMU_ST_004,18.7537,98.9721
2026-05-04 03:00:00,2026-05-04,3,Chiang Mai,Mueang Chiang Mai,Pa Daet,60.67,78.89,30.37,31.26,67.38,30.97,CMU_ST_004,18.7537,98.9721
2026-05-04 04:00:00,2026-05-04,4,Chiang Mai,Mueang Chiang Mai,Pa Daet,86.1,96.34,28.66,29.22,65.05,29.18,CMU_ST_004,18.7537,98.9721
2026-05-04 05:00:00,2026-05-04,5,Chiang Mai,Mueang Chiang Mai,Pa Daet,98.62,121.12,28.4,29.55,71.79,29.17,CMU_ST_004,18.7537,98.9721
2026-05-04 06:00:00,2026-05-04,6,Chiang Mai,Mueang Chiang Mai,Pa Daet,116.47,124.26,28.82,29.94,70.08,29.53,CMU_ST_004,18.7537,98.9721
2026-05-04 07:00:00,2026-05-04,7,Chiang Mai,Mueang Chiang Mai,Pa Daet,128.0,146.23,30.78,31.66,64.27,31.28,CMU_ST_004,18.7537,98.9721
2026-05-04 08:00:00,2026-05-04,8,Chiang Mai,Mueang Chiang Mai,Pa Daet,135.06,150.91,30.75,31.55,59.61,31.08,CMU_ST_004,18.7537,98.9721
2026-05-04 09:00:00,2026-05-04,9,Chiang Mai,Mueang Chiang Mai,Pa Daet,127.66,152.0,33.0,33.51,59.62,33.34,CMU_ST_004,18.7537,98.9721
2026-05-04 10:00:00,2026-05-04,10,Chiang Mai,Mueang Chiang Mai,Pa Daet,114.85,134.08,33.39,34.79,63.95,33.88,CMU_ST_004,18.7537,98.9721
2026-05-04 11:00:00,2026-05-04,11,Chiang Mai,Mueang Chiang Mai,Pa Daet,109.18,128.25,35.23,36.17,55.36,35.41,CMU_ST_004,18.7537,98.9721
2026-05-04 12:00:00,2026-05-04,12,Chiang Mai,Mueang Chiang Mai,Pa Daet,96.88,111.33,35.31,36.94,57.78,35.58,CMU_ST_004,18.7537,98.9721
2026-05-04 13:00:00,2026-05-04,13,Chiang Mai,Mueang Chiang Mai,Pa Daet,74.94,80.22,35.79,37.42,50.32,35.8,CMU_ST_004,18.7537,98.9721
2026-05-04 14:00:00,2026-05-04,14,Chiang Mai,Mueang Chiang Mai,Pa Daet,66.81,91.41,36.92,37.8,48.76,36.92,CMU_ST_004,18.7537,98.9721
2026-05-04 15:00:00,2026-05-04,15,Chiang Mai,Mueang Chiang Mai,Pa Daet,57.5,78.27,37.42,38.42,54.09,37.56,CMU_ST_004,18.7537,98.9721
2026-05-04 16:00:00,2026-05-04,16,Chiang Mai,Mueang Chiang Mai,Pa Daet,67.8,80.36,36.05,36.79,58.49,36.35,CMU_ST_004,18.7537,98.9721
2026-05-04 17:00:00,2026-05-04,17,Chiang Mai,Mueang Chiang Mai,Pa Daet,57.73,70.65,35.83,37.51,51.6,35.88,CMU_ST_004,18.7537,98.9721
2026-05-04 18:00:00,2026-05-04,18,Chiang Mai,Mueang Chiang Mai,Pa Daet,55.07,64.66,35.92,36.35,54.18,36.07,CMU_ST_004,18.7537,98.9721
2026-05-04 19:00:00,2026-05-04,19,Chiang Mai,Mueang Chiang Mai,Pa Daet,47.96,59.42,35.68,36.4,56.36,35.91,CMU_ST_004,18.7537,98.9721
2026-05-04 20:00:00,2026-05-04,20,Chiang Mai,Mueang Chiang Mai,Pa Daet,55.92,65.25,34.28,35.52,52.89,34.38,CMU_ST_004,18.7537,98.9721
2026-05-04 21:00:00,2026-05-04,21,Chiang Mai,Mueang Chiang Mai,Pa Daet,44.97,50.33,32.99,34.53,63.96,33.48,CMU_ST_004,18.7537,98.9721
2026-05-04 22:00:00,2026-05-04,22,Chiang Mai,Mueang Chiang Mai,Pa Daet,54.19,69.48,32.68,33.52,61.67,33.09,CMU_ST_004,18.7537,98.9721
2026-05-04 23:00:00,2026-05-04,23,Chiang Mai,Mueang Chiang Mai,Pa Daet,42.2,50.28,33.32,34.71,63.7,33.8,CMU_ST_004,18.7537,98.9721
2026-05-05 00:00:00,2026-05-05,0,Chiang Mai,Mueang Chiang Mai,Pa Daet,48.44,72.95,31.38,32.29,60.9,31.76,CMU_ST_004,18.7537,98.9721
2026-05-05 01:00:00,2026-05-05,1,Chiang Mai,Mueang Chiang Mai,Pa Daet,47.57,61.6,30.62,32.06,63.62,31.1,CMU_ST_004,18.7537,98.9721
2026-05-05 02:00:00,2026-05-05,2,Chiang Mai,Mueang Chiang Mai,Pa Daet,53.92,61.77,30.28,30.85,61.17,30.67,CMU_ST_004,18.7537,98.9721
2026-05-05 03:00:00,2026-05-05,3,Chiang Mai,Mueang Chiang Mai,Pa Daet,75.4,90.21,29.3,29.91,63.64,29.77,CMU_ST_004,18.7537,98.9721
2026-05-05 04:00:00,2026-05-05,4,Chiang Mai,Mueang Chiang Mai,Pa Daet,83.34,95.85,29.91,31.2,66.27,30.47,CMU_ST_004,18.7537,98.9721
2026-05-05 05:00:00,2026-05-05,5,Chiang Mai,Mueang Chiang Mai,Pa Daet,94.04,103.68,29.68,31.03,64.42,30.18,CMU_ST_004,18.7537,98.9721
2026-05-05 06:00:00,2026-05-05,6,Chiang Mai,Mueang Chiang Mai,Pa Daet,126.89,139.45,29.23,29.99,68.94,29.89,CMU_ST_004,18.7537,98.9721
2026-05-05 07:00:00,2026-05-05,7,Chiang Mai,Mueang Chiang Mai,Pa Daet,136.83,146.26,29.78,30.72,66.84,30.36,CMU_ST_004,18.7537,98.9721
2026-05-05 08:00:00,2026-05-05,8,Chiang Mai,Mueang Chiang Mai,Pa Daet,138.14,152.94,30.76,32.47,62.07,31.19,CMU_ST_004,18.7537,98.9721
2026-05-05 09:00:00,2026-05-05,9,Chiang Mai,Mueang Chiang Mai,Pa Daet,128.48,143.62,32.66,34.24,57.35,32.92,CMU_ST_004,18.7537,98.9721
2026-05-05 10:00:00,2026-05-05,10,Chiang Mai,Mueang Chiang Mai,Pa Daet,120.85,139.23,33.19,34.16,63.56,33.67,CMU_ST_004,18.7537,98.9721
2026-05-05 11:00:00,2026-05-05,11,Chiang Mai,Mueang Chiang Mai,Pa Daet,104.03,120.51,34.1,35.72,57.6,34.37,CMU_ST_004,18.7537,98.9721
2026-05-05 12:00:00,2026-05-05,12,Chiang Mai,Mueang Chiang Mai,Pa Daet,87.52,105.28,35.54,37.32,59.52,35.87,CMU_ST_004,18.7537,98.9721
2026-05-05 13:00:00,2026-05-05,13,Chiang Mai,Mueang Chiang Mai,Pa Daet,76.47,91.89,36.63,37.22,54.28,36.78,CMU_ST_004,18.7537,98.9721
2026-05-05 14:00:00,2026-05-05,14,Chiang Mai,Mueang Chiang Mai,Pa Daet,74.68,82.56,36.14,37.34,57.9,36.41,CMU_ST_004,18.7537,98.9721
2026-05-05 15:00:00,2026-05-05,15,Chiang Mai,Mueang Chiang Mai,Pa Daet,71.76,82.56,36.37,37.7,52.87,36.47,CMU_ST_004,18.7537,98.9721
2026-05-05 16:00:00,2026-05-05,16,Chiang Mai,Mueang Chiang Mai,Pa Daet,56.93,63.65,36.23,37.54,56.44,36.46,CMU_ST_004,18.7537,98.9721
2026-05-05 17:00:00,2026-05-05,17,Chiang Mai,Mueang Chiang Mai,Pa Daet,66.1,88.94,36.46,36.87,51.7,36.52,CMU_ST_004,18.7537,98.9721
2026-05-05 18:00:00,2026-05-05,18,Chiang Mai,Mueang Chiang Mai,Pa Daet,61.89,74.03,35.42,36.78,55.0,35.6,CMU_ST_004,18.7537,98.9721
2026-05-05 19:00:00,2026-05-05,19,Chiang Mai,Mueang Chiang Mai,Pa Daet,53.06,59.14,35.55,37.09,50.57,35.57,CMU_ST_004,18.7537,98.9721
2026-05-05 20:00:00,2026-05-05,20,Chiang Mai,Mueang Chiang Mai,Pa Daet,45.04,51.45,34.18,35.57,59.63,34.51,CMU_ST_004,18.7537,98.9721
2026-05-05 21:00:00,2026-05-05,21,Chiang Mai,Mueang Chiang Mai,Pa Daet,45.95,64.85,32.85,33.71,55.98,33.06,CMU_ST_004,18.7537,98.9721
2026-05-05 22:00:00,2026-05-05,22,Chiang Mai,Mueang Chiang Mai,Pa Daet,46.03,67.5,33.26,34.01,62.06,33.68,CMU_ST_004,18.7537,98.9721
2026-05-05 23:00:00,2026-05-05,23,Chiang Mai,Mueang Chiang Mai,Pa Daet,50.24,71.91,33.38,34.24,54.42,33.54,CMU_ST_004,18.7537,98.9721
2026-05-06 00:00:00,2026-05-06,0,Chiang Mai,Mueang Chiang Mai,Pa Daet,41.86,50.33,31.81,33.22,57.78,32.08,CMU_ST_004,18.7537,98.9721
2026-05-06 01:00:00,2026-05-06,1,Chiang Mai,Mueang Chiang Mai,Pa Daet,42.32,63.15,31.18,32.86,62.43,31.62,CMU_ST_004,18.7537,98.9721
2026-05-06 02:00:00,2026-05-06,2,Chiang Mai,Mueang Chiang Mai,Pa Daet,45.6,52.33,30.35,31.57,67.05,30.95,CMU_ST_004,18.7537,98.9721
2026-05-06 03:00:00,2026-05-06,3,Chiang Mai,Mueang Chiang Mai,Pa Daet,54.41,59.87,29.18,30.57,68.93,29.84,CMU_ST_004,18.7537,98.9721
2026-05-06 04:00:00,2026-05-06,4,Chiang Mai,Mueang Chiang Mai,Pa Daet,60.18,84.67,29.33,30.16,65.99,29.88,CMU_ST_004,18.7537,98.9721
2026-05-06 05:00:00,2026-05-06,5,Chiang Mai,Mueang Chiang Mai,Pa Daet,81.41,87.72,28.67,30.33,69.53,29.36,CMU_ST_004,18.7537,98.9721
2026-05-06 06:00:00,2026-05-06,6,Chiang Mai,Mueang Chiang Mai,Pa Daet,92.81,102.71,30.25,30.76,70.42,30.96,CMU_ST_004,18.7537,98.9721
2026-05-06 07:00:00,2026-05-06,7,Chiang Mai,Mueang Chiang Mai,Pa Daet,107.57,124.06,29.7,31.13,69.82,30.39,CMU_ST_004,18.7537,98.9721
2026-05-06 08:00:00,2026-05-06,8,Chiang Mai,Mueang Chiang Mai,Pa Daet,104.06,124.29,31.6,32.42,61.58,32.0,CMU_ST_004,18.7537,98.9721
2026-05-06 09:00:00,2026-05-06,9,Chiang Mai,Mueang Chiang Mai,Pa Daet,112.32,118.52,32.73,34.09,57.41,32.99,CMU_ST_004,18.7537,98.9721
2026-05-06 10:00:00,2026-05-06,10,Chiang Mai,Mueang Chiang Mai,Pa Daet,91.98,115.32,33.74,35.35,56.56,33.97,CMU_ST_004,18.7537,98.9721
2026-05-06 11:00:00,2026-05-06,11,Chiang Mai,Mueang Chiang Mai,Pa Daet,91.97,116.92,35.0,36.18,54.21,35.14,CMU_ST_004,18.7537,98.9721
2026-05-06 12:00:00,2026-05-06,12,Chiang Mai,Mueang Chiang Mai,Pa Daet,75.65,100.52,35.64,37.22,56.76,35.87,CMU_ST_004,18.7537,98.9721
2026-05-06 13:00:00,2026-05-06,13,Chiang Mai,Mueang Chiang Mai,Pa Daet,66.28,80.76,36.03,36.77,53.95,36.17,CMU_ST_004,18.7537,98.9721
2026-05-06 14:00:00,2026-05-06,14,Chiang Mai,Mueang Chiang Mai,Pa Daet,50.2,72.56,36.91,37.43,47.76,36.91,CMU_ST_004,18.7537,98.9721
2026-05-06 15:00:00,2026-05-06,15,Chiang Mai,Mueang Chiang Mai,Pa Daet,57.64,64.03,37.0,37.8,48.07,37.0,CMU_ST_004,18.7537,98.9721
2026-05-06 16:00:00,2026-05-06,16,Chiang Mai,Mueang Chiang Mai,Pa Daet,42.0,58.2,36.98,38.65,56.16,37.19,CMU_ST_004,18.7537,98.9721
2026-05-06 17:00:00,2026-05-06,17,Chiang Mai,Mueang Chiang Mai,Pa Daet,48.51,61.1,35.9,36.4,50.4,35.92,CMU_ST_004,18.7537,98.9721
2026-05-06 18:00:00,2026-05-06,18,Chiang Mai,Mueang Chiang Mai,Pa Daet,46.93,65.57,35.28,36.82,56.28,35.5,CMU_ST_004,18.7537,98.9721
2026-05-06 19:00:00,2026-05-06,19,Chiang Mai,Mueang Chiang Mai,Pa Daet,38.49,60.85,35.52,35.94,54.33,35.68,CMU_ST_004,18.7537,98.9721
2026-05-06 20:00:00,2026-05-06,20,Chiang Mai,Mueang Chiang Mai,Pa Daet,39.09,45.19,33.51,34.21,55.34,33.7,CMU_ST_004,18.7537,98.9721
2026-05-06 21:00:00,2026-05-06,21,Chiang Mai,Mueang Chiang Mai,Pa Daet,41.61,58.23,33.62,34.7,63.7,34.1,CMU_ST_004,18.7537,98.9721
2026-05-06 22:00:00,2026-05-06,22,Chiang Mai,Mueang Chiang Mai,Pa Daet,35.64,46.53,32.79,34.4,59.87,33.14,CMU_ST_004,18.7537,98.9721
2026-05-06 23:00:00,2026-05-06,23,Chiang Mai,Mueang Chiang Mai,Pa Daet,36.69,59.61,32.73,33.65,62.17,33.15,CMU_ST_004,18.7537,98.9721
2026-05-07 00:00:00,2026-05-07,0,Chiang Mai,Mueang Chiang Mai,Pa Daet,31.74,46.79,32.08,33.83,59.34,32.41,CMU_ST_004,18.7537,98.9721
2026-05-07 01:00:00,2026-05-07,1,Chiang Mai,Mueang Chiang Mai,Pa Daet,32.35,52.7,30.64,31.62,60.14,31.0,CMU_ST_004,18.7537,98.9721
2026-05-07 02:00:00,2026-05-07,2,Chiang Mai,Mueang Chiang Mai,Pa Daet,47.27,66.87,30.48,31.43,68.16,31.11,CMU_ST_004,18.7537,98.9721
2026-05-07 03:00:00,2026-05-07,3,Chiang Mai,Mueang Chiang Mai,Pa Daet,42.89,62.9,29.77,30.51,69.82,30.46,CMU_ST_004,18.7537,98.9721
2026-05-07 04:00:00,2026-05-07,4,Chiang Mai,Mueang Chiang Mai,Pa Daet,65.22,79.11,28.66,29.82,66.58,29.24,CMU_ST_004,18.7537,98.9721
2026-05-07 05:00:00,2026-05-07,5,Chiang Mai,Mueang Chiang Mai,Pa Daet,77.04,89.21,28.74,29.35,72.94,29.55,CMU_ST_004,18.7537,98.9721
2026-05-07 06:00:00,2026-05-07,6,Chiang Mai,Mueang Chiang Mai,Pa Daet,93.91,112.59,29.24,30.37,69.5,29.92,CMU_ST_004,18.7537,98.9721
2026-05-07 07:00:00,2026-05-07,7,Chiang Mai,Mueang Chiang Mai,Pa Daet,102.88,112.61,30.75,32.54,69.16,31.42,CMU_ST_004,18.7537,98.9721
2026-05-07 08:00:00,2026-05-07,8,Chiang Mai,Mueang Chiang Mai,Pa Daet,102.99,122.4,30.52,32.0,62.54,30.96,CMU_ST_004,18.7537,98.9721
2026-05-07 09:00:00,2026-05-07,9,Chiang Mai,Mueang Chiang Mai,Pa Daet,95.27,106.36,31.9,32.98,60.25,32.26,CMU_ST_004,18.7537,98.9721
2026-05-07 10:00:00,2026-05-07,10,Chiang Mai,Mueang Chiang Mai,Pa Daet,89.49,98.14,33.74,35.23,60.84,34.12,CMU_ST_004,18.7537,98.9721
2026-05-07 11:00:00,2026-05-07,11,Chiang Mai,Mueang Chiang Mai,Pa Daet,79.94,88.57,35.06,35.56,54.99,35.23,CMU_ST_004,18.7537,98.9721
2026-05-07 12:00:00,2026-05-07,12,Chiang Mai,Mueang Chiang Mai,Pa Daet,69.49,76.51,35.67,36.98,51.26,35.71,CMU_ST_004,18.7537,98.9721
2026-05-07 13:00:00,2026-05-07,13,Chiang Mai,Mueang Chiang Mai,Pa Daet,52.14,61.5,36.61,37.08,51.29,36.65,CMU_ST_004,18.7537,98.9721
2026-05-07 14:00:00,2026-05-07,14,Chiang Mai,Mueang Chiang Mai,Pa Daet,51.6,71.53,36.17,37.46,51.04,36.21,CMU_ST_004,18.7537,98.9721
2026-05-07 15:00:00,2026-05-07,15,Chiang Mai,Mueang Chiang Mai,Pa Daet,41.81,63.37,36.96,38.3,56.59,37.19,CMU_ST_004,18.7537,98.9721
2026-05-07 16:00:00,2026-05-07,16,Chiang Mai,Mueang Chiang Mai,Pa Daet,51.31,64.52,37.54,39.0,55.25,37.73,CMU_ST_004,18.7537,98.9721
2026-05-07 17:00:00,2026-05-07,17,Chiang Mai,Mueang Chiang Mai,Pa Daet,43.93,61.08,36.02,37.61,54.42,36.18,CMU_ST_004,18.7537,98.9721
2026-05-07 18:00:00,2026-05-07,18,Chiang Mai,Mueang Chiang Mai,Pa Daet,40.13,62.69,36.46,37.36,51.41,36.51,CMU_ST_004,18.7537,98.9721
2026-05-07 19:00:00,2026-05-07,19,Chiang Mai,Mueang Chiang Mai,Pa Daet,32.2,40.17,35.73,37.12,53.79,35.86,CMU_ST_004,18.7537,98.9721
2026-05-07 20:00:00,2026-05-07,20,Chiang Mai,Mueang Chiang Mai,Pa Daet,42.82,56.91,34.26,34.81,55.01,34.43,CMU_ST_004,18.7537,98.9721
2026-05-07 21:00:00,2026-05-07,21,Chiang Mai,Mueang Chiang Mai,Pa Daet,34.46,53.21,33.8,35.34,56.95,34.04,CMU_ST_004,18.7537,98.9721
2026-05-07 22:00:00,2026-05-07,22,Chiang Mai,Mueang Chiang Mai,Pa Daet,30.19,49.81,32.22,33.6,64.73,32.74,CMU_ST_004,18.7537,98.9721
2026-05-07 23:00:00,2026-05-07,23,Chiang Mai,Mueang Chiang Mai,Pa Daet,37.96,54.56,32.82,34.62,61.9,33.23,CMU_ST_004,18.7537,98.9721
2026-05-01 00:00:00,2026-05-01,0,Chiang Mai,Mueang Chiang Mai,Mae Hia,35.09,54.11,30.3,31.19,65.12,30.83,CMU_ST_005,18.7443,98.9302
2026-05-01 01:00:00,2026-05-01,1,Chiang Mai,Mueang Chiang Mai,Mae Hia,43.71,68.71,29.55,30.16,71.63,30.3,CMU_ST_005,18.7443,98.9302
2026-05-01 02:00:00,2026-05-01,2,Chiang Mai,Mueang Chiang Mai,Mae Hia,40.74,56.6,28.51,29.23,73.75,29.35,CMU_ST_005,18.7443,98.9302
2026-05-01 03:00:00,2026-05-01,3,Chiang Mai,Mueang Chiang Mai,Mae Hia,49.62,64.93,28.25,29.48,67.36,28.86,CMU_ST_005,18.7443,98.9302
2026-05-01 04:00:00,2026-05-01,4,Chiang Mai,Mueang Chiang Mai,Mae Hia,57.9,65.07,27.65,29.41,67.76,28.27,CMU_ST_005,18.7443,98.9302
2026-05-01 05:00:00,2026-05-01,5,Chiang Mai,Mueang Chiang Mai,Mae Hia,68.37,78.03,27.71,28.89,70.8,28.44,CMU_ST_005,18.7443,98.9302
2026-05-01 06:00:00,2026-05-01,6,Chiang Mai,Mueang Chiang Mai,Mae Hia,75.01,95.82,27.93,29.34,68.58,28.58,CMU_ST_005,18.7443,98.9302
2026-05-01 07:00:00,2026-05-01,7,Chiang Mai,Mueang Chiang Mai,Mae Hia,88.55,102.75,28.63,30.02,65.16,29.16,CMU_ST_005,18.7443,98.9302
2026-05-01 08:00:00,2026-05-01,8,Chiang Mai,Mueang Chiang Mai,Mae Hia,92.24,103.78,29.69,30.22,68.07,30.32,CMU_ST_005,18.7443,98.9302
2026-05-01 09:00:00,2026-05-01,9,Chiang Mai,Mueang Chiang Mai,Mae Hia,99.01,118.97,32.1,33.75,63.72,32.58,CMU_ST_005,18.7443,98.9302
2026-05-01 10:00:00,2026-05-01,10,Chiang Mai,Mueang Chiang Mai,Mae Hia,84.46,91.25,32.21,33.66,61.74,32.63,CMU_ST_005,18.7443,98.9302
2026-05-01 11:00:00,2026-05-01,11,Chiang Mai,Mueang Chiang Mai,Mae Hia,77.87,89.25,33.87,34.61,62.2,34.29,CMU_ST_005,18.7443,98.9302
2026-05-01 12:00:00,2026-05-01,12,Chiang Mai,Mueang Chiang Mai,Mae Hia,68.0,84.88,34.39,35.66,52.69,34.48,CMU_ST_005,18.7443,98.9302
2026-05-01 13:00:00,2026-05-01,13,Chiang Mai,Mueang Chiang Mai,Mae Hia,47.23,58.75,35.98,36.76,58.58,36.28,CMU_ST_005,18.7443,98.9302
2026-05-01 14:00:00,2026-05-01,14,Chiang Mai,Mueang Chiang Mai,Mae Hia,52.67,75.09,36.38,37.49,53.97,36.51,CMU_ST_005,18.7443,98.9302
2026-05-01 15:00:00,2026-05-01,15,Chiang Mai,Mueang Chiang Mai,Mae Hia,43.0,50.9,35.59,37.03,56.77,35.83,CMU_ST_005,18.7443,98.9302
2026-05-01 16:00:00,2026-05-01,16,Chiang Mai,Mueang Chiang Mai,Mae Hia,36.3,56.99,36.51,37.9,52.24,36.59,CMU_ST_005,18.7443,98.9302
2026-05-01 17:00:00,2026-05-01,17,Chiang Mai,Mueang Chiang Mai,Mae Hia,37.04,54.93,35.27,36.29,52.32,35.35,CMU_ST_005,18.7443,98.9302
2026-05-01 18:00:00,2026-05-01,18,Chiang Mai,Mueang Chiang Mai,Mae Hia,38.9,44.44,34.84,35.69,57.45,35.1,CMU_ST_005,18.7443,98.9302
2026-05-01 19:00:00,2026-05-01,19,Chiang Mai,Mueang Chiang Mai,Mae Hia,38.48,63.34,33.35,34.0,61.65,33.75,CMU_ST_005,18.7443,98.9302
2026-05-01 20:00:00,2026-05-01,20,Chiang Mai,Mueang Chiang Mai,Mae Hia,39.14,49.25,32.5,34.07,59.14,32.82,CMU_ST_005,18.7443,98.9302
2026-05-01 21:00:00,2026-05-01,21,Chiang Mai,Mueang Chiang Mai,Mae Hia,30.31,43.14,32.18,33.34,62.31,32.61,CMU_ST_005,18.7443,98.9302
2026-05-01 22:00:00,2026-05-01,22,Chiang Mai,Mueang Chiang Mai,Mae Hia,32.01,43.97,32.21,33.74,60.46,32.57,CMU_ST_005,18.7443,98.9302
2026-05-01 23:00:00,2026-05-01,23,Chiang Mai,Mueang Chiang Mai,Mae Hia,28.82,44.82,31.96,33.43,64.73,32.48,CMU_ST_005,18.7443,98.9302
2026-05-02 00:00:00,2026-05-02,0,Chiang Mai,Mueang Chiang Mai,Mae Hia,34.69,44.2,30.26,31.49,69.0,30.92,CMU_ST_005,18.7443,98.9302
2026-05-02 01:00:00,2026-05-02,1,Chiang Mai,Mueang Chiang Mai,Mae Hia,30.72,38.74,29.96,30.92,70.12,30.66,CMU_ST_005,18.7443,98.9302
2026-05-02 02:00:00,2026-05-02,2,Chiang Mai,Mueang Chiang Mai,Mae Hia,46.54,54.88,28.7,29.72,63.61,29.18,CMU_ST_005,18.7443,98.9302
2026-05-02 03:00:00,2026-05-02,3,Chiang Mai,Mueang Chiang Mai,Mae Hia,48.46,56.63,28.06,29.48,65.03,28.58,CMU_ST_005,18.7443,98.9302
2026-05-02 04:00:00,2026-05-02,4,Chiang Mai,Mueang Chiang Mai,Mae Hia,51.33,64.61,29.02,30.05,63.55,29.49,CMU_ST_005,18.7443,98.9302
2026-05-02 05:00:00,2026-05-02,5,Chiang Mai,Mueang Chiang Mai,Mae Hia,66.27,84.75,27.97,29.66,71.84,28.74,CMU_ST_005,18.7443,98.9302
2026-05-02 06:00:00,2026-05-02,6,Chiang Mai,Mueang Chiang Mai,Mae Hia,74.76,99.58,28.71,29.6,67.26,29.31,CMU_ST_005,18.7443,98.9302
2026-05-02 07:00:00,2026-05-02,7,Chiang Mai,Mueang Chiang Mai,Mae Hia,85.67,91.14,28.69,29.56,64.41,29.19,CMU_ST_005,18.7443,98.9302
2026-05-02 08:00:00,2026-05-02,8,Chiang Mai,Mueang Chiang Mai,Mae Hia,87.9,106.25,29.65,30.91,63.82,30.13,CMU_ST_005,18.7443,98.9302
2026-05-02 09:00:00,2026-05-02,9,Chiang Mai,Mueang Chiang Mai,Mae Hia,90.19,109.08,30.66,32.19,68.36,31.3,CMU_ST_005,18.7443,98.9302
2026-05-02 10:00:00,2026-05-02,10,Chiang Mai,Mueang Chiang Mai,Mae Hia,79.88,85.38,33.1,34.72,64.23,33.6,CMU_ST_005,18.7443,98.9302
2026-05-02 11:00:00,2026-05-02,11,Chiang Mai,Mueang Chiang Mai,Mae Hia,70.38,81.74,34.2,35.09,60.21,34.56,CMU_ST_005,18.7443,98.9302
2026-05-02 12:00:00,2026-05-02,12,Chiang Mai,Mueang Chiang Mai,Mae Hia,69.34,86.66,33.9,34.88,55.17,34.08,CMU_ST_005,18.7443,98.9302
2026-05-02 13:00:00,2026-05-02,13,Chiang Mai,Mueang Chiang Mai,Mae Hia,52.07,61.01,34.66,36.2,52.92,34.76,CMU_ST_005,18.7443,98.9302
2026-05-02 14:00:00,2026-05-02,14,Chiang Mai,Mueang Chiang Mai,Mae Hia,57.22,75.29,35.11,36.03,59.73,35.45,CMU_ST_005,18.7443,98.9302
2026-05-02 15:00:00,2026-05-02,15,Chiang Mai,Mueang Chiang Mai,Mae Hia,50.53,67.71,35.23,35.93,52.08,35.31,CMU_ST_005,18.7443,98.9302
2026-05-02 16:00:00,2026-05-02,16,Chiang Mai,Mueang Chiang Mai,Mae Hia,42.03,60.38,35.52,36.37,57.9,35.8,CMU_ST_005,18.7443,98.9302
2026-05-02 17:00:00,2026-05-02,17,Chiang Mai,Mueang Chiang Mai,Mae Hia,48.9,56.94,34.76,35.26,57.06,35.01,CMU_ST_005,18.7443,98.9302
2026-05-02 18:00:00,2026-05-02,18,Chiang Mai,Mueang Chiang Mai,Mae Hia,39.24,61.0,34.1,35.07,55.5,34.29,CMU_ST_005,18.7443,98.9302
2026-05-02 19:00:00,2026-05-02,19,Chiang Mai,Mueang Chiang Mai,Mae Hia,39.31,47.09,34.36,35.46,59.76,34.7,CMU_ST_005,18.7443,98.9302
2026-05-02 20:00:00,2026-05-02,20,Chiang Mai,Mueang Chiang Mai,Mae Hia,35.28,46.53,33.39,34.35,54.35,33.55,CMU_ST_005,18.7443,98.9302
2026-05-02 21:00:00,2026-05-02,21,Chiang Mai,Mueang Chiang Mai,Mae Hia,32.7,52.91,32.02,32.72,60.78,32.4,CMU_ST_005,18.7443,98.9302
2026-05-02 22:00:00,2026-05-02,22,Chiang Mai,Mueang Chiang Mai,Mae Hia,30.67,43.66,31.56,32.87,66.45,32.14,CMU_ST_005,18.7443,98.9302
2026-05-02 23:00:00,2026-05-02,23,Chiang Mai,Mueang Chiang Mai,Mae Hia,30.71,36.12,31.09,32.43,59.86,31.43,CMU_ST_005,18.7443,98.9302
2026-05-03 00:00:00,2026-05-03,0,Chiang Mai,Mueang Chiang Mai,Mae Hia,36.99,61.4,30.86,31.36,61.55,31.27,CMU_ST_005,18.7443,98.9302
2026-05-03 01:00:00,2026-05-03,1,Chiang Mai,Mueang Chiang Mai,Mae Hia,46.68,67.85,29.58,31.04,62.1,30.0,CMU_ST_005,18.7443,98.9302
2026-05-03 02:00:00,2026-05-03,2,Chiang Mai,Mueang Chiang Mai,Mae Hia,50.94,62.21,28.87,29.67,67.38,29.48,CMU_ST_005,18.7443,98.9302
2026-05-03 03:00:00,2026-05-03,3,Chiang Mai,Mueang Chiang Mai,Mae Hia,55.03,78.2,28.0,29.11,67.58,28.62,CMU_ST_005,18.7443,98.9302
2026-05-03 04:00:00,2026-05-03,4,Chiang Mai,Mueang Chiang Mai,Mae Hia,76.03,87.94,28.95,29.98,64.71,29.47,CMU_ST_005,18.7443,98.9302
2026-05-03 05:00:00,2026-05-03,5,Chiang Mai,Mueang Chiang Mai,Mae Hia,90.26,108.55,27.5,28.89,72.94,28.3,CMU_ST_005,18.7443,98.9302
2026-05-03 06:00:00,2026-05-03,6,Chiang Mai,Mueang Chiang Mai,Mae Hia,105.8,123.2,28.06,29.07,74.0,28.9,CMU_ST_005,18.7443,98.9302
2026-05-03 07:00:00,2026-05-03,7,Chiang Mai,Mueang Chiang Mai,Mae Hia,115.65,127.4,29.3,30.09,62.68,29.75,CMU_ST_005,18.7443,98.9302
2026-05-03 08:00:00,2026-05-03,8,Chiang Mai,Mueang Chiang Mai,Mae Hia,120.39,133.81,30.81,32.33,68.8,31.47,CMU_ST_005,18.7443,98.9302
2026-05-03 09:00:00,2026-05-03,9,Chiang Mai,Mueang Chiang Mai,Mae Hia,110.32,129.55,31.08,32.85,59.18,31.4,CMU_ST_005,18.7443,98.9302
2026-05-03 10:00:00,2026-05-03,10,Chiang Mai,Mueang Chiang Mai,Mae Hia,110.62,125.41,32.92,33.56,55.53,33.11,CMU_ST_005,18.7443,98.9302
2026-05-03 11:00:00,2026-05-03,11,Chiang Mai,Mueang Chiang Mai,Mae Hia,98.96,106.37,34.16,34.84,59.32,34.48,CMU_ST_005,18.7443,98.9302
2026-05-03 12:00:00,2026-05-03,12,Chiang Mai,Mueang Chiang Mai,Mae Hia,81.48,93.51,34.44,34.87,54.92,34.61,CMU_ST_005,18.7443,98.9302
2026-05-03 13:00:00,2026-05-03,13,Chiang Mai,Mueang Chiang Mai,Mae Hia,72.62,95.67,35.4,36.83,53.87,35.54,CMU_ST_005,18.7443,98.9302
2026-05-03 14:00:00,2026-05-03,14,Chiang Mai,Mueang Chiang Mai,Mae Hia,58.01,71.82,36.25,37.08,54.22,36.4,CMU_ST_005,18.7443,98.9302
2026-05-03 15:00:00,2026-05-03,15,Chiang Mai,Mueang Chiang Mai,Mae Hia,50.93,55.99,36.58,37.62,52.55,36.67,CMU_ST_005,18.7443,98.9302
2026-05-03 16:00:00,2026-05-03,16,Chiang Mai,Mueang Chiang Mai,Mae Hia,50.72,62.69,35.27,36.71,55.62,35.47,CMU_ST_005,18.7443,98.9302
2026-05-03 17:00:00,2026-05-03,17,Chiang Mai,Mueang Chiang Mai,Mae Hia,56.87,63.41,34.82,36.49,56.68,35.06,CMU_ST_005,18.7443,98.9302
2026-05-03 18:00:00,2026-05-03,18,Chiang Mai,Mueang Chiang Mai,Mae Hia,55.78,62.39,34.51,36.23,55.78,34.71,CMU_ST_005,18.7443,98.9302
2026-05-03 19:00:00,2026-05-03,19,Chiang Mai,Mueang Chiang Mai,Mae Hia,46.15,61.86,34.06,35.29,57.91,34.33,CMU_ST_005,18.7443,98.9302
2026-05-03 20:00:00,2026-05-03,20,Chiang Mai,Mueang Chiang Mai,Mae Hia,40.68,56.0,32.43,33.88,59.12,32.75,CMU_ST_005,18.7443,98.9302
2026-05-03 21:00:00,2026-05-03,21,Chiang Mai,Mueang Chiang Mai,Mae Hia,42.16,52.02,31.99,33.67,62.86,32.44,CMU_ST_005,18.7443,98.9302
2026-05-03 22:00:00,2026-05-03,22,Chiang Mai,Mueang Chiang Mai,Mae Hia,34.9,58.16,32.46,33.36,58.78,32.77,CMU_ST_005,18.7443,98.9302
2026-05-03 23:00:00,2026-05-03,23,Chiang Mai,Mueang Chiang Mai,Mae Hia,42.13,58.28,32.22,34.0,61.89,32.64,CMU_ST_005,18.7443,98.9302
2026-05-04 00:00:00,2026-05-04,0,Chiang Mai,Mueang Chiang Mai,Mae Hia,49.82,67.35,30.33,32.11,66.53,30.9,CMU_ST_005,18.7443,98.9302
2026-05-04 01:00:00,2026-05-04,1,Chiang Mai,Mueang Chiang Mai,Mae Hia,42.41,58.59,30.24,30.66,61.63,30.65,CMU_ST_005,18.7443,98.9302
2026-05-04 02:00:00,2026-05-04,2,Chiang Mai,Mueang Chiang Mai,Mae Hia,47.21,55.73,29.98,30.99,67.83,30.6,CMU_ST_005,18.7443,98.9302
2026-05-04 03:00:00,2026-05-04,3,Chiang Mai,Mueang Chiang Mai,Mae Hia,58.56,69.88,28.84,29.31,67.24,29.44,CMU_ST_005,18.7443,98.9302
2026-05-04 04:00:00,2026-05-04,4,Chiang Mai,Mueang Chiang Mai,Mae Hia,71.51,89.59,28.55,29.92,69.03,29.22,CMU_ST_005,18.7443,98.9302
2026-05-04 05:00:00,2026-05-04,5,Chiang Mai,Mueang Chiang Mai,Mae Hia,94.22,109.21,27.82,29.11,73.7,28.65,CMU_ST_005,18.7443,98.9302
2026-05-04 06:00:00,2026-05-04,6,Chiang Mai,Mueang Chiang Mai,Mae Hia,110.89,133.98,29.06,30.2,67.23,29.66,CMU_ST_005,18.7443,98.9302
2026-05-04 07:00:00,2026-05-04,7,Chiang Mai,Mueang Chiang Mai,Mae Hia,118.97,127.1,28.64,30.35,71.43,29.39,CMU_ST_005,18.7443,98.9302
2026-05-04 08:00:00,2026-05-04,8,Chiang Mai,Mueang Chiang Mai,Mae Hia,134.63,152.2,30.79,32.06,66.55,31.37,CMU_ST_005,18.7443,98.9302
2026-05-04 09:00:00,2026-05-04,9,Chiang Mai,Mueang Chiang Mai,Mae Hia,121.06,138.34,31.67,32.92,63.55,32.15,CMU_ST_005,18.7443,98.9302
2026-05-04 10:00:00,2026-05-04,10,Chiang Mai,Mueang Chiang Mai,Mae Hia,120.74,143.35,33.34,33.89,61.53,33.75,CMU_ST_005,18.7443,98.9302
2026-05-04 11:00:00,2026-05-04,11,Chiang Mai,Mueang Chiang Mai,Mae Hia,96.33,105.56,33.5,34.97,61.24,33.9,CMU_ST_005,18.7443,98.9302
2026-05-04 12:00:00,2026-05-04,12,Chiang Mai,Mueang Chiang Mai,Mae Hia,81.92,97.01,34.25,35.7,59.04,34.56,CMU_ST_005,18.7443,98.9302
2026-05-04 13:00:00,2026-05-04,13,Chiang Mai,Mueang Chiang Mai,Mae Hia,79.7,103.92,34.93,36.31,55.21,35.11,CMU_ST_005,18.7443,98.9302
2026-05-04 14:00:00,2026-05-04,14,Chiang Mai,Mueang Chiang Mai,Mae Hia,58.67,74.47,35.17,36.15,57.94,35.45,CMU_ST_005,18.7443,98.9302
2026-05-04 15:00:00,2026-05-04,15,Chiang Mai,Mueang Chiang Mai,Mae Hia,63.31,73.41,35.42,36.98,57.99,35.7,CMU_ST_005,18.7443,98.9302
2026-05-04 16:00:00,2026-05-04,16,Chiang Mai,Mueang Chiang Mai,Mae Hia,55.16,69.08,35.95,37.15,51.31,36.0,CMU_ST_005,18.7443,98.9302
2026-05-04 17:00:00,2026-05-04,17,Chiang Mai,Mueang Chiang Mai,Mae Hia,57.82,77.99,36.01,37.06,55.37,36.2,CMU_ST_005,18.7443,98.9302
2026-05-04 18:00:00,2026-05-04,18,Chiang Mai,Mueang Chiang Mai,Mae Hia,56.12,64.78,33.99,35.74,54.21,34.14,CMU_ST_005,18.7443,98.9302
2026-05-04 19:00:00,2026-05-04,19,Chiang Mai,Mueang Chiang Mai,Mae Hia,47.47,65.49,34.35,35.86,55.92,34.56,CMU_ST_005,18.7443,98.9302
2026-05-04 20:00:00,2026-05-04,20,Chiang Mai,Mueang Chiang Mai,Mae Hia,47.27,59.32,32.4,33.9,58.3,32.69,CMU_ST_005,18.7443,98.9302
2026-05-04 21:00:00,2026-05-04,21,Chiang Mai,Mueang Chiang Mai,Mae Hia,45.3,60.34,32.92,33.36,63.96,33.41,CMU_ST_005,18.7443,98.9302
2026-05-04 22:00:00,2026-05-04,22,Chiang Mai,Mueang Chiang Mai,Mae Hia,42.83,67.48,32.23,33.77,64.24,32.73,CMU_ST_005,18.7443,98.9302
2026-05-04 23:00:00,2026-05-04,23,Chiang Mai,Mueang Chiang Mai,Mae Hia,38.96,45.83,31.18,32.25,61.67,31.59,CMU_ST_005,18.7443,98.9302
2026-05-05 00:00:00,2026-05-05,0,Chiang Mai,Mueang Chiang Mai,Mae Hia,54.47,72.09,31.0,32.25,60.23,31.36,CMU_ST_005,18.7443,98.9302
2026-05-05 01:00:00,2026-05-05,1,Chiang Mai,Mueang Chiang Mai,Mae Hia,62.82,84.88,29.79,31.41,68.12,30.42,CMU_ST_005,18.7443,98.9302
2026-05-05 02:00:00,2026-05-05,2,Chiang Mai,Mueang Chiang Mai,Mae Hia,55.07,75.37,28.77,30.51,64.13,29.26,CMU_ST_005,18.7443,98.9302
2026-05-05 03:00:00,2026-05-05,3,Chiang Mai,Mueang Chiang Mai,Mae Hia,77.46,87.75,28.77,30.08,66.24,29.34,CMU_ST_005,18.7443,98.9302
2026-05-05 04:00:00,2026-05-05,4,Chiang Mai,Mueang Chiang Mai,Mae Hia,81.55,101.7,28.96,29.5,66.28,29.53,CMU_ST_005,18.7443,98.9302
2026-05-05 05:00:00,2026-05-05,5,Chiang Mai,Mueang Chiang Mai,Mae Hia,101.71,117.41,27.73,29.11,70.25,28.44,CMU_ST_005,18.7443,98.9302
2026-05-05 06:00:00,2026-05-05,6,Chiang Mai,Mueang Chiang Mai,Mae Hia,131.48,143.94,28.97,30.53,65.65,29.52,CMU_ST_005,18.7443,98.9302
2026-05-05 07:00:00,2026-05-05,7,Chiang Mai,Mueang Chiang Mai,Mae Hia,132.4,150.98,28.57,30.12,66.46,29.15,CMU_ST_005,18.7443,98.9302
2026-05-05 08:00:00,2026-05-05,8,Chiang Mai,Mueang Chiang Mai,Mae Hia,150.12,162.94,30.63,31.62,59.78,30.97,CMU_ST_005,18.7443,98.9302
2026-05-05 09:00:00,2026-05-05,9,Chiang Mai,Mueang Chiang Mai,Mae Hia,143.88,151.16,31.9,32.34,63.78,32.39,CMU_ST_005,18.7443,98.9302
2026-05-05 10:00:00,2026-05-05,10,Chiang Mai,Mueang Chiang Mai,Mae Hia,128.66,147.51,31.94,32.57,63.55,32.41,CMU_ST_005,18.7443,98.9302
2026-05-05 11:00:00,2026-05-05,11,Chiang Mai,Mueang Chiang Mai,Mae Hia,107.48,127.35,33.61,35.26,58.63,33.91,CMU_ST_005,18.7443,98.9302
2026-05-05 12:00:00,2026-05-05,12,Chiang Mai,Mueang Chiang Mai,Mae Hia,105.77,127.78,34.05,35.18,58.99,34.36,CMU_ST_005,18.7443,98.9302
2026-05-05 13:00:00,2026-05-05,13,Chiang Mai,Mueang Chiang Mai,Mae Hia,79.18,91.27,35.2,35.88,53.33,35.32,CMU_ST_005,18.7443,98.9302
2026-05-05 14:00:00,2026-05-05,14,Chiang Mai,Mueang Chiang Mai,Mae Hia,80.03,90.11,35.68,36.85,54.17,35.83,CMU_ST_005,18.7443,98.9302
2026-05-05 15:00:00,2026-05-05,15,Chiang Mai,Mueang Chiang Mai,Mae Hia,70.64,86.85,36.22,36.9,51.89,36.29,CMU_ST_005,18.7443,98.9302
2026-05-05 16:00:00,2026-05-05,16,Chiang Mai,Mueang Chiang Mai,Mae Hia,59.64,70.93,35.8,36.95,54.72,35.96,CMU_ST_005,18.7443,98.9302
2026-05-05 17:00:00,2026-05-05,17,Chiang Mai,Mueang Chiang Mai,Mae Hia,58.99,69.11,36.01,36.64,55.49,36.21,CMU_ST_005,18.7443,98.9302
2026-05-05 18:00:00,2026-05-05,18,Chiang Mai,Mueang Chiang Mai,Mae Hia,63.32,86.77,35.01,36.56,51.39,35.06,CMU_ST_005,18.7443,98.9302
2026-05-05 19:00:00,2026-05-05,19,Chiang Mai,Mueang Chiang Mai,Mae Hia,53.94,69.16,34.21,35.99,56.57,34.44,CMU_ST_005,18.7443,98.9302
2026-05-05 20:00:00,2026-05-05,20,Chiang Mai,Mueang Chiang Mai,Mae Hia,47.49,58.03,32.8,34.28,61.73,33.21,CMU_ST_005,18.7443,98.9302
2026-05-05 21:00:00,2026-05-05,21,Chiang Mai,Mueang Chiang Mai,Mae Hia,57.67,77.1,32.75,34.0,61.53,33.16,CMU_ST_005,18.7443,98.9302
2026-05-05 22:00:00,2026-05-05,22,Chiang Mai,Mueang Chiang Mai,Mae Hia,47.66,56.26,31.28,32.86,66.93,31.87,CMU_ST_005,18.7443,98.9302
2026-05-05 23:00:00,2026-05-05,23,Chiang Mai,Mueang Chiang Mai,Mae Hia,55.57,75.59,31.46,32.16,62.08,31.88,CMU_ST_005,18.7443,98.9302
2026-05-06 00:00:00,2026-05-06,0,Chiang Mai,Mueang Chiang Mai,Mae Hia,37.72,46.96,30.61,31.82,64.13,31.1,CMU_ST_005,18.7443,98.9302
2026-05-06 01:00:00,2026-05-06,1,Chiang Mai,Mueang Chiang Mai,Mae Hia,42.58,55.45,29.59,30.8,71.35,30.34,CMU_ST_005,18.7443,98.9302
2026-05-06 02:00:00,2026-05-06,2,Chiang Mai,Mueang Chiang Mai,Mae Hia,47.94,71.06,28.81,30.38,72.57,29.6,CMU_ST_005,18.7443,98.9302
2026-05-06 03:00:00,2026-05-06,3,Chiang Mai,Mueang Chiang Mai,Mae Hia,58.77,65.99,28.81,30.58,72.67,29.6,CMU_ST_005,18.7443,98.9302
2026-05-06 04:00:00,2026-05-06,4,Chiang Mai,Mueang Chiang Mai,Mae Hia,72.29,96.67,28.55,29.03,65.68,29.1,CMU_ST_005,18.7443,98.9302
2026-05-06 05:00:00,2026-05-06,5,Chiang Mai,Mueang Chiang Mai,Mae Hia,86.96,97.54,28.64,29.69,68.13,29.27,CMU_ST_005,18.7443,98.9302
2026-05-06 06:00:00,2026-05-06,6,Chiang Mai,Mueang Chiang Mai,Mae Hia,110.11,125.08,28.08,29.23,73.03,28.88,CMU_ST_005,18.7443,98.9302
2026-05-06 07:00:00,2026-05-06,7,Chiang Mai,Mueang Chiang Mai,Mae Hia,117.43,138.41,28.66,29.96,65.0,29.18,CMU_ST_005,18.7443,98.9302
2026-05-06 08:00:00,2026-05-06,8,Chiang Mai,Mueang Chiang Mai,Mae Hia,125.94,141.35,30.27,31.69,64.04,30.76,CMU_ST_005,18.7443,98.9302
2026-05-06 09:00:00,2026-05-06,9,Chiang Mai,Mueang Chiang Mai,Mae Hia,118.46,136.92,31.66,32.81,66.07,32.22,CMU_ST_005,18.7443,98.9302
2026-05-06 10:00:00,2026-05-06,10,Chiang Mai,Mueang Chiang Mai,Mae Hia,114.81,133.85,32.17,32.76,57.64,32.44,CMU_ST_005,18.7443,98.9302
2026-05-06 11:00:00,2026-05-06,11,Chiang Mai,Mueang Chiang Mai,Mae Hia,86.89,109.2,32.84,33.47,61.08,33.23,CMU_ST_005,18.7443,98.9302
2026-05-06 12:00:00,2026-05-06,12,Chiang Mai,Mueang Chiang Mai,Mae Hia,75.28,100.08,34.63,35.96,56.76,34.86,CMU_ST_005,18.7443,98.9302
2026-05-06 13:00:00,2026-05-06,13,Chiang Mai,Mueang Chiang Mai,Mae Hia,64.24,76.74,35.36,35.85,58.1,35.65,CMU_ST_005,18.7443,98.9302
2026-05-06 14:00:00,2026-05-06,14,Chiang Mai,Mueang Chiang Mai,Mae Hia,67.13,90.26,35.07,36.5,59.06,35.39,CMU_ST_005,18.7443,98.9302
2026-05-06 15:00:00,2026-05-06,15,Chiang Mai,Mueang Chiang Mai,Mae Hia,62.73,78.07,35.87,37.23,56.72,36.1,CMU_ST_005,18.7443,98.9302
2026-05-06 16:00:00,2026-05-06,16,Chiang Mai,Mueang Chiang Mai,Mae Hia,61.18,83.73,35.26,36.13,51.29,35.3,CMU_ST_005,18.7443,98.9302
2026-05-06 17:00:00,2026-05-06,17,Chiang Mai,Mueang Chiang Mai,Mae Hia,50.39,71.62,35.23,35.91,59.31,35.55,CMU_ST_005,18.7443,98.9302
2026-05-06 18:00:00,2026-05-06,18,Chiang Mai,Mueang Chiang Mai,Mae Hia,52.36,75.98,35.49,36.58,55.68,35.69,CMU_ST_005,18.7443,98.9302
2026-05-06 19:00:00,2026-05-06,19,Chiang Mai,Mueang Chiang Mai,Mae Hia,40.78,65.35,33.43,33.96,57.12,33.68,CMU_ST_005,18.7443,98.9302
2026-05-06 20:00:00,2026-05-06,20,Chiang Mai,Mueang Chiang Mai,Mae Hia,47.57,71.07,32.49,34.23,66.02,33.05,CMU_ST_005,18.7443,98.9302
2026-05-06 21:00:00,2026-05-06,21,Chiang Mai,Mueang Chiang Mai,Mae Hia,46.32,70.01,32.01,32.68,58.44,32.3,CMU_ST_005,18.7443,98.9302
2026-05-06 22:00:00,2026-05-06,22,Chiang Mai,Mueang Chiang Mai,Mae Hia,35.43,45.35,31.88,33.3,64.8,32.4,CMU_ST_005,18.7443,98.9302
2026-05-06 23:00:00,2026-05-06,23,Chiang Mai,Mueang Chiang Mai,Mae Hia,38.75,51.55,31.09,32.86,64.44,31.59,CMU_ST_005,18.7443,98.9302
2026-05-07 00:00:00,2026-05-07,0,Chiang Mai,Mueang Chiang Mai,Mae Hia,43.86,59.66,30.54,31.47,60.9,30.92,CMU_ST_005,18.7443,98.9302
2026-05-07 01:00:00,2026-05-07,1,Chiang Mai,Mueang Chiang Mai,Mae Hia,42.04,50.84,29.17,30.46,63.18,29.64,CMU_ST_005,18.7443,98.9302
2026-05-07 02:00:00,2026-05-07,2,Chiang Mai,Mueang Chiang Mai,Mae Hia,46.75,62.7,29.8,30.98,64.77,30.32,CMU_ST_005,18.7443,98.9302
2026-05-07 03:00:00,2026-05-07,3,Chiang Mai,Mueang Chiang Mai,Mae Hia,49.17,69.91,28.72,30.13,70.8,29.45,CMU_ST_005,18.7443,98.9302
2026-05-07 04:00:00,2026-05-07,4,Chiang Mai,Mueang Chiang Mai,Mae Hia,66.02,86.27,28.29,29.51,69.29,28.97,CMU_ST_005,18.7443,98.9302
2026-05-07 05:00:00,2026-05-07,5,Chiang Mai,Mueang Chiang Mai,Mae Hia,68.89,80.4,28.0,28.73,73.26,28.81,CMU_ST_005,18.7443,98.9302
2026-05-07 06:00:00,2026-05-07,6,Chiang Mai,Mueang Chiang Mai,Mae Hia,83.23,89.6,28.85,29.98,69.69,29.54,CMU_ST_005,18.7443,98.9302
2026-05-07 07:00:00,2026-05-07,7,Chiang Mai,Mueang Chiang Mai,Mae Hia,93.0,114.05,29.27,29.91,69.83,29.97,CMU_ST_005,18.7443,98.9302
2026-05-07 08:00:00,2026-05-07,8,Chiang Mai,Mueang Chiang Mai,Mae Hia,107.32,123.59,30.02,31.36,69.71,30.71,CMU_ST_005,18.7443,98.9302
2026-05-07 09:00:00,2026-05-07,9,Chiang Mai,Mueang Chiang Mai,Mae Hia,93.57,100.65,30.9,31.76,63.84,31.39,CMU_ST_005,18.7443,98.9302
2026-05-07 10:00:00,2026-05-07,10,Chiang Mai,Mueang Chiang Mai,Mae Hia,84.94,91.03,32.6,33.71,64.89,33.12,CMU_ST_005,18.7443,98.9302
2026-05-07 11:00:00,2026-05-07,11,Chiang Mai,Mueang Chiang Mai,Mae Hia,83.45,91.41,33.89,35.62,55.09,34.06,CMU_ST_005,18.7443,98.9302
2026-05-07 12:00:00,2026-05-07,12,Chiang Mai,Mueang Chiang Mai,Mae Hia,69.41,81.26,35.03,36.66,52.45,35.12,CMU_ST_005,18.7443,98.9302
2026-05-07 13:00:00,2026-05-07,13,Chiang Mai,Mueang Chiang Mai,Mae Hia,62.51,71.7,35.38,36.27,56.98,35.63,CMU_ST_005,18.7443,98.9302
2026-05-07 14:00:00,2026-05-07,14,Chiang Mai,Mueang Chiang Mai,Mae Hia,49.94,55.67,36.17,37.4,53.87,36.31,CMU_ST_005,18.7443,98.9302
2026-05-07 15:00:00,2026-05-07,15,Chiang Mai,Mueang Chiang Mai,Mae Hia,49.75,72.08,36.55,37.81,56.85,36.79,CMU_ST_005,18.7443,98.9302
2026-05-07 16:00:00,2026-05-07,16,Chiang Mai,Mueang Chiang Mai,Mae Hia,47.81,60.27,35.82,36.25,52.76,35.91,CMU_ST_005,18.7443,98.9302
2026-05-07 17:00:00,2026-05-07,17,Chiang Mai,Mueang Chiang Mai,Mae Hia,41.11,56.73,35.17,35.97,51.17,35.21,CMU_ST_005,18.7443,98.9302
2026-05-07 18:00:00,2026-05-07,18,Chiang Mai,Mueang Chiang Mai,Mae Hia,35.85,49.77,34.62,36.17,60.54,34.99,CMU_ST_005,18.7443,98.9302
2026-05-07 19:00:00,2026-05-07,19,Chiang Mai,Mueang Chiang Mai,Mae Hia,42.03,54.91,34.25,35.66,61.04,34.64,CMU_ST_005,18.7443,98.9302
2026-05-07 20:00:00,2026-05-07,20,Chiang Mai,Mueang Chiang Mai,Mae Hia,43.86,52.0,32.47,33.55,59.11,32.79,CMU_ST_005,18.7443,98.9302
2026-05-07 21:00:00,2026-05-07,21,Chiang Mai,Mueang Chiang Mai,Mae Hia,34.62,48.59,32.19,33.85,57.12,32.44,CMU_ST_005,18.7443,98.9302
2026-05-07 22:00:00,2026-05-07,22,Chiang Mai,Mueang Chiang Mai,Mae Hia,30.85,46.33,32.57,33.55,61.68,32.98,CMU_ST_005,18.7443,98.9302
2026-05-07 23:00:00,2026-05-07,23,Chiang Mai,Mueang Chiang Mai,Mae Hia,39.13,55.62,32.04,32.77,57.72,32.31,CMU_ST_005,18.7443,98.9302
2026-05-01 00:00:00,2026-05-01,0,Lamphun,Mueang Lamphun,Nai Mueang,25.29,43.3,33.03,34.23,59.09,33.35,LPN_ST_001,18.5793,99.0087
2026-05-01 01:00:00,2026-05-01,1,Lamphun,Mueang Lamphun,Nai Mueang,32.04,40.41,31.26,32.02,60.99,31.65,LPN_ST_001,18.5793,99.0087
2026-05-01 02:00:00,2026-05-01,2,Lamphun,Mueang Lamphun,Nai Mueang,30.84,54.59,30.95,32.72,64.26,31.45,LPN_ST_001,18.5793,99.0087
2026-05-01 03:00:00,2026-05-01,3,Lamphun,Mueang Lamphun,Nai Mueang,39.69,56.24,31.43,32.84,62.51,31.87,LPN_ST_001,18.5793,99.0087
2026-05-01 04:00:00,2026-05-01,4,Lamphun,Mueang Lamphun,Nai Mueang,39.0,51.9,30.39,31.98,68.73,31.04,LPN_ST_001,18.5793,99.0087
2026-05-01 05:00:00,2026-05-01,5,Lamphun,Mueang Lamphun,Nai Mueang,49.2,61.17,29.58,30.57,65.87,30.13,LPN_ST_001,18.5793,99.0087
2026-05-01 06:00:00,2026-05-01,6,Lamphun,Mueang Lamphun,Nai Mueang,55.57,64.3,30.0,30.96,63.13,30.46,LPN_ST_001,18.5793,99.0087
2026-05-01 07:00:00,2026-05-01,7,Lamphun,Mueang Lamphun,Nai Mueang,59.29,80.23,31.02,31.7,62.92,31.47,LPN_ST_001,18.5793,99.0087
2026-05-01 08:00:00,2026-05-01,8,Lamphun,Mueang Lamphun,Nai Mueang,60.46,65.7,31.65,32.14,65.89,32.2,LPN_ST_001,18.5793,99.0087
2026-05-01 09:00:00,2026-05-01,9,Lamphun,Mueang Lamphun,Nai Mueang,60.63,67.73,33.82,35.25,54.52,33.97,LPN_ST_001,18.5793,99.0087
2026-05-01 10:00:00,2026-05-01,10,Lamphun,Mueang Lamphun,Nai Mueang,52.14,64.75,33.79,34.8,62.8,34.23,LPN_ST_001,18.5793,99.0087
2026-05-01 11:00:00,2026-05-01,11,Lamphun,Mueang Lamphun,Nai Mueang,50.18,58.03,35.72,36.67,56.31,35.94,LPN_ST_001,18.5793,99.0087
2026-05-01 12:00:00,2026-05-01,12,Lamphun,Mueang Lamphun,Nai Mueang,40.07,57.26,36.9,37.51,56.24,37.12,LPN_ST_001,18.5793,99.0087
2026-05-01 13:00:00,2026-05-01,13,Lamphun,Mueang Lamphun,Nai Mueang,32.01,49.18,37.64,39.07,47.8,37.64,LPN_ST_001,18.5793,99.0087
2026-05-01 14:00:00,2026-05-01,14,Lamphun,Mueang Lamphun,Nai Mueang,28.69,46.19,37.35,38.85,55.82,37.55,LPN_ST_001,18.5793,99.0087
2026-05-01 15:00:00,2026-05-01,15,Lamphun,Mueang Lamphun,Nai Mueang,36.3,54.63,38.68,39.74,47.53,38.68,LPN_ST_001,18.5793,99.0087
2026-05-01 16:00:00,2026-05-01,16,Lamphun,Mueang Lamphun,Nai Mueang,29.91,42.59,37.31,38.68,49.26,37.31,LPN_ST_001,18.5793,99.0087
2026-05-01 17:00:00,2026-05-01,17,Lamphun,Mueang Lamphun,Nai Mueang,23.78,36.58,36.85,37.7,51.22,36.9,LPN_ST_001,18.5793,99.0087
2026-05-01 18:00:00,2026-05-01,18,Lamphun,Mueang Lamphun,Nai Mueang,33.32,50.98,37.3,38.89,52.14,37.37,LPN_ST_001,18.5793,99.0087
2026-05-01 19:00:00,2026-05-01,19,Lamphun,Mueang Lamphun,Nai Mueang,25.83,44.82,36.3,38.07,50.46,36.32,LPN_ST_001,18.5793,99.0087
2026-05-01 20:00:00,2026-05-01,20,Lamphun,Mueang Lamphun,Nai Mueang,24.38,32.21,35.4,36.39,52.35,35.48,LPN_ST_001,18.5793,99.0087
2026-05-01 21:00:00,2026-05-01,21,Lamphun,Mueang Lamphun,Nai Mueang,20.2,35.48,34.42,35.81,52.17,34.49,LPN_ST_001,18.5793,99.0087
2026-05-01 22:00:00,2026-05-01,22,Lamphun,Mueang Lamphun,Nai Mueang,28.62,51.0,34.68,36.03,53.37,34.8,LPN_ST_001,18.5793,99.0087
2026-05-01 23:00:00,2026-05-01,23,Lamphun,Mueang Lamphun,Nai Mueang,21.66,31.89,34.16,35.34,54.61,34.32,LPN_ST_001,18.5793,99.0087
2026-05-02 00:00:00,2026-05-02,0,Lamphun,Mueang Lamphun,Nai Mueang,17.77,24.46,33.13,34.03,63.67,33.61,LPN_ST_001,18.5793,99.0087
2026-05-02 01:00:00,2026-05-02,1,Lamphun,Mueang Lamphun,Nai Mueang,21.94,37.82,31.79,32.24,60.85,32.17,LPN_ST_001,18.5793,99.0087
2026-05-02 02:00:00,2026-05-02,2,Lamphun,Mueang Lamphun,Nai Mueang,31.12,53.13,31.22,32.76,63.91,31.71,LPN_ST_001,18.5793,99.0087
2026-05-02 03:00:00,2026-05-02,3,Lamphun,Mueang Lamphun,Nai Mueang,33.37,43.41,30.34,31.61,68.83,30.99,LPN_ST_001,18.5793,99.0087
2026-05-02 04:00:00,2026-05-02,4,Lamphun,Mueang Lamphun,Nai Mueang,50.28,73.0,29.63,31.11,68.06,30.27,LPN_ST_001,18.5793,99.0087
2026-05-02 05:00:00,2026-05-02,5,Lamphun,Mueang Lamphun,Nai Mueang,55.77,63.26,30.87,32.35,66.18,31.44,LPN_ST_001,18.5793,99.0087
2026-05-02 06:00:00,2026-05-02,6,Lamphun,Mueang Lamphun,Nai Mueang,62.05,85.01,31.19,32.31,58.76,31.5,LPN_ST_001,18.5793,99.0087
2026-05-02 07:00:00,2026-05-02,7,Lamphun,Mueang Lamphun,Nai Mueang,74.8,88.35,31.74,33.3,62.33,32.18,LPN_ST_001,18.5793,99.0087
2026-05-02 08:00:00,2026-05-02,8,Lamphun,Mueang Lamphun,Nai Mueang,75.11,84.47,31.51,32.15,62.24,31.94,LPN_ST_001,18.5793,99.0087
2026-05-02 09:00:00,2026-05-02,9,Lamphun,Mueang Lamphun,Nai Mueang,75.37,85.68,33.75,34.87,61.7,34.16,LPN_ST_001,18.5793,99.0087
2026-05-02 10:00:00,2026-05-02,10,Lamphun,Mueang Lamphun,Nai Mueang,66.67,75.11,35.28,35.76,52.57,35.37,LPN_ST_001,18.5793,99.0087
2026-05-02 11:00:00,2026-05-02,11,Lamphun,Mueang Lamphun,Nai Mueang,62.1,80.54,35.8,37.58,58.16,36.09,LPN_ST_001,18.5793,99.0087
2026-05-02 12:00:00,2026-05-02,12,Lamphun,Mueang Lamphun,Nai Mueang,44.03,62.88,36.82,38.2,54.5,36.98,LPN_ST_001,18.5793,99.0087
2026-05-02 13:00:00,2026-05-02,13,Lamphun,Mueang Lamphun,Nai Mueang,49.69,67.95,36.54,38.34,48.35,36.54,LPN_ST_001,18.5793,99.0087
2026-05-02 14:00:00,2026-05-02,14,Lamphun,Mueang Lamphun,Nai Mueang,33.53,46.13,37.15,38.72,56.28,37.37,LPN_ST_001,18.5793,99.0087
2026-05-02 15:00:00,2026-05-02,15,Lamphun,Mueang Lamphun,Nai Mueang,36.48,47.84,38.14,38.97,47.15,38.14,LPN_ST_001,18.5793,99.0087
2026-05-02 16:00:00,2026-05-02,16,Lamphun,Mueang Lamphun,Nai Mueang,36.23,58.51,37.09,38.15,49.79,37.09,LPN_ST_001,18.5793,99.0087
2026-05-02 17:00:00,2026-05-02,17,Lamphun,Mueang Lamphun,Nai Mueang,38.85,57.72,37.11,38.55,48.83,37.11,LPN_ST_001,18.5793,99.0087
2026-05-02 18:00:00,2026-05-02,18,Lamphun,Mueang Lamphun,Nai Mueang,36.52,52.98,36.33,37.81,57.87,36.61,LPN_ST_001,18.5793,99.0087
2026-05-02 19:00:00,2026-05-02,19,Lamphun,Mueang Lamphun,Nai Mueang,32.64,43.05,36.56,37.2,55.9,36.77,LPN_ST_001,18.5793,99.0087
2026-05-02 20:00:00,2026-05-02,20,Lamphun,Mueang Lamphun,Nai Mueang,23.63,37.14,35.78,36.91,53.48,35.9,LPN_ST_001,18.5793,99.0087
2026-05-02 21:00:00,2026-05-02,21,Lamphun,Mueang Lamphun,Nai Mueang,22.03,29.09,33.74,34.91,55.55,33.93,LPN_ST_001,18.5793,99.0087
2026-05-02 22:00:00,2026-05-02,22,Lamphun,Mueang Lamphun,Nai Mueang,29.8,52.11,34.51,35.08,57.62,34.78,LPN_ST_001,18.5793,99.0087
2026-05-02 23:00:00,2026-05-02,23,Lamphun,Mueang Lamphun,Nai Mueang,30.99,47.19,33.95,35.07,56.73,34.19,LPN_ST_001,18.5793,99.0087
2026-05-03 00:00:00,2026-05-03,0,Lamphun,Mueang Lamphun,Nai Mueang,31.99,52.83,32.4,33.45,56.54,32.63,LPN_ST_001,18.5793,99.0087
2026-05-03 01:00:00,2026-05-03,1,Lamphun,Mueang Lamphun,Nai Mueang,30.02,47.41,31.83,32.96,66.01,32.39,LPN_ST_001,18.5793,99.0087
2026-05-03 02:00:00,2026-05-03,2,Lamphun,Mueang Lamphun,Nai Mueang,33.43,40.67,31.96,32.93,62.06,32.38,LPN_ST_001,18.5793,99.0087
2026-05-03 03:00:00,2026-05-03,3,Lamphun,Mueang Lamphun,Nai Mueang,43.69,55.0,31.02,32.19,63.41,31.49,LPN_ST_001,18.5793,99.0087
2026-05-03 04:00:00,2026-05-03,4,Lamphun,Mueang Lamphun,Nai Mueang,61.67,76.09,30.5,31.99,60.44,30.87,LPN_ST_001,18.5793,99.0087
2026-05-03 05:00:00,2026-05-03,5,Lamphun,Mueang Lamphun,Nai Mueang,73.29,90.61,30.18,31.27,69.52,30.87,LPN_ST_001,18.5793,99.0087
2026-05-03 06:00:00,2026-05-03,6,Lamphun,Mueang Lamphun,Nai Mueang,81.82,102.6,29.89,31.5,71.19,30.63,LPN_ST_001,18.5793,99.0087
2026-05-03 07:00:00,2026-05-03,7,Lamphun,Mueang Lamphun,Nai Mueang,95.38,107.17,30.8,32.0,60.53,31.17,LPN_ST_001,18.5793,99.0087
2026-05-03 08:00:00,2026-05-03,8,Lamphun,Mueang Lamphun,Nai Mueang,94.54,111.16,32.62,33.74,65.1,33.15,LPN_ST_001,18.5793,99.0087
2026-05-03 09:00:00,2026-05-03,9,Lamphun,Mueang Lamphun,Nai Mueang,86.56,101.98,32.7,33.93,63.08,33.16,LPN_ST_001,18.5793,99.0087
2026-05-03 10:00:00,2026-05-03,10,Lamphun,Mueang Lamphun,Nai Mueang,88.29,95.73,34.71,35.84,57.37,34.97,LPN_ST_001,18.5793,99.0087
2026-05-03 11:00:00,2026-05-03,11,Lamphun,Mueang Lamphun,Nai Mueang,67.14,79.21,36.2,37.67,54.1,36.34,LPN_ST_001,18.5793,99.0087
2026-05-03 12:00:00,2026-05-03,12,Lamphun,Mueang Lamphun,Nai Mueang,61.91,67.27,36.94,37.38,47.68,36.94,LPN_ST_001,18.5793,99.0087
2026-05-03 13:00:00,2026-05-03,13,Lamphun,Mueang Lamphun,Nai Mueang,48.63,54.33,36.92,38.55,49.57,36.92,LPN_ST_001,18.5793,99.0087
2026-05-03 14:00:00,2026-05-03,14,Lamphun,Mueang Lamphun,Nai Mueang,42.65,51.53,38.29,39.94,46.53,38.29,LPN_ST_001,18.5793,99.0087
2026-05-03 15:00:00,2026-05-03,15,Lamphun,Mueang Lamphun,Nai Mueang,47.14,57.92,38.43,39.89,49.93,38.43,LPN_ST_001,18.5793,99.0087
2026-05-03 16:00:00,2026-05-03,16,Lamphun,Mueang Lamphun,Nai Mueang,48.88,73.58,37.68,38.86,50.85,37.71,LPN_ST_001,18.5793,99.0087
2026-05-03 17:00:00,2026-05-03,17,Lamphun,Mueang Lamphun,Nai Mueang,35.69,58.52,37.69,39.32,49.41,37.69,LPN_ST_001,18.5793,99.0087
2026-05-03 18:00:00,2026-05-03,18,Lamphun,Mueang Lamphun,Nai Mueang,37.39,60.82,36.69,38.2,54.55,36.85,LPN_ST_001,18.5793,99.0087
2026-05-03 19:00:00,2026-05-03,19,Lamphun,Mueang Lamphun,Nai Mueang,37.31,61.69,35.77,36.76,51.83,35.83,LPN_ST_001,18.5793,99.0087
2026-05-03 20:00:00,2026-05-03,20,Lamphun,Mueang Lamphun,Nai Mueang,31.0,37.51,34.46,36.22,54.39,34.61,LPN_ST_001,18.5793,99.0087
2026-05-03 21:00:00,2026-05-03,21,Lamphun,Mueang Lamphun,Nai Mueang,35.19,58.23,34.09,35.35,55.85,34.29,LPN_ST_001,18.5793,99.0087
2026-05-03 22:00:00,2026-05-03,22,Lamphun,Mueang Lamphun,Nai Mueang,29.34,42.0,34.57,35.87,54.24,34.71,LPN_ST_001,18.5793,99.0087
2026-05-03 23:00:00,2026-05-03,23,Lamphun,Mueang Lamphun,Nai Mueang,26.78,33.28,34.07,35.04,58.39,34.36,LPN_ST_001,18.5793,99.0087
2026-05-04 00:00:00,2026-05-04,0,Lamphun,Mueang Lamphun,Nai Mueang,34.89,43.62,33.12,34.28,62.37,33.56,LPN_ST_001,18.5793,99.0087
2026-05-04 01:00:00,2026-05-04,1,Lamphun,Mueang Lamphun,Nai Mueang,45.22,64.08,31.61,32.68,58.01,31.9,LPN_ST_001,18.5793,99.0087
2026-05-04 02:00:00,2026-05-04,2,Lamphun,Mueang Lamphun,Nai Mueang,39.49,60.53,31.41,32.23,61.53,31.82,LPN_ST_001,18.5793,99.0087
2026-05-04 03:00:00,2026-05-04,3,Lamphun,Mueang Lamphun,Nai Mueang,52.01,70.61,31.25,32.21,66.74,31.84,LPN_ST_001,18.5793,99.0087
2026-05-04 04:00:00,2026-05-04,4,Lamphun,Mueang Lamphun,Nai Mueang,64.22,72.46,30.3,31.44,68.18,30.94,LPN_ST_001,18.5793,99.0087
2026-05-04 05:00:00,2026-05-04,5,Lamphun,Mueang Lamphun,Nai Mueang,76.33,95.57,29.72,30.62,65.26,30.25,LPN_ST_001,18.5793,99.0087
2026-05-04 06:00:00,2026-05-04,6,Lamphun,Mueang Lamphun,Nai Mueang,99.08,120.19,30.94,31.72,68.3,31.58,LPN_ST_001,18.5793,99.0087
2026-05-04 07:00:00,2026-05-04,7,Lamphun,Mueang Lamphun,Nai Mueang,100.99,114.5,31.51,32.58,63.76,31.99,LPN_ST_001,18.5793,99.0087
2026-05-04 08:00:00,2026-05-04,8,Lamphun,Mueang Lamphun,Nai Mueang,119.32,143.14,32.04,33.45,64.23,32.53,LPN_ST_001,18.5793,99.0087
2026-05-04 09:00:00,2026-05-04,9,Lamphun,Mueang Lamphun,Nai Mueang,113.92,134.28,32.7,34.37,58.49,32.99,LPN_ST_001,18.5793,99.0087
2026-05-04 10:00:00,2026-05-04,10,Lamphun,Mueang Lamphun,Nai Mueang,96.48,106.48,34.71,36.35,54.95,34.89,LPN_ST_001,18.5793,99.0087
2026-05-04 11:00:00,2026-05-04,11,Lamphun,Mueang Lamphun,Nai Mueang,83.58,106.9,34.95,36.03,53.69,35.08,LPN_ST_001,18.5793,99.0087
2026-05-04 12:00:00,2026-05-04,12,Lamphun,Mueang Lamphun,Nai Mueang,67.5,86.84,36.05,37.58,49.37,36.05,LPN_ST_001,18.5793,99.0087
2026-05-04 13:00:00,2026-05-04,13,Lamphun,Mueang Lamphun,Nai Mueang,56.98,68.88,37.16,38.5,53.49,37.28,LPN_ST_001,18.5793,99.0087
2026-05-04 14:00:00,2026-05-04,14,Lamphun,Mueang Lamphun,Nai Mueang,60.33,76.12,37.15,37.57,55.14,37.33,LPN_ST_001,18.5793,99.0087
2026-05-04 15:00:00,2026-05-04,15,Lamphun,Mueang Lamphun,Nai Mueang,50.16,68.71,38.64,39.7,45.52,38.64,LPN_ST_001,18.5793,99.0087
2026-05-04 16:00:00,2026-05-04,16,Lamphun,Mueang Lamphun,Nai Mueang,57.09,65.02,38.24,38.77,46.33,38.24,LPN_ST_001,18.5793,99.0087
2026-05-04 17:00:00,2026-05-04,17,Lamphun,Mueang Lamphun,Nai Mueang,55.95,71.41,37.43,39.18,50.59,37.45,LPN_ST_001,18.5793,99.0087
2026-05-04 18:00:00,2026-05-04,18,Lamphun,Mueang Lamphun,Nai Mueang,41.69,63.79,37.4,39.17,54.42,37.55,LPN_ST_001,18.5793,99.0087
2026-05-04 19:00:00,2026-05-04,19,Lamphun,Mueang Lamphun,Nai Mueang,42.1,59.49,36.74,38.52,52.72,36.83,LPN_ST_001,18.5793,99.0087
2026-05-04 20:00:00,2026-05-04,20,Lamphun,Mueang Lamphun,Nai Mueang,38.73,50.35,35.71,36.3,58.92,36.02,LPN_ST_001,18.5793,99.0087
2026-05-04 21:00:00,2026-05-04,21,Lamphun,Mueang Lamphun,Nai Mueang,47.82,67.81,33.74,34.74,58.99,34.06,LPN_ST_001,18.5793,99.0087
2026-05-04 22:00:00,2026-05-04,22,Lamphun,Mueang Lamphun,Nai Mueang,37.6,42.75,34.75,35.33,61.24,35.14,LPN_ST_001,18.5793,99.0087
2026-05-04 23:00:00,2026-05-04,23,Lamphun,Mueang Lamphun,Nai Mueang,42.27,64.17,34.39,35.79,53.22,34.5,LPN_ST_001,18.5793,99.0087
2026-05-05 00:00:00,2026-05-05,0,Lamphun,Mueang Lamphun,Nai Mueang,42.45,56.68,32.99,34.25,61.24,33.38,LPN_ST_001,18.5793,99.0087
2026-05-05 01:00:00,2026-05-05,1,Lamphun,Mueang Lamphun,Nai Mueang,46.92,58.8,32.61,34.14,56.34,32.83,LPN_ST_001,18.5793,99.0087
2026-05-05 02:00:00,2026-05-05,2,Lamphun,Mueang Lamphun,Nai Mueang,45.31,56.68,30.61,31.93,69.3,31.28,LPN_ST_001,18.5793,99.0087
2026-05-05 03:00:00,2026-05-05,3,Lamphun,Mueang Lamphun,Nai Mueang,60.69,72.22,30.96,32.64,65.51,31.5,LPN_ST_001,18.5793,99.0087
2026-05-05 04:00:00,2026-05-05,4,Lamphun,Mueang Lamphun,Nai Mueang,72.2,88.52,30.15,31.43,67.46,30.76,LPN_ST_001,18.5793,99.0087
2026-05-05 05:00:00,2026-05-05,5,Lamphun,Mueang Lamphun,Nai Mueang,85.75,93.59,29.98,31.24,62.5,30.42,LPN_ST_001,18.5793,99.0087
2026-05-05 06:00:00,2026-05-05,6,Lamphun,Mueang Lamphun,Nai Mueang,103.98,116.49,29.96,31.43,70.15,30.66,LPN_ST_001,18.5793,99.0087
2026-05-05 07:00:00,2026-05-05,7,Lamphun,Mueang Lamphun,Nai Mueang,118.38,130.86,30.51,31.15,64.03,31.0,LPN_ST_001,18.5793,99.0087
2026-05-05 08:00:00,2026-05-05,8,Lamphun,Mueang Lamphun,Nai Mueang,125.1,136.19,31.71,33.15,58.8,32.02,LPN_ST_001,18.5793,99.0087
2026-05-05 09:00:00,2026-05-05,9,Lamphun,Mueang Lamphun,Nai Mueang,117.11,135.21,34.12,34.7,58.21,34.4,LPN_ST_001,18.5793,99.0087
2026-05-05 10:00:00,2026-05-05,10,Lamphun,Mueang Lamphun,Nai Mueang,107.7,114.96,34.0,35.1,56.99,34.24,LPN_ST_001,18.5793,99.0087
2026-05-05 11:00:00,2026-05-05,11,Lamphun,Mueang Lamphun,Nai Mueang,94.21,103.25,36.41,37.09,53.54,36.53,LPN_ST_001,18.5793,99.0087
2026-05-05 12:00:00,2026-05-05,12,Lamphun,Mueang Lamphun,Nai Mueang,86.6,105.97,36.71,37.71,56.48,36.94,LPN_ST_001,18.5793,99.0087
2026-05-05 13:00:00,2026-05-05,13,Lamphun,Mueang Lamphun,Nai Mueang,76.02,99.87,37.67,39.34,53.54,37.79,LPN_ST_001,18.5793,99.0087
2026-05-05 14:00:00,2026-05-05,14,Lamphun,Mueang Lamphun,Nai Mueang,66.69,82.99,38.47,39.91,46.82,38.47,LPN_ST_001,18.5793,99.0087
2026-05-05 15:00:00,2026-05-05,15,Lamphun,Mueang Lamphun,Nai Mueang,64.18,77.63,38.22,39.83,52.5,38.31,LPN_ST_001,18.5793,99.0087
2026-05-05 16:00:00,2026-05-05,16,Lamphun,Mueang Lamphun,Nai Mueang,46.85,60.22,37.47,37.96,56.03,37.68,LPN_ST_001,18.5793,99.0087
2026-05-05 17:00:00,2026-05-05,17,Lamphun,Mueang Lamphun,Nai Mueang,53.2,75.69,37.84,39.42,55.27,38.03,LPN_ST_001,18.5793,99.0087
2026-05-05 18:00:00,2026-05-05,18,Lamphun,Mueang Lamphun,Nai Mueang,53.4,59.94,37.38,38.9,49.79,37.38,LPN_ST_001,18.5793,99.0087
2026-05-05 19:00:00,2026-05-05,19,Lamphun,Mueang Lamphun,Nai Mueang,50.02,70.37,35.37,35.84,56.65,35.6,LPN_ST_001,18.5793,99.0087
2026-05-05 20:00:00,2026-05-05,20,Lamphun,Mueang Lamphun,Nai Mueang,38.62,55.19,34.52,35.49,59.51,34.86,LPN_ST_001,18.5793,99.0087
2026-05-05 21:00:00,2026-05-05,21,Lamphun,Mueang Lamphun,Nai Mueang,36.09,58.62,33.93,34.37,58.71,34.23,LPN_ST_001,18.5793,99.0087
2026-05-05 22:00:00,2026-05-05,22,Lamphun,Mueang Lamphun,Nai Mueang,48.35,69.37,34.34,34.81,58.07,34.63,LPN_ST_001,18.5793,99.0087
2026-05-05 23:00:00,2026-05-05,23,Lamphun,Mueang Lamphun,Nai Mueang,46.72,60.16,32.97,33.86,60.17,33.32,LPN_ST_001,18.5793,99.0087
2026-05-06 00:00:00,2026-05-06,0,Lamphun,Mueang Lamphun,Nai Mueang,41.2,61.0,31.65,33.41,63.94,32.14,LPN_ST_001,18.5793,99.0087
2026-05-06 01:00:00,2026-05-06,1,Lamphun,Mueang Lamphun,Nai Mueang,34.5,39.6,31.18,32.02,60.97,31.57,LPN_ST_001,18.5793,99.0087
2026-05-06 02:00:00,2026-05-06,2,Lamphun,Mueang Lamphun,Nai Mueang,39.61,57.05,31.87,33.21,58.73,32.18,LPN_ST_001,18.5793,99.0087
2026-05-06 03:00:00,2026-05-06,3,Lamphun,Mueang Lamphun,Nai Mueang,58.57,70.76,31.37,32.88,63.29,31.84,LPN_ST_001,18.5793,99.0087
2026-05-06 04:00:00,2026-05-06,4,Lamphun,Mueang Lamphun,Nai Mueang,67.67,88.67,30.63,31.63,60.88,31.01,LPN_ST_001,18.5793,99.0087
2026-05-06 05:00:00,2026-05-06,5,Lamphun,Mueang Lamphun,Nai Mueang,80.99,95.74,30.65,32.32,65.27,31.19,LPN_ST_001,18.5793,99.0087
2026-05-06 06:00:00,2026-05-06,6,Lamphun,Mueang Lamphun,Nai Mueang,86.15,99.24,30.59,32.11,67.25,31.19,LPN_ST_001,18.5793,99.0087
2026-05-06 07:00:00,2026-05-06,7,Lamphun,Mueang Lamphun,Nai Mueang,102.17,114.91,30.86,32.06,65.77,31.41,LPN_ST_001,18.5793,99.0087
2026-05-06 08:00:00,2026-05-06,8,Lamphun,Mueang Lamphun,Nai Mueang,106.34,125.95,31.6,32.43,60.73,31.98,LPN_ST_001,18.5793,99.0087
2026-05-06 09:00:00,2026-05-06,9,Lamphun,Mueang Lamphun,Nai Mueang,103.46,127.06,33.96,34.69,59.89,34.31,LPN_ST_001,18.5793,99.0087
2026-05-06 10:00:00,2026-05-06,10,Lamphun,Mueang Lamphun,Nai Mueang,92.51,111.06,34.33,34.92,61.21,34.73,LPN_ST_001,18.5793,99.0087
2026-05-06 11:00:00,2026-05-06,11,Lamphun,Mueang Lamphun,Nai Mueang,76.85,94.73,35.43,36.49,57.42,35.69,LPN_ST_001,18.5793,99.0087
2026-05-06 12:00:00,2026-05-06,12,Lamphun,Mueang Lamphun,Nai Mueang,69.19,92.09,35.83,36.54,54.82,36.0,LPN_ST_001,18.5793,99.0087
2026-05-06 13:00:00,2026-05-06,13,Lamphun,Mueang Lamphun,Nai Mueang,68.91,74.1,37.91,38.6,52.72,38.01,LPN_ST_001,18.5793,99.0087
2026-05-06 14:00:00,2026-05-06,14,Lamphun,Mueang Lamphun,Nai Mueang,56.96,76.99,38.22,39.62,53.12,38.33,LPN_ST_001,18.5793,99.0087
2026-05-06 15:00:00,2026-05-06,15,Lamphun,Mueang Lamphun,Nai Mueang,59.24,67.68,38.49,39.72,45.23,38.49,LPN_ST_001,18.5793,99.0087
2026-05-06 16:00:00,2026-05-06,16,Lamphun,Mueang Lamphun,Nai Mueang,52.75,59.81,37.43,38.65,55.76,37.63,LPN_ST_001,18.5793,99.0087
2026-05-06 17:00:00,2026-05-06,17,Lamphun,Mueang Lamphun,Nai Mueang,50.89,67.37,37.68,39.01,47.39,37.68,LPN_ST_001,18.5793,99.0087
2026-05-06 18:00:00,2026-05-06,18,Lamphun,Mueang Lamphun,Nai Mueang,50.5,57.15,36.2,36.72,54.56,36.36,LPN_ST_001,18.5793,99.0087
2026-05-06 19:00:00,2026-05-06,19,Lamphun,Mueang Lamphun,Nai Mueang,40.98,56.76,35.21,36.76,55.28,35.39,LPN_ST_001,18.5793,99.0087
2026-05-06 20:00:00,2026-05-06,20,Lamphun,Mueang Lamphun,Nai Mueang,41.23,55.15,35.0,36.78,55.72,35.2,LPN_ST_001,18.5793,99.0087
2026-05-06 21:00:00,2026-05-06,21,Lamphun,Mueang Lamphun,Nai Mueang,47.01,70.73,34.26,35.51,52.68,34.36,LPN_ST_001,18.5793,99.0087
2026-05-06 22:00:00,2026-05-06,22,Lamphun,Mueang Lamphun,Nai Mueang,31.21,48.93,33.32,34.51,62.98,33.78,LPN_ST_001,18.5793,99.0087
2026-05-06 23:00:00,2026-05-06,23,Lamphun,Mueang Lamphun,Nai Mueang,34.59,41.17,32.89,34.24,55.75,33.09,LPN_ST_001,18.5793,99.0087
2026-05-07 00:00:00,2026-05-07,0,Lamphun,Mueang Lamphun,Nai Mueang,26.8,45.54,32.24,32.73,58.7,32.54,LPN_ST_001,18.5793,99.0087
2026-05-07 01:00:00,2026-05-07,1,Lamphun,Mueang Lamphun,Nai Mueang,26.27,49.82,32.59,33.83,63.99,33.08,LPN_ST_001,18.5793,99.0087
2026-05-07 02:00:00,2026-05-07,2,Lamphun,Mueang Lamphun,Nai Mueang,29.87,45.16,30.9,32.47,64.0,31.39,LPN_ST_001,18.5793,99.0087
2026-05-07 03:00:00,2026-05-07,3,Lamphun,Mueang Lamphun,Nai Mueang,38.47,62.97,30.19,31.73,69.74,30.88,LPN_ST_001,18.5793,99.0087
2026-05-07 04:00:00,2026-05-07,4,Lamphun,Mueang Lamphun,Nai Mueang,46.35,65.12,30.95,31.81,61.66,31.36,LPN_ST_001,18.5793,99.0087
2026-05-07 05:00:00,2026-05-07,5,Lamphun,Mueang Lamphun,Nai Mueang,60.89,67.72,30.32,31.46,69.99,31.02,LPN_ST_001,18.5793,99.0087
2026-05-07 06:00:00,2026-05-07,6,Lamphun,Mueang Lamphun,Nai Mueang,58.77,66.1,29.78,30.26,71.19,30.52,LPN_ST_001,18.5793,99.0087
2026-05-07 07:00:00,2026-05-07,7,Lamphun,Mueang Lamphun,Nai Mueang,72.84,82.97,31.32,32.43,67.65,31.94,LPN_ST_001,18.5793,99.0087
2026-05-07 08:00:00,2026-05-07,8,Lamphun,Mueang Lamphun,Nai Mueang,84.48,90.05,32.41,33.27,58.35,32.7,LPN_ST_001,18.5793,99.0087
2026-05-07 09:00:00,2026-05-07,9,Lamphun,Mueang Lamphun,Nai Mueang,83.48,103.86,33.98,34.95,59.72,34.32,LPN_ST_001,18.5793,99.0087
2026-05-07 10:00:00,2026-05-07,10,Lamphun,Mueang Lamphun,Nai Mueang,75.49,92.37,34.96,35.99,59.66,35.3,LPN_ST_001,18.5793,99.0087
2026-05-07 11:00:00,2026-05-07,11,Lamphun,Mueang Lamphun,Nai Mueang,65.47,81.12,35.08,36.16,57.32,35.33,LPN_ST_001,18.5793,99.0087
2026-05-07 12:00:00,2026-05-07,12,Lamphun,Mueang Lamphun,Nai Mueang,50.28,59.84,35.94,36.65,50.67,35.96,LPN_ST_001,18.5793,99.0087
2026-05-07 13:00:00,2026-05-07,13,Lamphun,Mueang Lamphun,Nai Mueang,41.18,58.76,36.94,37.59,52.55,37.03,LPN_ST_001,18.5793,99.0087
2026-05-07 14:00:00,2026-05-07,14,Lamphun,Mueang Lamphun,Nai Mueang,35.61,51.68,37.97,38.79,54.05,38.11,LPN_ST_001,18.5793,99.0087
2026-05-07 15:00:00,2026-05-07,15,Lamphun,Mueang Lamphun,Nai Mueang,39.72,57.53,38.58,40.08,48.13,38.58,LPN_ST_001,18.5793,99.0087
2026-05-07 16:00:00,2026-05-07,16,Lamphun,Mueang Lamphun,Nai Mueang,38.26,48.43,37.63,38.98,55.12,37.81,LPN_ST_001,18.5793,99.0087
2026-05-07 17:00:00,2026-05-07,17,Lamphun,Mueang Lamphun,Nai Mueang,34.1,53.38,36.68,37.58,54.5,36.84,LPN_ST_001,18.5793,99.0087
2026-05-07 18:00:00,2026-05-07,18,Lamphun,Mueang Lamphun,Nai Mueang,34.67,47.53,37.5,38.53,53.72,37.63,LPN_ST_001,18.5793,99.0087
2026-05-07 19:00:00,2026-05-07,19,Lamphun,Mueang Lamphun,Nai Mueang,25.43,32.32,36.23,36.69,53.56,36.36,LPN_ST_001,18.5793,99.0087
2026-05-07 20:00:00,2026-05-07,20,Lamphun,Mueang Lamphun,Nai Mueang,24.56,45.57,35.96,36.42,52.39,36.04,LPN_ST_001,18.5793,99.0087
2026-05-07 21:00:00,2026-05-07,21,Lamphun,Mueang Lamphun,Nai Mueang,27.28,41.54,33.76,34.9,59.69,34.1,LPN_ST_001,18.5793,99.0087
2026-05-07 22:00:00,2026-05-07,22,Lamphun,Mueang Lamphun,Nai Mueang,32.81,48.52,34.45,35.55,56.34,34.67,LPN_ST_001,18.5793,99.0087
2026-05-07 23:00:00,2026-05-07,23,Lamphun,Mueang Lamphun,Nai Mueang,30.87,36.54,33.31,34.53,55.23,33.49,LPN_ST_001,18.5793,99.0087
2026-05-01 00:00:00,2026-05-01,0,Lamphun,Mueang Lamphun,Umong,27.14,33.3,30.91,32.65,62.11,31.34,LPN_ST_002,18.61,98.9988
2026-05-01 01:00:00,2026-05-01,1,Lamphun,Mueang Lamphun,Umong,25.32,37.62,31.38,33.02,67.69,32.0,LPN_ST_002,18.61,98.9988
2026-05-01 02:00:00,2026-05-01,2,Lamphun,Mueang Lamphun,Umong,34.76,44.9,29.96,30.7,68.38,30.6,LPN_ST_002,18.61,98.9988
2026-05-01 03:00:00,2026-05-01,3,Lamphun,Mueang Lamphun,Umong,33.15,57.2,29.19,29.91,69.37,29.86,LPN_ST_002,18.61,98.9988
2026-05-01 04:00:00,2026-05-01,4,Lamphun,Mueang Lamphun,Umong,34.68,58.03,29.12,30.4,65.15,29.65,LPN_ST_002,18.61,98.9988
2026-05-01 05:00:00,2026-05-01,5,Lamphun,Mueang Lamphun,Umong,54.19,63.54,29.26,30.08,69.05,29.92,LPN_ST_002,18.61,98.9988
2026-05-01 06:00:00,2026-05-01,6,Lamphun,Mueang Lamphun,Umong,60.17,80.26,29.1,29.68,68.4,29.74,LPN_ST_002,18.61,98.9988
2026-05-01 07:00:00,2026-05-01,7,Lamphun,Mueang Lamphun,Umong,61.24,67.25,30.33,31.89,69.58,31.02,LPN_ST_002,18.61,98.9988
2026-05-01 08:00:00,2026-05-01,8,Lamphun,Mueang Lamphun,Umong,75.16,91.64,31.49,33.03,62.11,31.92,LPN_ST_002,18.61,98.9988
2026-05-01 09:00:00,2026-05-01,9,Lamphun,Mueang Lamphun,Umong,69.77,78.07,32.17,33.48,63.2,32.63,LPN_ST_002,18.61,98.9988
2026-05-01 10:00:00,2026-05-01,10,Lamphun,Mueang Lamphun,Umong,53.63,71.66,33.55,35.28,55.62,33.75,LPN_ST_002,18.61,98.9988
2026-05-01 11:00:00,2026-05-01,11,Lamphun,Mueang Lamphun,Umong,59.35,67.17,34.3,34.98,61.88,34.71,LPN_ST_002,18.61,98.9988
2026-05-01 12:00:00,2026-05-01,12,Lamphun,Mueang Lamphun,Umong,50.63,59.96,35.91,36.4,50.57,35.93,LPN_ST_002,18.61,98.9988
2026-05-01 13:00:00,2026-05-01,13,Lamphun,Mueang Lamphun,Umong,46.56,60.27,35.81,37.13,49.46,35.81,LPN_ST_002,18.61,98.9988
2026-05-01 14:00:00,2026-05-01,14,Lamphun,Mueang Lamphun,Umong,41.99,66.94,36.55,37.39,50.66,36.57,LPN_ST_002,18.61,98.9988
2026-05-01 15:00:00,2026-05-01,15,Lamphun,Mueang Lamphun,Umong,27.71,35.51,36.94,37.92,47.74,36.94,LPN_ST_002,18.61,98.9988
2026-05-01 16:00:00,2026-05-01,16,Lamphun,Mueang Lamphun,Umong,32.14,38.97,36.68,37.22,48.85,36.68,LPN_ST_002,18.61,98.9988
2026-05-01 17:00:00,2026-05-01,17,Lamphun,Mueang Lamphun,Umong,23.9,33.78,36.84,37.46,53.62,36.97,LPN_ST_002,18.61,98.9988
2026-05-01 18:00:00,2026-05-01,18,Lamphun,Mueang Lamphun,Umong,28.02,44.43,35.2,35.85,53.03,35.31,LPN_ST_002,18.61,98.9988
2026-05-01 19:00:00,2026-05-01,19,Lamphun,Mueang Lamphun,Umong,28.52,46.14,34.74,36.13,60.98,35.13,LPN_ST_002,18.61,98.9988
2026-05-01 20:00:00,2026-05-01,20,Lamphun,Mueang Lamphun,Umong,17.88,33.03,34.28,34.89,54.51,34.44,LPN_ST_002,18.61,98.9988
2026-05-01 21:00:00,2026-05-01,21,Lamphun,Mueang Lamphun,Umong,18.8,25.8,34.0,35.42,53.79,34.13,LPN_ST_002,18.61,98.9988
2026-05-01 22:00:00,2026-05-01,22,Lamphun,Mueang Lamphun,Umong,25.7,31.46,32.5,33.15,57.51,32.77,LPN_ST_002,18.61,98.9988
2026-05-01 23:00:00,2026-05-01,23,Lamphun,Mueang Lamphun,Umong,22.68,39.52,33.09,34.56,60.34,33.45,LPN_ST_002,18.61,98.9988
2026-05-02 00:00:00,2026-05-02,0,Lamphun,Mueang Lamphun,Umong,22.44,31.15,30.64,31.93,63.53,31.12,LPN_ST_002,18.61,98.9988
2026-05-02 01:00:00,2026-05-02,1,Lamphun,Mueang Lamphun,Umong,18.65,35.18,30.9,31.41,68.42,31.55,LPN_ST_002,18.61,98.9988
2026-05-02 02:00:00,2026-05-02,2,Lamphun,Mueang Lamphun,Umong,33.91,39.66,30.15,30.67,65.92,30.71,LPN_ST_002,18.61,98.9988
2026-05-02 03:00:00,2026-05-02,3,Lamphun,Mueang Lamphun,Umong,42.28,47.43,30.21,30.97,61.34,30.6,LPN_ST_002,18.61,98.9988
2026-05-02 04:00:00,2026-05-02,4,Lamphun,Mueang Lamphun,Umong,45.25,52.54,30.0,31.13,67.61,30.62,LPN_ST_002,18.61,98.9988
2026-05-02 05:00:00,2026-05-02,5,Lamphun,Mueang Lamphun,Umong,44.05,55.54,29.19,29.86,65.55,29.74,LPN_ST_002,18.61,98.9988
2026-05-02 06:00:00,2026-05-02,6,Lamphun,Mueang Lamphun,Umong,56.04,74.38,28.9,29.89,65.09,29.43,LPN_ST_002,18.61,98.9988
2026-05-02 07:00:00,2026-05-02,7,Lamphun,Mueang Lamphun,Umong,63.43,72.86,30.91,31.91,60.42,31.27,LPN_ST_002,18.61,98.9988
2026-05-02 08:00:00,2026-05-02,8,Lamphun,Mueang Lamphun,Umong,75.72,84.79,31.02,32.02,64.96,31.54,LPN_ST_002,18.61,98.9988
2026-05-02 09:00:00,2026-05-02,9,Lamphun,Mueang Lamphun,Umong,60.22,72.92,31.92,33.38,61.09,32.31,LPN_ST_002,18.61,98.9988
2026-05-02 10:00:00,2026-05-02,10,Lamphun,Mueang Lamphun,Umong,68.62,92.0,33.92,34.41,53.24,34.03,LPN_ST_002,18.61,98.9988
2026-05-02 11:00:00,2026-05-02,11,Lamphun,Mueang Lamphun,Umong,54.74,79.26,34.25,34.79,56.22,34.47,LPN_ST_002,18.61,98.9988
2026-05-02 12:00:00,2026-05-02,12,Lamphun,Mueang Lamphun,Umong,40.54,64.43,35.39,36.86,58.4,35.69,LPN_ST_002,18.61,98.9988
2026-05-02 13:00:00,2026-05-02,13,Lamphun,Mueang Lamphun,Umong,36.33,42.99,35.84,36.62,54.59,36.0,LPN_ST_002,18.61,98.9988
2026-05-02 14:00:00,2026-05-02,14,Lamphun,Mueang Lamphun,Umong,40.36,62.21,37.1,38.6,53.84,37.23,LPN_ST_002,18.61,98.9988
2026-05-02 15:00:00,2026-05-02,15,Lamphun,Mueang Lamphun,Umong,36.24,59.46,37.3,38.24,50.83,37.33,LPN_ST_002,18.61,98.9988
2026-05-02 16:00:00,2026-05-02,16,Lamphun,Mueang Lamphun,Umong,36.05,49.6,36.69,38.22,54.26,36.84,LPN_ST_002,18.61,98.9988
2026-05-02 17:00:00,2026-05-02,17,Lamphun,Mueang Lamphun,Umong,30.11,48.12,36.7,38.17,50.32,36.71,LPN_ST_002,18.61,98.9988
2026-05-02 18:00:00,2026-05-02,18,Lamphun,Mueang Lamphun,Umong,23.61,47.94,36.43,37.4,56.89,36.67,LPN_ST_002,18.61,98.9988
2026-05-02 19:00:00,2026-05-02,19,Lamphun,Mueang Lamphun,Umong,32.74,48.92,35.67,36.75,51.81,35.73,LPN_ST_002,18.61,98.9988
2026-05-02 20:00:00,2026-05-02,20,Lamphun,Mueang Lamphun,Umong,24.81,31.61,33.48,34.23,58.75,33.79,LPN_ST_002,18.61,98.9988
2026-05-02 21:00:00,2026-05-02,21,Lamphun,Mueang Lamphun,Umong,31.22,51.03,33.55,34.93,61.14,33.94,LPN_ST_002,18.61,98.9988
2026-05-02 22:00:00,2026-05-02,22,Lamphun,Mueang Lamphun,Umong,23.1,41.47,32.5,33.02,60.97,32.88,LPN_ST_002,18.61,98.9988
2026-05-02 23:00:00,2026-05-02,23,Lamphun,Mueang Lamphun,Umong,28.98,46.69,32.54,33.94,64.65,33.05,LPN_ST_002,18.61,98.9988
2026-05-03 00:00:00,2026-05-03,0,Lamphun,Mueang Lamphun,Umong,22.25,40.45,32.17,33.67,61.05,32.56,LPN_ST_002,18.61,98.9988
2026-05-03 01:00:00,2026-05-03,1,Lamphun,Mueang Lamphun,Umong,27.52,41.51,30.88,31.61,68.35,31.53,LPN_ST_002,18.61,98.9988
2026-05-03 02:00:00,2026-05-03,2,Lamphun,Mueang Lamphun,Umong,34.59,53.73,29.54,31.26,62.31,29.97,LPN_ST_002,18.61,98.9988
2026-05-03 03:00:00,2026-05-03,3,Lamphun,Mueang Lamphun,Umong,36.01,51.7,29.9,30.69,61.62,30.3,LPN_ST_002,18.61,98.9988
2026-05-03 04:00:00,2026-05-03,4,Lamphun,Mueang Lamphun,Umong,46.31,53.49,30.0,30.82,66.22,30.57,LPN_ST_002,18.61,98.9988
2026-05-03 05:00:00,2026-05-03,5,Lamphun,Mueang Lamphun,Umong,51.33,70.03,28.92,30.16,70.05,29.62,LPN_ST_002,18.61,98.9988
2026-05-03 06:00:00,2026-05-03,6,Lamphun,Mueang Lamphun,Umong,70.84,81.85,29.73,31.51,63.31,30.2,LPN_ST_002,18.61,98.9988
2026-05-03 07:00:00,2026-05-03,7,Lamphun,Mueang Lamphun,Umong,79.04,86.97,30.07,30.83,67.99,30.7,LPN_ST_002,18.61,98.9988
2026-05-03 08:00:00,2026-05-03,8,Lamphun,Mueang Lamphun,Umong,83.4,96.76,30.98,31.71,59.51,31.32,LPN_ST_002,18.61,98.9988
2026-05-03 09:00:00,2026-05-03,9,Lamphun,Mueang Lamphun,Umong,74.03,79.33,31.87,33.56,57.91,32.15,LPN_ST_002,18.61,98.9988
2026-05-03 10:00:00,2026-05-03,10,Lamphun,Mueang Lamphun,Umong,76.26,86.24,33.31,34.22,59.05,33.63,LPN_ST_002,18.61,98.9988
2026-05-03 11:00:00,2026-05-03,11,Lamphun,Mueang Lamphun,Umong,66.42,76.15,34.6,35.59,52.44,34.68,LPN_ST_002,18.61,98.9988
2026-05-03 12:00:00,2026-05-03,12,Lamphun,Mueang Lamphun,Umong,52.47,75.08,36.24,37.92,49.0,36.24,LPN_ST_002,18.61,98.9988
2026-05-03 13:00:00,2026-05-03,13,Lamphun,Mueang Lamphun,Umong,52.58,75.15,35.95,36.79,52.36,36.03,LPN_ST_002,18.61,98.9988
2026-05-03 14:00:00,2026-05-03,14,Lamphun,Mueang Lamphun,Umong,48.34,58.31,36.47,37.85,55.06,36.65,LPN_ST_002,18.61,98.9988
2026-05-03 15:00:00,2026-05-03,15,Lamphun,Mueang Lamphun,Umong,33.57,53.17,37.55,39.07,46.47,37.55,LPN_ST_002,18.61,98.9988
2026-05-03 16:00:00,2026-05-03,16,Lamphun,Mueang Lamphun,Umong,42.26,52.67,37.5,39.15,53.22,37.61,LPN_ST_002,18.61,98.9988
2026-05-03 17:00:00,2026-05-03,17,Lamphun,Mueang Lamphun,Umong,29.89,52.96,37.09,38.77,51.04,37.13,LPN_ST_002,18.61,98.9988
2026-05-03 18:00:00,2026-05-03,18,Lamphun,Mueang Lamphun,Umong,28.38,38.53,35.82,37.46,50.15,35.83,LPN_ST_002,18.61,98.9988
2026-05-03 19:00:00,2026-05-03,19,Lamphun,Mueang Lamphun,Umong,38.02,55.16,34.25,35.73,58.75,34.55,LPN_ST_002,18.61,98.9988
2026-05-03 20:00:00,2026-05-03,20,Lamphun,Mueang Lamphun,Umong,35.11,52.66,34.11,35.4,54.28,34.26,LPN_ST_002,18.61,98.9988
2026-05-03 21:00:00,2026-05-03,21,Lamphun,Mueang Lamphun,Umong,31.18,43.83,33.84,35.09,61.73,34.25,LPN_ST_002,18.61,98.9988
2026-05-03 22:00:00,2026-05-03,22,Lamphun,Mueang Lamphun,Umong,33.11,56.31,32.82,33.62,59.69,33.16,LPN_ST_002,18.61,98.9988
2026-05-03 23:00:00,2026-05-03,23,Lamphun,Mueang Lamphun,Umong,30.15,42.88,33.37,34.44,59.73,33.71,LPN_ST_002,18.61,98.9988
2026-05-04 00:00:00,2026-05-04,0,Lamphun,Mueang Lamphun,Umong,36.33,52.37,31.26,31.76,62.34,31.69,LPN_ST_002,18.61,98.9988
2026-05-04 01:00:00,2026-05-04,1,Lamphun,Mueang Lamphun,Umong,41.33,46.95,31.18,31.88,62.69,31.62,LPN_ST_002,18.61,98.9988
2026-05-04 02:00:00,2026-05-04,2,Lamphun,Mueang Lamphun,Umong,49.53,66.12,31.09,31.73,63.01,31.54,LPN_ST_002,18.61,98.9988
2026-05-04 03:00:00,2026-05-04,3,Lamphun,Mueang Lamphun,Umong,52.94,75.24,29.01,30.72,72.86,29.81,LPN_ST_002,18.61,98.9988
2026-05-04 04:00:00,2026-05-04,4,Lamphun,Mueang Lamphun,Umong,65.02,72.74,29.21,30.02,69.37,29.89,LPN_ST_002,18.61,98.9988
2026-05-04 05:00:00,2026-05-04,5,Lamphun,Mueang Lamphun,Umong,67.76,91.02,28.47,29.77,72.36,29.25,LPN_ST_002,18.61,98.9988
2026-05-04 06:00:00,2026-05-04,6,Lamphun,Mueang Lamphun,Umong,90.01,110.04,29.26,30.2,68.55,29.91,LPN_ST_002,18.61,98.9988
2026-05-04 07:00:00,2026-05-04,7,Lamphun,Mueang Lamphun,Umong,101.13,118.22,30.19,30.97,68.73,30.84,LPN_ST_002,18.61,98.9988
2026-05-04 08:00:00,2026-05-04,8,Lamphun,Mueang Lamphun,Umong,102.14,110.34,31.7,32.71,64.99,32.23,LPN_ST_002,18.61,98.9988
2026-05-04 09:00:00,2026-05-04,9,Lamphun,Mueang Lamphun,Umong,92.62,104.68,33.12,34.21,62.51,33.56,LPN_ST_002,18.61,98.9988
2026-05-04 10:00:00,2026-05-04,10,Lamphun,Mueang Lamphun,Umong,87.52,108.78,33.96,35.2,56.52,34.19,LPN_ST_002,18.61,98.9988
2026-05-04 11:00:00,2026-05-04,11,Lamphun,Mueang Lamphun,Umong,72.76,90.15,34.18,35.46,60.67,34.55,LPN_ST_002,18.61,98.9988
2026-05-04 12:00:00,2026-05-04,12,Lamphun,Mueang Lamphun,Umong,67.9,92.57,35.41,36.1,56.86,35.65,LPN_ST_002,18.61,98.9988
2026-05-04 13:00:00,2026-05-04,13,Lamphun,Mueang Lamphun,Umong,66.56,85.39,36.49,37.92,49.3,36.49,LPN_ST_002,18.61,98.9988
2026-05-04 14:00:00,2026-05-04,14,Lamphun,Mueang Lamphun,Umong,55.29,64.18,37.13,38.06,50.88,37.16,LPN_ST_002,18.61,98.9988
2026-05-04 15:00:00,2026-05-04,15,Lamphun,Mueang Lamphun,Umong,52.15,60.23,36.26,37.18,58.28,36.55,LPN_ST_002,18.61,98.9988
2026-05-04 16:00:00,2026-05-04,16,Lamphun,Mueang Lamphun,Umong,44.39,64.69,36.79,37.73,55.34,36.98,LPN_ST_002,18.61,98.9988
2026-05-04 17:00:00,2026-05-04,17,Lamphun,Mueang Lamphun,Umong,36.83,42.7,35.6,36.87,52.58,35.69,LPN_ST_002,18.61,98.9988
2026-05-04 18:00:00,2026-05-04,18,Lamphun,Mueang Lamphun,Umong,38.07,56.86,35.5,36.35,50.7,35.53,LPN_ST_002,18.61,98.9988
2026-05-04 19:00:00,2026-05-04,19,Lamphun,Mueang Lamphun,Umong,34.45,53.44,34.5,35.65,54.47,34.65,LPN_ST_002,18.61,98.9988
2026-05-04 20:00:00,2026-05-04,20,Lamphun,Mueang Lamphun,Umong,34.33,54.24,34.58,35.88,57.99,34.86,LPN_ST_002,18.61,98.9988
2026-05-04 21:00:00,2026-05-04,21,Lamphun,Mueang Lamphun,Umong,36.28,59.53,34.15,35.74,59.13,34.46,LPN_ST_002,18.61,98.9988
2026-05-04 22:00:00,2026-05-04,22,Lamphun,Mueang Lamphun,Umong,38.98,52.61,32.59,33.99,56.93,32.84,LPN_ST_002,18.61,98.9988
2026-05-04 23:00:00,2026-05-04,23,Lamphun,Mueang Lamphun,Umong,38.99,62.16,32.93,33.86,64.6,33.44,LPN_ST_002,18.61,98.9988
2026-05-05 00:00:00,2026-05-05,0,Lamphun,Mueang Lamphun,Umong,35.66,42.55,30.68,31.76,65.51,31.23,LPN_ST_002,18.61,98.9988
2026-05-05 01:00:00,2026-05-05,1,Lamphun,Mueang Lamphun,Umong,44.22,55.77,30.6,31.48,65.79,31.15,LPN_ST_002,18.61,98.9988
2026-05-05 02:00:00,2026-05-05,2,Lamphun,Mueang Lamphun,Umong,55.13,61.77,30.77,31.77,62.47,31.21,LPN_ST_002,18.61,98.9988
2026-05-05 03:00:00,2026-05-05,3,Lamphun,Mueang Lamphun,Umong,56.83,64.17,29.78,30.76,70.49,30.49,LPN_ST_002,18.61,98.9988
2026-05-05 04:00:00,2026-05-05,4,Lamphun,Mueang Lamphun,Umong,71.73,85.37,29.92,30.61,65.1,30.45,LPN_ST_002,18.61,98.9988
2026-05-05 05:00:00,2026-05-05,5,Lamphun,Mueang Lamphun,Umong,79.86,104.84,28.52,29.72,66.13,29.08,LPN_ST_002,18.61,98.9988
2026-05-05 06:00:00,2026-05-05,6,Lamphun,Mueang Lamphun,Umong,104.64,128.32,28.89,30.58,68.31,29.53,LPN_ST_002,18.61,98.9988
2026-05-05 07:00:00,2026-05-05,7,Lamphun,Mueang Lamphun,Umong,110.55,134.7,29.71,30.37,69.5,30.39,LPN_ST_002,18.61,98.9988
2026-05-05 08:00:00,2026-05-05,8,Lamphun,Mueang Lamphun,Umong,116.91,137.4,31.72,33.16,62.23,32.15,LPN_ST_002,18.61,98.9988
2026-05-05 09:00:00,2026-05-05,9,Lamphun,Mueang Lamphun,Umong,114.33,129.62,31.75,32.72,59.92,32.1,LPN_ST_002,18.61,98.9988
2026-05-05 10:00:00,2026-05-05,10,Lamphun,Mueang Lamphun,Umong,102.08,121.35,34.07,35.85,53.91,34.21,LPN_ST_002,18.61,98.9988
2026-05-05 11:00:00,2026-05-05,11,Lamphun,Mueang Lamphun,Umong,94.0,112.45,34.41,35.09,58.69,34.72,LPN_ST_002,18.61,98.9988
2026-05-05 12:00:00,2026-05-05,12,Lamphun,Mueang Lamphun,Umong,69.85,74.96,36.32,36.84,56.89,36.56,LPN_ST_002,18.61,98.9988
2026-05-05 13:00:00,2026-05-05,13,Lamphun,Mueang Lamphun,Umong,69.16,91.69,36.12,36.7,49.25,36.12,LPN_ST_002,18.61,98.9988
2026-05-05 14:00:00,2026-05-05,14,Lamphun,Mueang Lamphun,Umong,57.93,80.52,37.06,38.26,54.25,37.21,LPN_ST_002,18.61,98.9988
2026-05-05 15:00:00,2026-05-05,15,Lamphun,Mueang Lamphun,Umong,59.11,77.91,36.75,37.42,52.92,36.86,LPN_ST_002,18.61,98.9988
2026-05-05 16:00:00,2026-05-05,16,Lamphun,Mueang Lamphun,Umong,56.56,81.48,36.65,37.08,48.55,36.65,LPN_ST_002,18.61,98.9988
2026-05-05 17:00:00,2026-05-05,17,Lamphun,Mueang Lamphun,Umong,56.1,65.25,35.71,36.18,55.74,35.91,LPN_ST_002,18.61,98.9988
2026-05-05 18:00:00,2026-05-05,18,Lamphun,Mueang Lamphun,Umong,48.7,69.34,35.68,36.47,59.29,36.0,LPN_ST_002,18.61,98.9988
2026-05-05 19:00:00,2026-05-05,19,Lamphun,Mueang Lamphun,Umong,51.29,74.46,35.59,37.35,55.86,35.8,LPN_ST_002,18.61,98.9988
2026-05-05 20:00:00,2026-05-05,20,Lamphun,Mueang Lamphun,Umong,43.74,66.32,34.68,35.34,61.63,35.08,LPN_ST_002,18.61,98.9988
2026-05-05 21:00:00,2026-05-05,21,Lamphun,Mueang Lamphun,Umong,46.04,57.33,33.0,34.79,57.19,33.25,LPN_ST_002,18.61,98.9988
2026-05-05 22:00:00,2026-05-05,22,Lamphun,Mueang Lamphun,Umong,34.01,40.89,32.78,33.85,57.17,33.03,LPN_ST_002,18.61,98.9988
2026-05-05 23:00:00,2026-05-05,23,Lamphun,Mueang Lamphun,Umong,38.95,57.45,32.12,32.61,60.77,32.5,LPN_ST_002,18.61,98.9988
2026-05-06 00:00:00,2026-05-06,0,Lamphun,Mueang Lamphun,Umong,30.5,55.31,30.96,32.73,59.13,31.28,LPN_ST_002,18.61,98.9988
2026-05-06 01:00:00,2026-05-06,1,Lamphun,Mueang Lamphun,Umong,41.26,55.97,31.34,32.61,64.74,31.86,LPN_ST_002,18.61,98.9988
2026-05-06 02:00:00,2026-05-06,2,Lamphun,Mueang Lamphun,Umong,44.98,63.96,30.55,31.55,67.02,31.14,LPN_ST_002,18.61,98.9988
2026-05-06 03:00:00,2026-05-06,3,Lamphun,Mueang Lamphun,Umong,50.0,57.06,29.18,30.83,66.49,29.76,LPN_ST_002,18.61,98.9988
2026-05-06 04:00:00,2026-05-06,4,Lamphun,Mueang Lamphun,Umong,62.78,85.08,29.03,30.22,70.81,29.76,LPN_ST_002,18.61,98.9988
2026-05-06 05:00:00,2026-05-06,5,Lamphun,Mueang Lamphun,Umong,76.74,90.9,28.66,29.64,71.02,29.4,LPN_ST_002,18.61,98.9988
2026-05-06 06:00:00,2026-05-06,6,Lamphun,Mueang Lamphun,Umong,79.01,87.88,29.16,30.8,70.55,29.88,LPN_ST_002,18.61,98.9988
2026-05-06 07:00:00,2026-05-06,7,Lamphun,Mueang Lamphun,Umong,92.51,97.64,30.18,31.78,66.79,30.77,LPN_ST_002,18.61,98.9988
2026-05-06 08:00:00,2026-05-06,8,Lamphun,Mueang Lamphun,Umong,96.33,120.83,32.07,33.86,59.25,32.4,LPN_ST_002,18.61,98.9988
2026-05-06 09:00:00,2026-05-06,9,Lamphun,Mueang Lamphun,Umong,97.91,121.62,32.87,33.52,62.64,33.32,LPN_ST_002,18.61,98.9988
2026-05-06 10:00:00,2026-05-06,10,Lamphun,Mueang Lamphun,Umong,82.83,102.87,33.32,35.01,56.35,33.54,LPN_ST_002,18.61,98.9988
2026-05-06 11:00:00,2026-05-06,11,Lamphun,Mueang Lamphun,Umong,74.64,91.69,35.29,35.84,55.56,35.48,LPN_ST_002,18.61,98.9988
2026-05-06 12:00:00,2026-05-06,12,Lamphun,Mueang Lamphun,Umong,62.53,76.82,35.36,36.28,60.21,35.72,LPN_ST_002,18.61,98.9988
2026-05-06 13:00:00,2026-05-06,13,Lamphun,Mueang Lamphun,Umong,56.42,69.38,37.04,37.59,53.63,37.17,LPN_ST_002,18.61,98.9988
2026-05-06 14:00:00,2026-05-06,14,Lamphun,Mueang Lamphun,Umong,55.0,75.92,37.36,38.64,50.92,37.39,LPN_ST_002,18.61,98.9988
2026-05-06 15:00:00,2026-05-06,15,Lamphun,Mueang Lamphun,Umong,46.5,60.86,36.4,37.85,48.88,36.4,LPN_ST_002,18.61,98.9988
2026-05-06 16:00:00,2026-05-06,16,Lamphun,Mueang Lamphun,Umong,41.34,62.71,37.47,38.33,53.86,37.61,LPN_ST_002,18.61,98.9988
2026-05-06 17:00:00,2026-05-06,17,Lamphun,Mueang Lamphun,Umong,37.2,56.35,36.16,37.09,53.01,36.27,LPN_ST_002,18.61,98.9988
2026-05-06 18:00:00,2026-05-06,18,Lamphun,Mueang Lamphun,Umong,38.33,46.98,35.43,37.12,54.96,35.6,LPN_ST_002,18.61,98.9988
2026-05-06 19:00:00,2026-05-06,19,Lamphun,Mueang Lamphun,Umong,44.08,65.65,34.23,34.83,55.34,34.42,LPN_ST_002,18.61,98.9988
2026-05-06 20:00:00,2026-05-06,20,Lamphun,Mueang Lamphun,Umong,41.79,50.04,34.3,35.76,52.86,34.4,LPN_ST_002,18.61,98.9988
2026-05-06 21:00:00,2026-05-06,21,Lamphun,Mueang Lamphun,Umong,41.77,59.41,33.09,34.57,58.16,33.38,LPN_ST_002,18.61,98.9988
2026-05-06 22:00:00,2026-05-06,22,Lamphun,Mueang Lamphun,Umong,41.86,65.18,32.73,34.37,62.11,33.16,LPN_ST_002,18.61,98.9988
2026-05-06 23:00:00,2026-05-06,23,Lamphun,Mueang Lamphun,Umong,34.7,41.21,32.3,32.77,57.63,32.57,LPN_ST_002,18.61,98.9988
2026-05-07 00:00:00,2026-05-07,0,Lamphun,Mueang Lamphun,Umong,21.02,28.68,31.76,32.53,66.91,32.35,LPN_ST_002,18.61,98.9988
2026-05-07 01:00:00,2026-05-07,1,Lamphun,Mueang Lamphun,Umong,36.47,51.51,30.71,31.8,68.21,31.35,LPN_ST_002,18.61,98.9988
2026-05-07 02:00:00,2026-05-07,2,Lamphun,Mueang Lamphun,Umong,36.28,48.99,29.89,30.59,62.47,30.32,LPN_ST_002,18.61,98.9988
2026-05-07 03:00:00,2026-05-07,3,Lamphun,Mueang Lamphun,Umong,37.37,46.75,29.06,30.14,63.89,29.55,LPN_ST_002,18.61,98.9988
2026-05-07 04:00:00,2026-05-07,4,Lamphun,Mueang Lamphun,Umong,40.85,50.68,29.62,30.61,63.9,30.11,LPN_ST_002,18.61,98.9988
2026-05-07 05:00:00,2026-05-07,5,Lamphun,Mueang Lamphun,Umong,63.92,88.75,29.17,30.39,72.6,29.96,LPN_ST_002,18.61,98.9988
2026-05-07 06:00:00,2026-05-07,6,Lamphun,Mueang Lamphun,Umong,67.99,73.71,28.9,29.68,66.78,29.49,LPN_ST_002,18.61,98.9988
2026-05-07 07:00:00,2026-05-07,7,Lamphun,Mueang Lamphun,Umong,78.41,93.18,30.4,31.91,69.0,31.06,LPN_ST_002,18.61,98.9988
2026-05-07 08:00:00,2026-05-07,8,Lamphun,Mueang Lamphun,Umong,82.84,93.74,31.56,32.63,63.45,32.03,LPN_ST_002,18.61,98.9988
2026-05-07 09:00:00,2026-05-07,9,Lamphun,Mueang Lamphun,Umong,79.4,93.31,31.74,33.52,59.13,32.06,LPN_ST_002,18.61,98.9988
2026-05-07 10:00:00,2026-05-07,10,Lamphun,Mueang Lamphun,Umong,67.38,81.86,34.03,34.83,58.8,34.33,LPN_ST_002,18.61,98.9988
2026-05-07 11:00:00,2026-05-07,11,Lamphun,Mueang Lamphun,Umong,59.41,73.88,35.18,35.76,55.9,35.39,LPN_ST_002,18.61,98.9988
2026-05-07 12:00:00,2026-05-07,12,Lamphun,Mueang Lamphun,Umong,52.0,68.71,36.2,36.87,50.04,36.2,LPN_ST_002,18.61,98.9988
2026-05-07 13:00:00,2026-05-07,13,Lamphun,Mueang Lamphun,Umong,46.7,66.89,36.16,37.76,53.79,36.29,LPN_ST_002,18.61,98.9988
2026-05-07 14:00:00,2026-05-07,14,Lamphun,Mueang Lamphun,Umong,44.04,64.77,37.02,37.63,48.39,37.02,LPN_ST_002,18.61,98.9988
2026-05-07 15:00:00,2026-05-07,15,Lamphun,Mueang Lamphun,Umong,37.61,60.03,37.21,37.83,49.63,37.21,LPN_ST_002,18.61,98.9988
2026-05-07 16:00:00,2026-05-07,16,Lamphun,Mueang Lamphun,Umong,37.27,54.19,36.13,36.79,55.99,36.34,LPN_ST_002,18.61,98.9988
2026-05-07 17:00:00,2026-05-07,17,Lamphun,Mueang Lamphun,Umong,34.31,44.55,36.62,37.3,56.34,36.84,LPN_ST_002,18.61,98.9988
2026-05-07 18:00:00,2026-05-07,18,Lamphun,Mueang Lamphun,Umong,30.95,43.88,35.45,36.44,55.3,35.64,LPN_ST_002,18.61,98.9988
2026-05-07 19:00:00,2026-05-07,19,Lamphun,Mueang Lamphun,Umong,29.16,44.5,35.74,37.02,53.56,35.87,LPN_ST_002,18.61,98.9988
2026-05-07 20:00:00,2026-05-07,20,Lamphun,Mueang Lamphun,Umong,24.33,30.25,34.18,35.2,61.29,34.57,LPN_ST_002,18.61,98.9988
2026-05-07 21:00:00,2026-05-07,21,Lamphun,Mueang Lamphun,Umong,24.51,34.91,34.17,35.44,60.89,34.55,LPN_ST_002,18.61,98.9988
2026-05-07 22:00:00,2026-05-07,22,Lamphun,Mueang Lamphun,Umong,27.4,48.32,33.24,34.25,61.48,33.64,LPN_ST_002,18.61,98.9988
2026-05-07 23:00:00,2026-05-07,23,Lamphun,Mueang Lamphun,Umong,34.1,57.13,32.22,33.6,65.96,32.77,LPN_ST_002,18.61,98.9988
